[2026-04-19 15:48:10] local.ERROR: The E:\EliteMark\base-api\bootstrap\cache directory must be present and writable. {"exception":"[object] (Exception(code: 0): The E:\\EliteMark\\base-api\\bootstrap\\cache directory must be present and writable. at E:/EliteMark/base-api/vendor/laravel/framework/src/Illuminate/Foundation/PackageManifest.php:179)
[stacktrace]
#0 E:/EliteMark/base-api/vendor/laravel/framework/src/Illuminate/Foundation/PackageManifest.php(132): Illuminate/Foundation/PackageManifest->write(Array)
#1 E:/EliteMark/base-api/vendor/laravel/framework/src/Illuminate/Foundation/PackageManifest.php(108): Illuminate/Foundation/PackageManifest->build()
#2 E:/EliteMark/base-api/vendor/laravel/framework/src/Illuminate/Foundation/PackageManifest.php(91): Illuminate/Foundation/PackageManifest->getManifest()
#3 E:/EliteMark/base-api/vendor/laravel/framework/src/Illuminate/Foundation/PackageManifest.php(80): Illuminate/Foundation/PackageManifest->config('aliases')
#4 E:/EliteMark/base-api/vendor/laravel/framework/src/Illuminate/Foundation/Bootstrap/RegisterFacades.php(26): Illuminate/Foundation/PackageManifest->aliases()
#5 E:/EliteMark/base-api/vendor/laravel/framework/src/Illuminate/Foundation/Application.php(342): Illuminate/Foundation/Bootstrap/RegisterFacades->bootstrap(Object(Illuminate/Foundation/Application))
#6 E:/EliteMark/base-api/vendor/laravel/framework/src/Illuminate/Foundation/Console/Kernel.php(474): Illuminate/Foundation/Application->bootstrapWith(Array)
#7 E:/EliteMark/base-api/vendor/laravel/framework/src/Illuminate/Foundation/Console/Kernel.php(196): Illuminate/Foundation/Console/Kernel->bootstrap()
#8 E:/EliteMark/base-api/vendor/laravel/framework/src/Illuminate/Foundation/Application.php(1235): Illuminate/Foundation/Console/Kernel->handle(Object(Symfony/Component/Console/Input/ArgvInput), Object(Symfony/Component/Console/Output/ConsoleOutput))
#9 E:/EliteMark/base-api/artisan(16): Illuminate/Foundation/Application->handleCommand(Object(Symfony/Component/Console/Input/ArgvInput))
#10 {main}
"} 
[2026-04-19 15:51:36] local.ERROR: SQLSTATE[HY000]: General error: 1005 Can't create table `laravel_api`.`menu_role` (errno: 150 "Foreign key constraint is incorrectly formed") (Connection: mysql, SQL: alter table `menu_role` add constraint `menu_role_role_id_foreign` foreign key (`role_id`) references `roles` (`id`) on delete cascade) {"exception":"[object] (Illuminate\\Database\\QueryException(code: HY000): SQLSTATE[HY000]: General error: 1005 Can't create table `laravel_api`.`menu_role` (errno: 150 \"Foreign key constraint is incorrectly formed\") (Connection: mysql, SQL: alter table `menu_role` add constraint `menu_role_role_id_foreign` foreign key (`role_id`) references `roles` (`id`) on delete cascade) at E:/EliteMark/base-api/vendor/laravel/framework/src/Illuminate/Database/Connection.php:825)
[stacktrace]
#0 E:/EliteMark/base-api/vendor/laravel/framework/src/Illuminate/Database/Connection.php(779): Illuminate/Database/Connection->runQueryCallback('alter table `me...', Array, Object(Closure))
#1 E:/EliteMark/base-api/vendor/laravel/framework/src/Illuminate/Database/Connection.php(560): Illuminate/Database/Connection->run('alter table `me...', Array, Object(Closure))
#2 E:/EliteMark/base-api/vendor/laravel/framework/src/Illuminate/Database/Schema/Blueprint.php(118): Illuminate/Database/Connection->statement('alter table `me...')
#3 E:/EliteMark/base-api/vendor/laravel/framework/src/Illuminate/Database/Schema/Builder.php(564): Illuminate/Database/Schema/Blueprint->build(Object(Illuminate/Database/MySqlConnection), Object(Illuminate/Database/Schema/Grammars/MySqlGrammar))
#4 E:/EliteMark/base-api/vendor/laravel/framework/src/Illuminate/Database/Schema/Builder.php(418): Illuminate/Database/Schema/Builder->build(Object(Illuminate/Database/Schema/Blueprint))
#5 E:/EliteMark/base-api/vendor/laravel/framework/src/Illuminate/Support/Facades/Facade.php(361): Illuminate/Database/Schema/Builder->create('menu_role', Object(Closure))
#6 E:/EliteMark/base-api/database/migrations/2024_01_01_000003_create_menus_table.php(38): Illuminate/Support/Facades/Facade::__callStatic('create', Array)
#7 E:/EliteMark/base-api/vendor/laravel/framework/src/Illuminate/Database/Migrations/Migrator.php(507): Illuminate/Database/Migrations/Migration@anonymous->up()
#8 E:/EliteMark/base-api/vendor/laravel/framework/src/Illuminate/Database/Migrations/Migrator.php(432): Illuminate/Database/Migrations/Migrator->runMethod(Object(Illuminate/Database/MySqlConnection), Object(Illuminate/Database/Migrations/Migration@anonymous), 'up')
#9 E:/EliteMark/base-api/vendor/laravel/framework/src/Illuminate/Database/Migrations/Migrator.php(441): Illuminate/Database/Migrations/Migrator->Illuminate/Database/Migrations/{closure}()
#10 E:/EliteMark/base-api/vendor/laravel/framework/src/Illuminate/Database/Migrations/Migrator.php(244): Illuminate/Database/Migrations/Migrator->runMigration(Object(Illuminate/Database/Migrations/Migration@anonymous), 'up')
#11 E:/EliteMark/base-api/vendor/laravel/framework/src/Illuminate/Console/View/Components/Task.php(40): Illuminate/Database/Migrations/Migrator->Illuminate/Database/Migrations/{closure}()
#12 E:/EliteMark/base-api/vendor/laravel/framework/src/Illuminate/Database/Migrations/Migrator.php(798): Illuminate/Console/View/Components/Task->render('2024_01_01_0000...', Object(Closure))
#13 E:/EliteMark/base-api/vendor/laravel/framework/src/Illuminate/Database/Migrations/Migrator.php(244): Illuminate/Database/Migrations/Migrator->write('Illuminate//Cons...', '2024_01_01_0000...', Object(Closure))
#14 E:/EliteMark/base-api/vendor/laravel/framework/src/Illuminate/Database/Migrations/Migrator.php(211): Illuminate/Database/Migrations/Migrator->runUp('E://EliteMark//ba...', 1, false)
#15 E:/EliteMark/base-api/vendor/laravel/framework/src/Illuminate/Database/Migrations/Migrator.php(138): Illuminate/Database/Migrations/Migrator->runPending(Array, Array)
#16 E:/EliteMark/base-api/vendor/laravel/framework/src/Illuminate/Database/Console/Migrations/MigrateCommand.php(117): Illuminate/Database/Migrations/Migrator->run(Array, Array)
#17 E:/EliteMark/base-api/vendor/laravel/framework/src/Illuminate/Database/Migrations/Migrator.php(658): Illuminate/Database/Console/Migrations/MigrateCommand->Illuminate/Database/Console/Migrations/{closure}()
#18 E:/EliteMark/base-api/vendor/laravel/framework/src/Illuminate/Database/Console/Migrations/MigrateCommand.php(110): Illuminate/Database/Migrations/Migrator->usingConnection(NULL, Object(Closure))
#19 E:/EliteMark/base-api/vendor/laravel/framework/src/Illuminate/Database/Console/Migrations/MigrateCommand.php(89): Illuminate/Database/Console/Migrations/MigrateCommand->runMigrations()
#20 E:/EliteMark/base-api/vendor/laravel/framework/src/Illuminate/Container/BoundMethod.php(36): Illuminate/Database/Console/Migrations/MigrateCommand->handle()
#21 E:/EliteMark/base-api/vendor/laravel/framework/src/Illuminate/Container/Util.php(43): Illuminate/Container/BoundMethod::Illuminate/Container/{closure}()
#22 E:/EliteMark/base-api/vendor/laravel/framework/src/Illuminate/Container/BoundMethod.php(95): Illuminate/Container/Util::unwrapIfClosure(Object(Closure))
#23 E:/EliteMark/base-api/vendor/laravel/framework/src/Illuminate/Container/BoundMethod.php(35): Illuminate/Container/BoundMethod::callBoundMethod(Object(Illuminate/Foundation/Application), Array, Object(Closure))
#24 E:/EliteMark/base-api/vendor/laravel/framework/src/Illuminate/Container/Container.php(696): Illuminate/Container/BoundMethod::call(Object(Illuminate/Foundation/Application), Array, Array, NULL)
#25 E:/EliteMark/base-api/vendor/laravel/framework/src/Illuminate/Console/Command.php(213): Illuminate/Container/Container->call(Array)
#26 E:/EliteMark/base-api/vendor/symfony/console/Command/Command.php(341): Illuminate/Console/Command->execute(Object(Symfony/Component/Console/Input/ArgvInput), Object(Illuminate/Console/OutputStyle))
#27 E:/EliteMark/base-api/vendor/laravel/framework/src/Illuminate/Console/Command.php(182): Symfony/Component/Console/Command/Command->run(Object(Symfony/Component/Console/Input/ArgvInput), Object(Illuminate/Console/OutputStyle))
#28 E:/EliteMark/base-api/vendor/symfony/console/Application.php(1117): Illuminate/Console/Command->run(Object(Symfony/Component/Console/Input/ArgvInput), Object(Symfony/Component/Console/Output/ConsoleOutput))
#29 E:/EliteMark/base-api/vendor/symfony/console/Application.php(356): Symfony/Component/Console/Application->doRunCommand(Object(Illuminate/Database/Console/Migrations/MigrateCommand), Object(Symfony/Component/Console/Input/ArgvInput), Object(Symfony/Component/Console/Output/ConsoleOutput))
#30 E:/EliteMark/base-api/vendor/symfony/console/Application.php(195): Symfony/Component/Console/Application->doRun(Object(Symfony/Component/Console/Input/ArgvInput), Object(Symfony/Component/Console/Output/ConsoleOutput))
#31 E:/EliteMark/base-api/vendor/laravel/framework/src/Illuminate/Foundation/Console/Kernel.php(198): Symfony/Component/Console/Application->run(Object(Symfony/Component/Console/Input/ArgvInput), Object(Symfony/Component/Console/Output/ConsoleOutput))
#32 E:/EliteMark/base-api/vendor/laravel/framework/src/Illuminate/Foundation/Application.php(1235): Illuminate/Foundation/Console/Kernel->handle(Object(Symfony/Component/Console/Input/ArgvInput), Object(Symfony/Component/Console/Output/ConsoleOutput))
#33 E:/EliteMark/base-api/artisan(16): Illuminate/Foundation/Application->handleCommand(Object(Symfony/Component/Console/Input/ArgvInput))
#34 {main}

[previous exception] [object] (PDOException(code: HY000): SQLSTATE[HY000]: General error: 1005 Can't create table `laravel_api`.`menu_role` (errno: 150 \"Foreign key constraint is incorrectly formed\") at E:/EliteMark/base-api/vendor/laravel/framework/src/Illuminate/Database/Connection.php:571)
[stacktrace]
#0 E:/EliteMark/base-api/vendor/laravel/framework/src/Illuminate/Database/Connection.php(571): PDOStatement->execute()
#1 E:/EliteMark/base-api/vendor/laravel/framework/src/Illuminate/Database/Connection.php(812): Illuminate/Database/Connection->Illuminate/Database/{closure}('alter table `me...', Array)
#2 E:/EliteMark/base-api/vendor/laravel/framework/src/Illuminate/Database/Connection.php(779): Illuminate/Database/Connection->runQueryCallback('alter table `me...', Array, Object(Closure))
#3 E:/EliteMark/base-api/vendor/laravel/framework/src/Illuminate/Database/Connection.php(560): Illuminate/Database/Connection->run('alter table `me...', Array, Object(Closure))
#4 E:/EliteMark/base-api/vendor/laravel/framework/src/Illuminate/Database/Schema/Blueprint.php(118): Illuminate/Database/Connection->statement('alter table `me...')
#5 E:/EliteMark/base-api/vendor/laravel/framework/src/Illuminate/Database/Schema/Builder.php(564): Illuminate/Database/Schema/Blueprint->build(Object(Illuminate/Database/MySqlConnection), Object(Illuminate/Database/Schema/Grammars/MySqlGrammar))
#6 E:/EliteMark/base-api/vendor/laravel/framework/src/Illuminate/Database/Schema/Builder.php(418): Illuminate/Database/Schema/Builder->build(Object(Illuminate/Database/Schema/Blueprint))
#7 E:/EliteMark/base-api/vendor/laravel/framework/src/Illuminate/Support/Facades/Facade.php(361): Illuminate/Database/Schema/Builder->create('menu_role', Object(Closure))
#8 E:/EliteMark/base-api/database/migrations/2024_01_01_000003_create_menus_table.php(38): Illuminate/Support/Facades/Facade::__callStatic('create', Array)
#9 E:/EliteMark/base-api/vendor/laravel/framework/src/Illuminate/Database/Migrations/Migrator.php(507): Illuminate/Database/Migrations/Migration@anonymous->up()
#10 E:/EliteMark/base-api/vendor/laravel/framework/src/Illuminate/Database/Migrations/Migrator.php(432): Illuminate/Database/Migrations/Migrator->runMethod(Object(Illuminate/Database/MySqlConnection), Object(Illuminate/Database/Migrations/Migration@anonymous), 'up')
#11 E:/EliteMark/base-api/vendor/laravel/framework/src/Illuminate/Database/Migrations/Migrator.php(441): Illuminate/Database/Migrations/Migrator->Illuminate/Database/Migrations/{closure}()
#12 E:/EliteMark/base-api/vendor/laravel/framework/src/Illuminate/Database/Migrations/Migrator.php(244): Illuminate/Database/Migrations/Migrator->runMigration(Object(Illuminate/Database/Migrations/Migration@anonymous), 'up')
#13 E:/EliteMark/base-api/vendor/laravel/framework/src/Illuminate/Console/View/Components/Task.php(40): Illuminate/Database/Migrations/Migrator->Illuminate/Database/Migrations/{closure}()
#14 E:/EliteMark/base-api/vendor/laravel/framework/src/Illuminate/Database/Migrations/Migrator.php(798): Illuminate/Console/View/Components/Task->render('2024_01_01_0000...', Object(Closure))
#15 E:/EliteMark/base-api/vendor/laravel/framework/src/Illuminate/Database/Migrations/Migrator.php(244): Illuminate/Database/Migrations/Migrator->write('Illuminate//Cons...', '2024_01_01_0000...', Object(Closure))
#16 E:/EliteMark/base-api/vendor/laravel/framework/src/Illuminate/Database/Migrations/Migrator.php(211): Illuminate/Database/Migrations/Migrator->runUp('E://EliteMark//ba...', 1, false)
#17 E:/EliteMark/base-api/vendor/laravel/framework/src/Illuminate/Database/Migrations/Migrator.php(138): Illuminate/Database/Migrations/Migrator->runPending(Array, Array)
#18 E:/EliteMark/base-api/vendor/laravel/framework/src/Illuminate/Database/Console/Migrations/MigrateCommand.php(117): Illuminate/Database/Migrations/Migrator->run(Array, Array)
#19 E:/EliteMark/base-api/vendor/laravel/framework/src/Illuminate/Database/Migrations/Migrator.php(658): Illuminate/Database/Console/Migrations/MigrateCommand->Illuminate/Database/Console/Migrations/{closure}()
#20 E:/EliteMark/base-api/vendor/laravel/framework/src/Illuminate/Database/Console/Migrations/MigrateCommand.php(110): Illuminate/Database/Migrations/Migrator->usingConnection(NULL, Object(Closure))
#21 E:/EliteMark/base-api/vendor/laravel/framework/src/Illuminate/Database/Console/Migrations/MigrateCommand.php(89): Illuminate/Database/Console/Migrations/MigrateCommand->runMigrations()
#22 E:/EliteMark/base-api/vendor/laravel/framework/src/Illuminate/Container/BoundMethod.php(36): Illuminate/Database/Console/Migrations/MigrateCommand->handle()
#23 E:/EliteMark/base-api/vendor/laravel/framework/src/Illuminate/Container/Util.php(43): Illuminate/Container/BoundMethod::Illuminate/Container/{closure}()
#24 E:/EliteMark/base-api/vendor/laravel/framework/src/Illuminate/Container/BoundMethod.php(95): Illuminate/Container/Util::unwrapIfClosure(Object(Closure))
#25 E:/EliteMark/base-api/vendor/laravel/framework/src/Illuminate/Container/BoundMethod.php(35): Illuminate/Container/BoundMethod::callBoundMethod(Object(Illuminate/Foundation/Application), Array, Object(Closure))
#26 E:/EliteMark/base-api/vendor/laravel/framework/src/Illuminate/Container/Container.php(696): Illuminate/Container/BoundMethod::call(Object(Illuminate/Foundation/Application), Array, Array, NULL)
#27 E:/EliteMark/base-api/vendor/laravel/framework/src/Illuminate/Console/Command.php(213): Illuminate/Container/Container->call(Array)
#28 E:/EliteMark/base-api/vendor/symfony/console/Command/Command.php(341): Illuminate/Console/Command->execute(Object(Symfony/Component/Console/Input/ArgvInput), Object(Illuminate/Console/OutputStyle))
#29 E:/EliteMark/base-api/vendor/laravel/framework/src/Illuminate/Console/Command.php(182): Symfony/Component/Console/Command/Command->run(Object(Symfony/Component/Console/Input/ArgvInput), Object(Illuminate/Console/OutputStyle))
#30 E:/EliteMark/base-api/vendor/symfony/console/Application.php(1117): Illuminate/Console/Command->run(Object(Symfony/Component/Console/Input/ArgvInput), Object(Symfony/Component/Console/Output/ConsoleOutput))
#31 E:/EliteMark/base-api/vendor/symfony/console/Application.php(356): Symfony/Component/Console/Application->doRunCommand(Object(Illuminate/Database/Console/Migrations/MigrateCommand), Object(Symfony/Component/Console/Input/ArgvInput), Object(Symfony/Component/Console/Output/ConsoleOutput))
#32 E:/EliteMark/base-api/vendor/symfony/console/Application.php(195): Symfony/Component/Console/Application->doRun(Object(Symfony/Component/Console/Input/ArgvInput), Object(Symfony/Component/Console/Output/ConsoleOutput))
#33 E:/EliteMark/base-api/vendor/laravel/framework/src/Illuminate/Foundation/Console/Kernel.php(198): Symfony/Component/Console/Application->run(Object(Symfony/Component/Console/Input/ArgvInput), Object(Symfony/Component/Console/Output/ConsoleOutput))
#34 E:/EliteMark/base-api/vendor/laravel/framework/src/Illuminate/Foundation/Application.php(1235): Illuminate/Foundation/Console/Kernel->handle(Object(Symfony/Component/Console/Input/ArgvInput), Object(Symfony/Component/Console/Output/ConsoleOutput))
#35 E:/EliteMark/base-api/artisan(16): Illuminate/Foundation/Application->handleCommand(Object(Symfony/Component/Console/Input/ArgvInput))
#36 {main}
"} 
[2026-04-20 01:03:24] local.ERROR: SQLSTATE[HY000]: General error: 1005 Can't create table `laravel_api`.`menu_role` (errno: 150 "Foreign key constraint is incorrectly formed") (Connection: mysql, SQL: alter table `menu_role` add constraint `menu_role_role_id_foreign` foreign key (`role_id`) references `roles` (`id`) on delete cascade) {"exception":"[object] (Illuminate\\Database\\QueryException(code: HY000): SQLSTATE[HY000]: General error: 1005 Can't create table `laravel_api`.`menu_role` (errno: 150 \"Foreign key constraint is incorrectly formed\") (Connection: mysql, SQL: alter table `menu_role` add constraint `menu_role_role_id_foreign` foreign key (`role_id`) references `roles` (`id`) on delete cascade) at E:/EliteMark/base-api/vendor/laravel/framework/src/Illuminate/Database/Connection.php:825)
[stacktrace]
#0 E:/EliteMark/base-api/vendor/laravel/framework/src/Illuminate/Database/Connection.php(779): Illuminate/Database/Connection->runQueryCallback('alter table `me...', Array, Object(Closure))
#1 E:/EliteMark/base-api/vendor/laravel/framework/src/Illuminate/Database/Connection.php(560): Illuminate/Database/Connection->run('alter table `me...', Array, Object(Closure))
#2 E:/EliteMark/base-api/vendor/laravel/framework/src/Illuminate/Database/Schema/Blueprint.php(118): Illuminate/Database/Connection->statement('alter table `me...')
#3 E:/EliteMark/base-api/vendor/laravel/framework/src/Illuminate/Database/Schema/Builder.php(564): Illuminate/Database/Schema/Blueprint->build(Object(Illuminate/Database/MySqlConnection), Object(Illuminate/Database/Schema/Grammars/MySqlGrammar))
#4 E:/EliteMark/base-api/vendor/laravel/framework/src/Illuminate/Database/Schema/Builder.php(418): Illuminate/Database/Schema/Builder->build(Object(Illuminate/Database/Schema/Blueprint))
#5 E:/EliteMark/base-api/vendor/laravel/framework/src/Illuminate/Support/Facades/Facade.php(361): Illuminate/Database/Schema/Builder->create('menu_role', Object(Closure))
#6 E:/EliteMark/base-api/database/migrations/2024_01_01_000003_create_menus_table.php(38): Illuminate/Support/Facades/Facade::__callStatic('create', Array)
#7 E:/EliteMark/base-api/vendor/laravel/framework/src/Illuminate/Database/Migrations/Migrator.php(507): Illuminate/Database/Migrations/Migration@anonymous->up()
#8 E:/EliteMark/base-api/vendor/laravel/framework/src/Illuminate/Database/Migrations/Migrator.php(432): Illuminate/Database/Migrations/Migrator->runMethod(Object(Illuminate/Database/MySqlConnection), Object(Illuminate/Database/Migrations/Migration@anonymous), 'up')
#9 E:/EliteMark/base-api/vendor/laravel/framework/src/Illuminate/Database/Migrations/Migrator.php(441): Illuminate/Database/Migrations/Migrator->Illuminate/Database/Migrations/{closure}()
#10 E:/EliteMark/base-api/vendor/laravel/framework/src/Illuminate/Database/Migrations/Migrator.php(244): Illuminate/Database/Migrations/Migrator->runMigration(Object(Illuminate/Database/Migrations/Migration@anonymous), 'up')
#11 E:/EliteMark/base-api/vendor/laravel/framework/src/Illuminate/Console/View/Components/Task.php(40): Illuminate/Database/Migrations/Migrator->Illuminate/Database/Migrations/{closure}()
#12 E:/EliteMark/base-api/vendor/laravel/framework/src/Illuminate/Database/Migrations/Migrator.php(798): Illuminate/Console/View/Components/Task->render('2024_01_01_0000...', Object(Closure))
#13 E:/EliteMark/base-api/vendor/laravel/framework/src/Illuminate/Database/Migrations/Migrator.php(244): Illuminate/Database/Migrations/Migrator->write('Illuminate//Cons...', '2024_01_01_0000...', Object(Closure))
#14 E:/EliteMark/base-api/vendor/laravel/framework/src/Illuminate/Database/Migrations/Migrator.php(211): Illuminate/Database/Migrations/Migrator->runUp('E://EliteMark//ba...', 1, false)
#15 E:/EliteMark/base-api/vendor/laravel/framework/src/Illuminate/Database/Migrations/Migrator.php(138): Illuminate/Database/Migrations/Migrator->runPending(Array, Array)
#16 E:/EliteMark/base-api/vendor/laravel/framework/src/Illuminate/Database/Console/Migrations/MigrateCommand.php(117): Illuminate/Database/Migrations/Migrator->run(Array, Array)
#17 E:/EliteMark/base-api/vendor/laravel/framework/src/Illuminate/Database/Migrations/Migrator.php(658): Illuminate/Database/Console/Migrations/MigrateCommand->Illuminate/Database/Console/Migrations/{closure}()
#18 E:/EliteMark/base-api/vendor/laravel/framework/src/Illuminate/Database/Console/Migrations/MigrateCommand.php(110): Illuminate/Database/Migrations/Migrator->usingConnection(NULL, Object(Closure))
#19 E:/EliteMark/base-api/vendor/laravel/framework/src/Illuminate/Database/Console/Migrations/MigrateCommand.php(89): Illuminate/Database/Console/Migrations/MigrateCommand->runMigrations()
#20 E:/EliteMark/base-api/vendor/laravel/framework/src/Illuminate/Container/BoundMethod.php(36): Illuminate/Database/Console/Migrations/MigrateCommand->handle()
#21 E:/EliteMark/base-api/vendor/laravel/framework/src/Illuminate/Container/Util.php(43): Illuminate/Container/BoundMethod::Illuminate/Container/{closure}()
#22 E:/EliteMark/base-api/vendor/laravel/framework/src/Illuminate/Container/BoundMethod.php(95): Illuminate/Container/Util::unwrapIfClosure(Object(Closure))
#23 E:/EliteMark/base-api/vendor/laravel/framework/src/Illuminate/Container/BoundMethod.php(35): Illuminate/Container/BoundMethod::callBoundMethod(Object(Illuminate/Foundation/Application), Array, Object(Closure))
#24 E:/EliteMark/base-api/vendor/laravel/framework/src/Illuminate/Container/Container.php(696): Illuminate/Container/BoundMethod::call(Object(Illuminate/Foundation/Application), Array, Array, NULL)
#25 E:/EliteMark/base-api/vendor/laravel/framework/src/Illuminate/Console/Command.php(213): Illuminate/Container/Container->call(Array)
#26 E:/EliteMark/base-api/vendor/symfony/console/Command/Command.php(341): Illuminate/Console/Command->execute(Object(Symfony/Component/Console/Input/ArrayInput), Object(Illuminate/Console/OutputStyle))
#27 E:/EliteMark/base-api/vendor/laravel/framework/src/Illuminate/Console/Command.php(182): Symfony/Component/Console/Command/Command->run(Object(Symfony/Component/Console/Input/ArrayInput), Object(Illuminate/Console/OutputStyle))
#28 E:/EliteMark/base-api/vendor/laravel/framework/src/Illuminate/Console/Concerns/CallsCommands.php(68): Illuminate/Console/Command->run(Object(Symfony/Component/Console/Input/ArrayInput), Object(Illuminate/Console/OutputStyle))
#29 E:/EliteMark/base-api/vendor/laravel/framework/src/Illuminate/Console/Concerns/CallsCommands.php(29): Illuminate/Console/Command->runCommand('migrate', Array, Object(Illuminate/Console/OutputStyle))
#30 E:/EliteMark/base-api/vendor/laravel/framework/src/Illuminate/Database/Console/Migrations/FreshCommand.php(82): Illuminate/Console/Command->call('migrate', Array)
#31 E:/EliteMark/base-api/vendor/laravel/framework/src/Illuminate/Container/BoundMethod.php(36): Illuminate/Database/Console/Migrations/FreshCommand->handle()
#32 E:/EliteMark/base-api/vendor/laravel/framework/src/Illuminate/Container/Util.php(43): Illuminate/Container/BoundMethod::Illuminate/Container/{closure}()
#33 E:/EliteMark/base-api/vendor/laravel/framework/src/Illuminate/Container/BoundMethod.php(95): Illuminate/Container/Util::unwrapIfClosure(Object(Closure))
#34 E:/EliteMark/base-api/vendor/laravel/framework/src/Illuminate/Container/BoundMethod.php(35): Illuminate/Container/BoundMethod::callBoundMethod(Object(Illuminate/Foundation/Application), Array, Object(Closure))
#35 E:/EliteMark/base-api/vendor/laravel/framework/src/Illuminate/Container/Container.php(696): Illuminate/Container/BoundMethod::call(Object(Illuminate/Foundation/Application), Array, Array, NULL)
#36 E:/EliteMark/base-api/vendor/laravel/framework/src/Illuminate/Console/Command.php(213): Illuminate/Container/Container->call(Array)
#37 E:/EliteMark/base-api/vendor/symfony/console/Command/Command.php(341): Illuminate/Console/Command->execute(Object(Symfony/Component/Console/Input/ArgvInput), Object(Illuminate/Console/OutputStyle))
#38 E:/EliteMark/base-api/vendor/laravel/framework/src/Illuminate/Console/Command.php(182): Symfony/Component/Console/Command/Command->run(Object(Symfony/Component/Console/Input/ArgvInput), Object(Illuminate/Console/OutputStyle))
#39 E:/EliteMark/base-api/vendor/symfony/console/Application.php(1117): Illuminate/Console/Command->run(Object(Symfony/Component/Console/Input/ArgvInput), Object(Symfony/Component/Console/Output/ConsoleOutput))
#40 E:/EliteMark/base-api/vendor/symfony/console/Application.php(356): Symfony/Component/Console/Application->doRunCommand(Object(Illuminate/Database/Console/Migrations/FreshCommand), Object(Symfony/Component/Console/Input/ArgvInput), Object(Symfony/Component/Console/Output/ConsoleOutput))
#41 E:/EliteMark/base-api/vendor/symfony/console/Application.php(195): Symfony/Component/Console/Application->doRun(Object(Symfony/Component/Console/Input/ArgvInput), Object(Symfony/Component/Console/Output/ConsoleOutput))
#42 E:/EliteMark/base-api/vendor/laravel/framework/src/Illuminate/Foundation/Console/Kernel.php(198): Symfony/Component/Console/Application->run(Object(Symfony/Component/Console/Input/ArgvInput), Object(Symfony/Component/Console/Output/ConsoleOutput))
#43 E:/EliteMark/base-api/vendor/laravel/framework/src/Illuminate/Foundation/Application.php(1235): Illuminate/Foundation/Console/Kernel->handle(Object(Symfony/Component/Console/Input/ArgvInput), Object(Symfony/Component/Console/Output/ConsoleOutput))
#44 E:/EliteMark/base-api/artisan(16): Illuminate/Foundation/Application->handleCommand(Object(Symfony/Component/Console/Input/ArgvInput))
#45 {main}

[previous exception] [object] (PDOException(code: HY000): SQLSTATE[HY000]: General error: 1005 Can't create table `laravel_api`.`menu_role` (errno: 150 \"Foreign key constraint is incorrectly formed\") at E:/EliteMark/base-api/vendor/laravel/framework/src/Illuminate/Database/Connection.php:571)
[stacktrace]
#0 E:/EliteMark/base-api/vendor/laravel/framework/src/Illuminate/Database/Connection.php(571): PDOStatement->execute()
#1 E:/EliteMark/base-api/vendor/laravel/framework/src/Illuminate/Database/Connection.php(812): Illuminate/Database/Connection->Illuminate/Database/{closure}('alter table `me...', Array)
#2 E:/EliteMark/base-api/vendor/laravel/framework/src/Illuminate/Database/Connection.php(779): Illuminate/Database/Connection->runQueryCallback('alter table `me...', Array, Object(Closure))
#3 E:/EliteMark/base-api/vendor/laravel/framework/src/Illuminate/Database/Connection.php(560): Illuminate/Database/Connection->run('alter table `me...', Array, Object(Closure))
#4 E:/EliteMark/base-api/vendor/laravel/framework/src/Illuminate/Database/Schema/Blueprint.php(118): Illuminate/Database/Connection->statement('alter table `me...')
#5 E:/EliteMark/base-api/vendor/laravel/framework/src/Illuminate/Database/Schema/Builder.php(564): Illuminate/Database/Schema/Blueprint->build(Object(Illuminate/Database/MySqlConnection), Object(Illuminate/Database/Schema/Grammars/MySqlGrammar))
#6 E:/EliteMark/base-api/vendor/laravel/framework/src/Illuminate/Database/Schema/Builder.php(418): Illuminate/Database/Schema/Builder->build(Object(Illuminate/Database/Schema/Blueprint))
#7 E:/EliteMark/base-api/vendor/laravel/framework/src/Illuminate/Support/Facades/Facade.php(361): Illuminate/Database/Schema/Builder->create('menu_role', Object(Closure))
#8 E:/EliteMark/base-api/database/migrations/2024_01_01_000003_create_menus_table.php(38): Illuminate/Support/Facades/Facade::__callStatic('create', Array)
#9 E:/EliteMark/base-api/vendor/laravel/framework/src/Illuminate/Database/Migrations/Migrator.php(507): Illuminate/Database/Migrations/Migration@anonymous->up()
#10 E:/EliteMark/base-api/vendor/laravel/framework/src/Illuminate/Database/Migrations/Migrator.php(432): Illuminate/Database/Migrations/Migrator->runMethod(Object(Illuminate/Database/MySqlConnection), Object(Illuminate/Database/Migrations/Migration@anonymous), 'up')
#11 E:/EliteMark/base-api/vendor/laravel/framework/src/Illuminate/Database/Migrations/Migrator.php(441): Illuminate/Database/Migrations/Migrator->Illuminate/Database/Migrations/{closure}()
#12 E:/EliteMark/base-api/vendor/laravel/framework/src/Illuminate/Database/Migrations/Migrator.php(244): Illuminate/Database/Migrations/Migrator->runMigration(Object(Illuminate/Database/Migrations/Migration@anonymous), 'up')
#13 E:/EliteMark/base-api/vendor/laravel/framework/src/Illuminate/Console/View/Components/Task.php(40): Illuminate/Database/Migrations/Migrator->Illuminate/Database/Migrations/{closure}()
#14 E:/EliteMark/base-api/vendor/laravel/framework/src/Illuminate/Database/Migrations/Migrator.php(798): Illuminate/Console/View/Components/Task->render('2024_01_01_0000...', Object(Closure))
#15 E:/EliteMark/base-api/vendor/laravel/framework/src/Illuminate/Database/Migrations/Migrator.php(244): Illuminate/Database/Migrations/Migrator->write('Illuminate//Cons...', '2024_01_01_0000...', Object(Closure))
#16 E:/EliteMark/base-api/vendor/laravel/framework/src/Illuminate/Database/Migrations/Migrator.php(211): Illuminate/Database/Migrations/Migrator->runUp('E://EliteMark//ba...', 1, false)
#17 E:/EliteMark/base-api/vendor/laravel/framework/src/Illuminate/Database/Migrations/Migrator.php(138): Illuminate/Database/Migrations/Migrator->runPending(Array, Array)
#18 E:/EliteMark/base-api/vendor/laravel/framework/src/Illuminate/Database/Console/Migrations/MigrateCommand.php(117): Illuminate/Database/Migrations/Migrator->run(Array, Array)
#19 E:/EliteMark/base-api/vendor/laravel/framework/src/Illuminate/Database/Migrations/Migrator.php(658): Illuminate/Database/Console/Migrations/MigrateCommand->Illuminate/Database/Console/Migrations/{closure}()
#20 E:/EliteMark/base-api/vendor/laravel/framework/src/Illuminate/Database/Console/Migrations/MigrateCommand.php(110): Illuminate/Database/Migrations/Migrator->usingConnection(NULL, Object(Closure))
#21 E:/EliteMark/base-api/vendor/laravel/framework/src/Illuminate/Database/Console/Migrations/MigrateCommand.php(89): Illuminate/Database/Console/Migrations/MigrateCommand->runMigrations()
#22 E:/EliteMark/base-api/vendor/laravel/framework/src/Illuminate/Container/BoundMethod.php(36): Illuminate/Database/Console/Migrations/MigrateCommand->handle()
#23 E:/EliteMark/base-api/vendor/laravel/framework/src/Illuminate/Container/Util.php(43): Illuminate/Container/BoundMethod::Illuminate/Container/{closure}()
#24 E:/EliteMark/base-api/vendor/laravel/framework/src/Illuminate/Container/BoundMethod.php(95): Illuminate/Container/Util::unwrapIfClosure(Object(Closure))
#25 E:/EliteMark/base-api/vendor/laravel/framework/src/Illuminate/Container/BoundMethod.php(35): Illuminate/Container/BoundMethod::callBoundMethod(Object(Illuminate/Foundation/Application), Array, Object(Closure))
#26 E:/EliteMark/base-api/vendor/laravel/framework/src/Illuminate/Container/Container.php(696): Illuminate/Container/BoundMethod::call(Object(Illuminate/Foundation/Application), Array, Array, NULL)
#27 E:/EliteMark/base-api/vendor/laravel/framework/src/Illuminate/Console/Command.php(213): Illuminate/Container/Container->call(Array)
#28 E:/EliteMark/base-api/vendor/symfony/console/Command/Command.php(341): Illuminate/Console/Command->execute(Object(Symfony/Component/Console/Input/ArrayInput), Object(Illuminate/Console/OutputStyle))
#29 E:/EliteMark/base-api/vendor/laravel/framework/src/Illuminate/Console/Command.php(182): Symfony/Component/Console/Command/Command->run(Object(Symfony/Component/Console/Input/ArrayInput), Object(Illuminate/Console/OutputStyle))
#30 E:/EliteMark/base-api/vendor/laravel/framework/src/Illuminate/Console/Concerns/CallsCommands.php(68): Illuminate/Console/Command->run(Object(Symfony/Component/Console/Input/ArrayInput), Object(Illuminate/Console/OutputStyle))
#31 E:/EliteMark/base-api/vendor/laravel/framework/src/Illuminate/Console/Concerns/CallsCommands.php(29): Illuminate/Console/Command->runCommand('migrate', Array, Object(Illuminate/Console/OutputStyle))
#32 E:/EliteMark/base-api/vendor/laravel/framework/src/Illuminate/Database/Console/Migrations/FreshCommand.php(82): Illuminate/Console/Command->call('migrate', Array)
#33 E:/EliteMark/base-api/vendor/laravel/framework/src/Illuminate/Container/BoundMethod.php(36): Illuminate/Database/Console/Migrations/FreshCommand->handle()
#34 E:/EliteMark/base-api/vendor/laravel/framework/src/Illuminate/Container/Util.php(43): Illuminate/Container/BoundMethod::Illuminate/Container/{closure}()
#35 E:/EliteMark/base-api/vendor/laravel/framework/src/Illuminate/Container/BoundMethod.php(95): Illuminate/Container/Util::unwrapIfClosure(Object(Closure))
#36 E:/EliteMark/base-api/vendor/laravel/framework/src/Illuminate/Container/BoundMethod.php(35): Illuminate/Container/BoundMethod::callBoundMethod(Object(Illuminate/Foundation/Application), Array, Object(Closure))
#37 E:/EliteMark/base-api/vendor/laravel/framework/src/Illuminate/Container/Container.php(696): Illuminate/Container/BoundMethod::call(Object(Illuminate/Foundation/Application), Array, Array, NULL)
#38 E:/EliteMark/base-api/vendor/laravel/framework/src/Illuminate/Console/Command.php(213): Illuminate/Container/Container->call(Array)
#39 E:/EliteMark/base-api/vendor/symfony/console/Command/Command.php(341): Illuminate/Console/Command->execute(Object(Symfony/Component/Console/Input/ArgvInput), Object(Illuminate/Console/OutputStyle))
#40 E:/EliteMark/base-api/vendor/laravel/framework/src/Illuminate/Console/Command.php(182): Symfony/Component/Console/Command/Command->run(Object(Symfony/Component/Console/Input/ArgvInput), Object(Illuminate/Console/OutputStyle))
#41 E:/EliteMark/base-api/vendor/symfony/console/Application.php(1117): Illuminate/Console/Command->run(Object(Symfony/Component/Console/Input/ArgvInput), Object(Symfony/Component/Console/Output/ConsoleOutput))
#42 E:/EliteMark/base-api/vendor/symfony/console/Application.php(356): Symfony/Component/Console/Application->doRunCommand(Object(Illuminate/Database/Console/Migrations/FreshCommand), Object(Symfony/Component/Console/Input/ArgvInput), Object(Symfony/Component/Console/Output/ConsoleOutput))
#43 E:/EliteMark/base-api/vendor/symfony/console/Application.php(195): Symfony/Component/Console/Application->doRun(Object(Symfony/Component/Console/Input/ArgvInput), Object(Symfony/Component/Console/Output/ConsoleOutput))
#44 E:/EliteMark/base-api/vendor/laravel/framework/src/Illuminate/Foundation/Console/Kernel.php(198): Symfony/Component/Console/Application->run(Object(Symfony/Component/Console/Input/ArgvInput), Object(Symfony/Component/Console/Output/ConsoleOutput))
#45 E:/EliteMark/base-api/vendor/laravel/framework/src/Illuminate/Foundation/Application.php(1235): Illuminate/Foundation/Console/Kernel->handle(Object(Symfony/Component/Console/Input/ArgvInput), Object(Symfony/Component/Console/Output/ConsoleOutput))
#46 E:/EliteMark/base-api/artisan(16): Illuminate/Foundation/Application->handleCommand(Object(Symfony/Component/Console/Input/ArgvInput))
#47 {main}
"} 
[2026-04-20 01:03:30] local.ERROR: SQLSTATE[HY000]: General error: 1005 Can't create table `laravel_api`.`menu_role` (errno: 150 "Foreign key constraint is incorrectly formed") (Connection: mysql, SQL: alter table `menu_role` add constraint `menu_role_role_id_foreign` foreign key (`role_id`) references `roles` (`id`) on delete cascade) {"exception":"[object] (Illuminate\\Database\\QueryException(code: HY000): SQLSTATE[HY000]: General error: 1005 Can't create table `laravel_api`.`menu_role` (errno: 150 \"Foreign key constraint is incorrectly formed\") (Connection: mysql, SQL: alter table `menu_role` add constraint `menu_role_role_id_foreign` foreign key (`role_id`) references `roles` (`id`) on delete cascade) at E:/EliteMark/base-api/vendor/laravel/framework/src/Illuminate/Database/Connection.php:825)
[stacktrace]
#0 E:/EliteMark/base-api/vendor/laravel/framework/src/Illuminate/Database/Connection.php(779): Illuminate/Database/Connection->runQueryCallback('alter table `me...', Array, Object(Closure))
#1 E:/EliteMark/base-api/vendor/laravel/framework/src/Illuminate/Database/Connection.php(560): Illuminate/Database/Connection->run('alter table `me...', Array, Object(Closure))
#2 E:/EliteMark/base-api/vendor/laravel/framework/src/Illuminate/Database/Schema/Blueprint.php(118): Illuminate/Database/Connection->statement('alter table `me...')
#3 E:/EliteMark/base-api/vendor/laravel/framework/src/Illuminate/Database/Schema/Builder.php(564): Illuminate/Database/Schema/Blueprint->build(Object(Illuminate/Database/MySqlConnection), Object(Illuminate/Database/Schema/Grammars/MySqlGrammar))
#4 E:/EliteMark/base-api/vendor/laravel/framework/src/Illuminate/Database/Schema/Builder.php(418): Illuminate/Database/Schema/Builder->build(Object(Illuminate/Database/Schema/Blueprint))
#5 E:/EliteMark/base-api/vendor/laravel/framework/src/Illuminate/Support/Facades/Facade.php(361): Illuminate/Database/Schema/Builder->create('menu_role', Object(Closure))
#6 E:/EliteMark/base-api/database/migrations/2024_01_01_000003_create_menus_table.php(38): Illuminate/Support/Facades/Facade::__callStatic('create', Array)
#7 E:/EliteMark/base-api/vendor/laravel/framework/src/Illuminate/Database/Migrations/Migrator.php(507): Illuminate/Database/Migrations/Migration@anonymous->up()
#8 E:/EliteMark/base-api/vendor/laravel/framework/src/Illuminate/Database/Migrations/Migrator.php(432): Illuminate/Database/Migrations/Migrator->runMethod(Object(Illuminate/Database/MySqlConnection), Object(Illuminate/Database/Migrations/Migration@anonymous), 'up')
#9 E:/EliteMark/base-api/vendor/laravel/framework/src/Illuminate/Database/Migrations/Migrator.php(441): Illuminate/Database/Migrations/Migrator->Illuminate/Database/Migrations/{closure}()
#10 E:/EliteMark/base-api/vendor/laravel/framework/src/Illuminate/Database/Migrations/Migrator.php(244): Illuminate/Database/Migrations/Migrator->runMigration(Object(Illuminate/Database/Migrations/Migration@anonymous), 'up')
#11 E:/EliteMark/base-api/vendor/laravel/framework/src/Illuminate/Console/View/Components/Task.php(40): Illuminate/Database/Migrations/Migrator->Illuminate/Database/Migrations/{closure}()
#12 E:/EliteMark/base-api/vendor/laravel/framework/src/Illuminate/Database/Migrations/Migrator.php(798): Illuminate/Console/View/Components/Task->render('2024_01_01_0000...', Object(Closure))
#13 E:/EliteMark/base-api/vendor/laravel/framework/src/Illuminate/Database/Migrations/Migrator.php(244): Illuminate/Database/Migrations/Migrator->write('Illuminate//Cons...', '2024_01_01_0000...', Object(Closure))
#14 E:/EliteMark/base-api/vendor/laravel/framework/src/Illuminate/Database/Migrations/Migrator.php(211): Illuminate/Database/Migrations/Migrator->runUp('E://EliteMark//ba...', 1, false)
#15 E:/EliteMark/base-api/vendor/laravel/framework/src/Illuminate/Database/Migrations/Migrator.php(138): Illuminate/Database/Migrations/Migrator->runPending(Array, Array)
#16 E:/EliteMark/base-api/vendor/laravel/framework/src/Illuminate/Database/Console/Migrations/MigrateCommand.php(117): Illuminate/Database/Migrations/Migrator->run(Array, Array)
#17 E:/EliteMark/base-api/vendor/laravel/framework/src/Illuminate/Database/Migrations/Migrator.php(658): Illuminate/Database/Console/Migrations/MigrateCommand->Illuminate/Database/Console/Migrations/{closure}()
#18 E:/EliteMark/base-api/vendor/laravel/framework/src/Illuminate/Database/Console/Migrations/MigrateCommand.php(110): Illuminate/Database/Migrations/Migrator->usingConnection(NULL, Object(Closure))
#19 E:/EliteMark/base-api/vendor/laravel/framework/src/Illuminate/Database/Console/Migrations/MigrateCommand.php(89): Illuminate/Database/Console/Migrations/MigrateCommand->runMigrations()
#20 E:/EliteMark/base-api/vendor/laravel/framework/src/Illuminate/Container/BoundMethod.php(36): Illuminate/Database/Console/Migrations/MigrateCommand->handle()
#21 E:/EliteMark/base-api/vendor/laravel/framework/src/Illuminate/Container/Util.php(43): Illuminate/Container/BoundMethod::Illuminate/Container/{closure}()
#22 E:/EliteMark/base-api/vendor/laravel/framework/src/Illuminate/Container/BoundMethod.php(95): Illuminate/Container/Util::unwrapIfClosure(Object(Closure))
#23 E:/EliteMark/base-api/vendor/laravel/framework/src/Illuminate/Container/BoundMethod.php(35): Illuminate/Container/BoundMethod::callBoundMethod(Object(Illuminate/Foundation/Application), Array, Object(Closure))
#24 E:/EliteMark/base-api/vendor/laravel/framework/src/Illuminate/Container/Container.php(696): Illuminate/Container/BoundMethod::call(Object(Illuminate/Foundation/Application), Array, Array, NULL)
#25 E:/EliteMark/base-api/vendor/laravel/framework/src/Illuminate/Console/Command.php(213): Illuminate/Container/Container->call(Array)
#26 E:/EliteMark/base-api/vendor/symfony/console/Command/Command.php(341): Illuminate/Console/Command->execute(Object(Symfony/Component/Console/Input/ArrayInput), Object(Illuminate/Console/OutputStyle))
#27 E:/EliteMark/base-api/vendor/laravel/framework/src/Illuminate/Console/Command.php(182): Symfony/Component/Console/Command/Command->run(Object(Symfony/Component/Console/Input/ArrayInput), Object(Illuminate/Console/OutputStyle))
#28 E:/EliteMark/base-api/vendor/laravel/framework/src/Illuminate/Console/Concerns/CallsCommands.php(68): Illuminate/Console/Command->run(Object(Symfony/Component/Console/Input/ArrayInput), Object(Illuminate/Console/OutputStyle))
#29 E:/EliteMark/base-api/vendor/laravel/framework/src/Illuminate/Console/Concerns/CallsCommands.php(29): Illuminate/Console/Command->runCommand('migrate', Array, Object(Illuminate/Console/OutputStyle))
#30 E:/EliteMark/base-api/vendor/laravel/framework/src/Illuminate/Database/Console/Migrations/FreshCommand.php(82): Illuminate/Console/Command->call('migrate', Array)
#31 E:/EliteMark/base-api/vendor/laravel/framework/src/Illuminate/Container/BoundMethod.php(36): Illuminate/Database/Console/Migrations/FreshCommand->handle()
#32 E:/EliteMark/base-api/vendor/laravel/framework/src/Illuminate/Container/Util.php(43): Illuminate/Container/BoundMethod::Illuminate/Container/{closure}()
#33 E:/EliteMark/base-api/vendor/laravel/framework/src/Illuminate/Container/BoundMethod.php(95): Illuminate/Container/Util::unwrapIfClosure(Object(Closure))
#34 E:/EliteMark/base-api/vendor/laravel/framework/src/Illuminate/Container/BoundMethod.php(35): Illuminate/Container/BoundMethod::callBoundMethod(Object(Illuminate/Foundation/Application), Array, Object(Closure))
#35 E:/EliteMark/base-api/vendor/laravel/framework/src/Illuminate/Container/Container.php(696): Illuminate/Container/BoundMethod::call(Object(Illuminate/Foundation/Application), Array, Array, NULL)
#36 E:/EliteMark/base-api/vendor/laravel/framework/src/Illuminate/Console/Command.php(213): Illuminate/Container/Container->call(Array)
#37 E:/EliteMark/base-api/vendor/symfony/console/Command/Command.php(341): Illuminate/Console/Command->execute(Object(Symfony/Component/Console/Input/ArgvInput), Object(Illuminate/Console/OutputStyle))
#38 E:/EliteMark/base-api/vendor/laravel/framework/src/Illuminate/Console/Command.php(182): Symfony/Component/Console/Command/Command->run(Object(Symfony/Component/Console/Input/ArgvInput), Object(Illuminate/Console/OutputStyle))
#39 E:/EliteMark/base-api/vendor/symfony/console/Application.php(1117): Illuminate/Console/Command->run(Object(Symfony/Component/Console/Input/ArgvInput), Object(Symfony/Component/Console/Output/ConsoleOutput))
#40 E:/EliteMark/base-api/vendor/symfony/console/Application.php(356): Symfony/Component/Console/Application->doRunCommand(Object(Illuminate/Database/Console/Migrations/FreshCommand), Object(Symfony/Component/Console/Input/ArgvInput), Object(Symfony/Component/Console/Output/ConsoleOutput))
#41 E:/EliteMark/base-api/vendor/symfony/console/Application.php(195): Symfony/Component/Console/Application->doRun(Object(Symfony/Component/Console/Input/ArgvInput), Object(Symfony/Component/Console/Output/ConsoleOutput))
#42 E:/EliteMark/base-api/vendor/laravel/framework/src/Illuminate/Foundation/Console/Kernel.php(198): Symfony/Component/Console/Application->run(Object(Symfony/Component/Console/Input/ArgvInput), Object(Symfony/Component/Console/Output/ConsoleOutput))
#43 E:/EliteMark/base-api/vendor/laravel/framework/src/Illuminate/Foundation/Application.php(1235): Illuminate/Foundation/Console/Kernel->handle(Object(Symfony/Component/Console/Input/ArgvInput), Object(Symfony/Component/Console/Output/ConsoleOutput))
#44 E:/EliteMark/base-api/artisan(16): Illuminate/Foundation/Application->handleCommand(Object(Symfony/Component/Console/Input/ArgvInput))
#45 {main}

[previous exception] [object] (PDOException(code: HY000): SQLSTATE[HY000]: General error: 1005 Can't create table `laravel_api`.`menu_role` (errno: 150 \"Foreign key constraint is incorrectly formed\") at E:/EliteMark/base-api/vendor/laravel/framework/src/Illuminate/Database/Connection.php:571)
[stacktrace]
#0 E:/EliteMark/base-api/vendor/laravel/framework/src/Illuminate/Database/Connection.php(571): PDOStatement->execute()
#1 E:/EliteMark/base-api/vendor/laravel/framework/src/Illuminate/Database/Connection.php(812): Illuminate/Database/Connection->Illuminate/Database/{closure}('alter table `me...', Array)
#2 E:/EliteMark/base-api/vendor/laravel/framework/src/Illuminate/Database/Connection.php(779): Illuminate/Database/Connection->runQueryCallback('alter table `me...', Array, Object(Closure))
#3 E:/EliteMark/base-api/vendor/laravel/framework/src/Illuminate/Database/Connection.php(560): Illuminate/Database/Connection->run('alter table `me...', Array, Object(Closure))
#4 E:/EliteMark/base-api/vendor/laravel/framework/src/Illuminate/Database/Schema/Blueprint.php(118): Illuminate/Database/Connection->statement('alter table `me...')
#5 E:/EliteMark/base-api/vendor/laravel/framework/src/Illuminate/Database/Schema/Builder.php(564): Illuminate/Database/Schema/Blueprint->build(Object(Illuminate/Database/MySqlConnection), Object(Illuminate/Database/Schema/Grammars/MySqlGrammar))
#6 E:/EliteMark/base-api/vendor/laravel/framework/src/Illuminate/Database/Schema/Builder.php(418): Illuminate/Database/Schema/Builder->build(Object(Illuminate/Database/Schema/Blueprint))
#7 E:/EliteMark/base-api/vendor/laravel/framework/src/Illuminate/Support/Facades/Facade.php(361): Illuminate/Database/Schema/Builder->create('menu_role', Object(Closure))
#8 E:/EliteMark/base-api/database/migrations/2024_01_01_000003_create_menus_table.php(38): Illuminate/Support/Facades/Facade::__callStatic('create', Array)
#9 E:/EliteMark/base-api/vendor/laravel/framework/src/Illuminate/Database/Migrations/Migrator.php(507): Illuminate/Database/Migrations/Migration@anonymous->up()
#10 E:/EliteMark/base-api/vendor/laravel/framework/src/Illuminate/Database/Migrations/Migrator.php(432): Illuminate/Database/Migrations/Migrator->runMethod(Object(Illuminate/Database/MySqlConnection), Object(Illuminate/Database/Migrations/Migration@anonymous), 'up')
#11 E:/EliteMark/base-api/vendor/laravel/framework/src/Illuminate/Database/Migrations/Migrator.php(441): Illuminate/Database/Migrations/Migrator->Illuminate/Database/Migrations/{closure}()
#12 E:/EliteMark/base-api/vendor/laravel/framework/src/Illuminate/Database/Migrations/Migrator.php(244): Illuminate/Database/Migrations/Migrator->runMigration(Object(Illuminate/Database/Migrations/Migration@anonymous), 'up')
#13 E:/EliteMark/base-api/vendor/laravel/framework/src/Illuminate/Console/View/Components/Task.php(40): Illuminate/Database/Migrations/Migrator->Illuminate/Database/Migrations/{closure}()
#14 E:/EliteMark/base-api/vendor/laravel/framework/src/Illuminate/Database/Migrations/Migrator.php(798): Illuminate/Console/View/Components/Task->render('2024_01_01_0000...', Object(Closure))
#15 E:/EliteMark/base-api/vendor/laravel/framework/src/Illuminate/Database/Migrations/Migrator.php(244): Illuminate/Database/Migrations/Migrator->write('Illuminate//Cons...', '2024_01_01_0000...', Object(Closure))
#16 E:/EliteMark/base-api/vendor/laravel/framework/src/Illuminate/Database/Migrations/Migrator.php(211): Illuminate/Database/Migrations/Migrator->runUp('E://EliteMark//ba...', 1, false)
#17 E:/EliteMark/base-api/vendor/laravel/framework/src/Illuminate/Database/Migrations/Migrator.php(138): Illuminate/Database/Migrations/Migrator->runPending(Array, Array)
#18 E:/EliteMark/base-api/vendor/laravel/framework/src/Illuminate/Database/Console/Migrations/MigrateCommand.php(117): Illuminate/Database/Migrations/Migrator->run(Array, Array)
#19 E:/EliteMark/base-api/vendor/laravel/framework/src/Illuminate/Database/Migrations/Migrator.php(658): Illuminate/Database/Console/Migrations/MigrateCommand->Illuminate/Database/Console/Migrations/{closure}()
#20 E:/EliteMark/base-api/vendor/laravel/framework/src/Illuminate/Database/Console/Migrations/MigrateCommand.php(110): Illuminate/Database/Migrations/Migrator->usingConnection(NULL, Object(Closure))
#21 E:/EliteMark/base-api/vendor/laravel/framework/src/Illuminate/Database/Console/Migrations/MigrateCommand.php(89): Illuminate/Database/Console/Migrations/MigrateCommand->runMigrations()
#22 E:/EliteMark/base-api/vendor/laravel/framework/src/Illuminate/Container/BoundMethod.php(36): Illuminate/Database/Console/Migrations/MigrateCommand->handle()
#23 E:/EliteMark/base-api/vendor/laravel/framework/src/Illuminate/Container/Util.php(43): Illuminate/Container/BoundMethod::Illuminate/Container/{closure}()
#24 E:/EliteMark/base-api/vendor/laravel/framework/src/Illuminate/Container/BoundMethod.php(95): Illuminate/Container/Util::unwrapIfClosure(Object(Closure))
#25 E:/EliteMark/base-api/vendor/laravel/framework/src/Illuminate/Container/BoundMethod.php(35): Illuminate/Container/BoundMethod::callBoundMethod(Object(Illuminate/Foundation/Application), Array, Object(Closure))
#26 E:/EliteMark/base-api/vendor/laravel/framework/src/Illuminate/Container/Container.php(696): Illuminate/Container/BoundMethod::call(Object(Illuminate/Foundation/Application), Array, Array, NULL)
#27 E:/EliteMark/base-api/vendor/laravel/framework/src/Illuminate/Console/Command.php(213): Illuminate/Container/Container->call(Array)
#28 E:/EliteMark/base-api/vendor/symfony/console/Command/Command.php(341): Illuminate/Console/Command->execute(Object(Symfony/Component/Console/Input/ArrayInput), Object(Illuminate/Console/OutputStyle))
#29 E:/EliteMark/base-api/vendor/laravel/framework/src/Illuminate/Console/Command.php(182): Symfony/Component/Console/Command/Command->run(Object(Symfony/Component/Console/Input/ArrayInput), Object(Illuminate/Console/OutputStyle))
#30 E:/EliteMark/base-api/vendor/laravel/framework/src/Illuminate/Console/Concerns/CallsCommands.php(68): Illuminate/Console/Command->run(Object(Symfony/Component/Console/Input/ArrayInput), Object(Illuminate/Console/OutputStyle))
#31 E:/EliteMark/base-api/vendor/laravel/framework/src/Illuminate/Console/Concerns/CallsCommands.php(29): Illuminate/Console/Command->runCommand('migrate', Array, Object(Illuminate/Console/OutputStyle))
#32 E:/EliteMark/base-api/vendor/laravel/framework/src/Illuminate/Database/Console/Migrations/FreshCommand.php(82): Illuminate/Console/Command->call('migrate', Array)
#33 E:/EliteMark/base-api/vendor/laravel/framework/src/Illuminate/Container/BoundMethod.php(36): Illuminate/Database/Console/Migrations/FreshCommand->handle()
#34 E:/EliteMark/base-api/vendor/laravel/framework/src/Illuminate/Container/Util.php(43): Illuminate/Container/BoundMethod::Illuminate/Container/{closure}()
#35 E:/EliteMark/base-api/vendor/laravel/framework/src/Illuminate/Container/BoundMethod.php(95): Illuminate/Container/Util::unwrapIfClosure(Object(Closure))
#36 E:/EliteMark/base-api/vendor/laravel/framework/src/Illuminate/Container/BoundMethod.php(35): Illuminate/Container/BoundMethod::callBoundMethod(Object(Illuminate/Foundation/Application), Array, Object(Closure))
#37 E:/EliteMark/base-api/vendor/laravel/framework/src/Illuminate/Container/Container.php(696): Illuminate/Container/BoundMethod::call(Object(Illuminate/Foundation/Application), Array, Array, NULL)
#38 E:/EliteMark/base-api/vendor/laravel/framework/src/Illuminate/Console/Command.php(213): Illuminate/Container/Container->call(Array)
#39 E:/EliteMark/base-api/vendor/symfony/console/Command/Command.php(341): Illuminate/Console/Command->execute(Object(Symfony/Component/Console/Input/ArgvInput), Object(Illuminate/Console/OutputStyle))
#40 E:/EliteMark/base-api/vendor/laravel/framework/src/Illuminate/Console/Command.php(182): Symfony/Component/Console/Command/Command->run(Object(Symfony/Component/Console/Input/ArgvInput), Object(Illuminate/Console/OutputStyle))
#41 E:/EliteMark/base-api/vendor/symfony/console/Application.php(1117): Illuminate/Console/Command->run(Object(Symfony/Component/Console/Input/ArgvInput), Object(Symfony/Component/Console/Output/ConsoleOutput))
#42 E:/EliteMark/base-api/vendor/symfony/console/Application.php(356): Symfony/Component/Console/Application->doRunCommand(Object(Illuminate/Database/Console/Migrations/FreshCommand), Object(Symfony/Component/Console/Input/ArgvInput), Object(Symfony/Component/Console/Output/ConsoleOutput))
#43 E:/EliteMark/base-api/vendor/symfony/console/Application.php(195): Symfony/Component/Console/Application->doRun(Object(Symfony/Component/Console/Input/ArgvInput), Object(Symfony/Component/Console/Output/ConsoleOutput))
#44 E:/EliteMark/base-api/vendor/laravel/framework/src/Illuminate/Foundation/Console/Kernel.php(198): Symfony/Component/Console/Application->run(Object(Symfony/Component/Console/Input/ArgvInput), Object(Symfony/Component/Console/Output/ConsoleOutput))
#45 E:/EliteMark/base-api/vendor/laravel/framework/src/Illuminate/Foundation/Application.php(1235): Illuminate/Foundation/Console/Kernel->handle(Object(Symfony/Component/Console/Input/ArgvInput), Object(Symfony/Component/Console/Output/ConsoleOutput))
#46 E:/EliteMark/base-api/artisan(16): Illuminate/Foundation/Application->handleCommand(Object(Symfony/Component/Console/Input/ArgvInput))
#47 {main}
"} 
[2026-04-20 01:06:13] local.ERROR: SQLSTATE[HY000]: General error: 1005 Can't create table `laravel_api`.`menu_role` (errno: 150 "Foreign key constraint is incorrectly formed") (Connection: mysql, SQL: alter table `menu_role` add constraint `menu_role_role_id_foreign` foreign key (`role_id`) references `roles` (`id`) on delete cascade) {"exception":"[object] (Illuminate\\Database\\QueryException(code: HY000): SQLSTATE[HY000]: General error: 1005 Can't create table `laravel_api`.`menu_role` (errno: 150 \"Foreign key constraint is incorrectly formed\") (Connection: mysql, SQL: alter table `menu_role` add constraint `menu_role_role_id_foreign` foreign key (`role_id`) references `roles` (`id`) on delete cascade) at E:/EliteMark/base-api/vendor/laravel/framework/src/Illuminate/Database/Connection.php:825)
[stacktrace]
#0 E:/EliteMark/base-api/vendor/laravel/framework/src/Illuminate/Database/Connection.php(779): Illuminate/Database/Connection->runQueryCallback('alter table `me...', Array, Object(Closure))
#1 E:/EliteMark/base-api/vendor/laravel/framework/src/Illuminate/Database/Connection.php(560): Illuminate/Database/Connection->run('alter table `me...', Array, Object(Closure))
#2 E:/EliteMark/base-api/vendor/laravel/framework/src/Illuminate/Database/Schema/Blueprint.php(118): Illuminate/Database/Connection->statement('alter table `me...')
#3 E:/EliteMark/base-api/vendor/laravel/framework/src/Illuminate/Database/Schema/Builder.php(564): Illuminate/Database/Schema/Blueprint->build(Object(Illuminate/Database/MySqlConnection), Object(Illuminate/Database/Schema/Grammars/MySqlGrammar))
#4 E:/EliteMark/base-api/vendor/laravel/framework/src/Illuminate/Database/Schema/Builder.php(418): Illuminate/Database/Schema/Builder->build(Object(Illuminate/Database/Schema/Blueprint))
#5 E:/EliteMark/base-api/vendor/laravel/framework/src/Illuminate/Support/Facades/Facade.php(361): Illuminate/Database/Schema/Builder->create('menu_role', Object(Closure))
#6 E:/EliteMark/base-api/database/migrations/2024_01_01_000003_create_menus_table.php(38): Illuminate/Support/Facades/Facade::__callStatic('create', Array)
#7 E:/EliteMark/base-api/vendor/laravel/framework/src/Illuminate/Database/Migrations/Migrator.php(507): Illuminate/Database/Migrations/Migration@anonymous->up()
#8 E:/EliteMark/base-api/vendor/laravel/framework/src/Illuminate/Database/Migrations/Migrator.php(432): Illuminate/Database/Migrations/Migrator->runMethod(Object(Illuminate/Database/MySqlConnection), Object(Illuminate/Database/Migrations/Migration@anonymous), 'up')
#9 E:/EliteMark/base-api/vendor/laravel/framework/src/Illuminate/Database/Migrations/Migrator.php(441): Illuminate/Database/Migrations/Migrator->Illuminate/Database/Migrations/{closure}()
#10 E:/EliteMark/base-api/vendor/laravel/framework/src/Illuminate/Database/Migrations/Migrator.php(244): Illuminate/Database/Migrations/Migrator->runMigration(Object(Illuminate/Database/Migrations/Migration@anonymous), 'up')
#11 E:/EliteMark/base-api/vendor/laravel/framework/src/Illuminate/Console/View/Components/Task.php(40): Illuminate/Database/Migrations/Migrator->Illuminate/Database/Migrations/{closure}()
#12 E:/EliteMark/base-api/vendor/laravel/framework/src/Illuminate/Database/Migrations/Migrator.php(798): Illuminate/Console/View/Components/Task->render('2024_01_01_0000...', Object(Closure))
#13 E:/EliteMark/base-api/vendor/laravel/framework/src/Illuminate/Database/Migrations/Migrator.php(244): Illuminate/Database/Migrations/Migrator->write('Illuminate//Cons...', '2024_01_01_0000...', Object(Closure))
#14 E:/EliteMark/base-api/vendor/laravel/framework/src/Illuminate/Database/Migrations/Migrator.php(211): Illuminate/Database/Migrations/Migrator->runUp('E://EliteMark//ba...', 1, false)
#15 E:/EliteMark/base-api/vendor/laravel/framework/src/Illuminate/Database/Migrations/Migrator.php(138): Illuminate/Database/Migrations/Migrator->runPending(Array, Array)
#16 E:/EliteMark/base-api/vendor/laravel/framework/src/Illuminate/Database/Console/Migrations/MigrateCommand.php(117): Illuminate/Database/Migrations/Migrator->run(Array, Array)
#17 E:/EliteMark/base-api/vendor/laravel/framework/src/Illuminate/Database/Migrations/Migrator.php(658): Illuminate/Database/Console/Migrations/MigrateCommand->Illuminate/Database/Console/Migrations/{closure}()
#18 E:/EliteMark/base-api/vendor/laravel/framework/src/Illuminate/Database/Console/Migrations/MigrateCommand.php(110): Illuminate/Database/Migrations/Migrator->usingConnection(NULL, Object(Closure))
#19 E:/EliteMark/base-api/vendor/laravel/framework/src/Illuminate/Database/Console/Migrations/MigrateCommand.php(89): Illuminate/Database/Console/Migrations/MigrateCommand->runMigrations()
#20 E:/EliteMark/base-api/vendor/laravel/framework/src/Illuminate/Container/BoundMethod.php(36): Illuminate/Database/Console/Migrations/MigrateCommand->handle()
#21 E:/EliteMark/base-api/vendor/laravel/framework/src/Illuminate/Container/Util.php(43): Illuminate/Container/BoundMethod::Illuminate/Container/{closure}()
#22 E:/EliteMark/base-api/vendor/laravel/framework/src/Illuminate/Container/BoundMethod.php(95): Illuminate/Container/Util::unwrapIfClosure(Object(Closure))
#23 E:/EliteMark/base-api/vendor/laravel/framework/src/Illuminate/Container/BoundMethod.php(35): Illuminate/Container/BoundMethod::callBoundMethod(Object(Illuminate/Foundation/Application), Array, Object(Closure))
#24 E:/EliteMark/base-api/vendor/laravel/framework/src/Illuminate/Container/Container.php(696): Illuminate/Container/BoundMethod::call(Object(Illuminate/Foundation/Application), Array, Array, NULL)
#25 E:/EliteMark/base-api/vendor/laravel/framework/src/Illuminate/Console/Command.php(213): Illuminate/Container/Container->call(Array)
#26 E:/EliteMark/base-api/vendor/symfony/console/Command/Command.php(341): Illuminate/Console/Command->execute(Object(Symfony/Component/Console/Input/ArrayInput), Object(Illuminate/Console/OutputStyle))
#27 E:/EliteMark/base-api/vendor/laravel/framework/src/Illuminate/Console/Command.php(182): Symfony/Component/Console/Command/Command->run(Object(Symfony/Component/Console/Input/ArrayInput), Object(Illuminate/Console/OutputStyle))
#28 E:/EliteMark/base-api/vendor/laravel/framework/src/Illuminate/Console/Concerns/CallsCommands.php(68): Illuminate/Console/Command->run(Object(Symfony/Component/Console/Input/ArrayInput), Object(Illuminate/Console/OutputStyle))
#29 E:/EliteMark/base-api/vendor/laravel/framework/src/Illuminate/Console/Concerns/CallsCommands.php(29): Illuminate/Console/Command->runCommand('migrate', Array, Object(Illuminate/Console/OutputStyle))
#30 E:/EliteMark/base-api/vendor/laravel/framework/src/Illuminate/Database/Console/Migrations/FreshCommand.php(82): Illuminate/Console/Command->call('migrate', Array)
#31 E:/EliteMark/base-api/vendor/laravel/framework/src/Illuminate/Container/BoundMethod.php(36): Illuminate/Database/Console/Migrations/FreshCommand->handle()
#32 E:/EliteMark/base-api/vendor/laravel/framework/src/Illuminate/Container/Util.php(43): Illuminate/Container/BoundMethod::Illuminate/Container/{closure}()
#33 E:/EliteMark/base-api/vendor/laravel/framework/src/Illuminate/Container/BoundMethod.php(95): Illuminate/Container/Util::unwrapIfClosure(Object(Closure))
#34 E:/EliteMark/base-api/vendor/laravel/framework/src/Illuminate/Container/BoundMethod.php(35): Illuminate/Container/BoundMethod::callBoundMethod(Object(Illuminate/Foundation/Application), Array, Object(Closure))
#35 E:/EliteMark/base-api/vendor/laravel/framework/src/Illuminate/Container/Container.php(696): Illuminate/Container/BoundMethod::call(Object(Illuminate/Foundation/Application), Array, Array, NULL)
#36 E:/EliteMark/base-api/vendor/laravel/framework/src/Illuminate/Console/Command.php(213): Illuminate/Container/Container->call(Array)
#37 E:/EliteMark/base-api/vendor/symfony/console/Command/Command.php(341): Illuminate/Console/Command->execute(Object(Symfony/Component/Console/Input/ArgvInput), Object(Illuminate/Console/OutputStyle))
#38 E:/EliteMark/base-api/vendor/laravel/framework/src/Illuminate/Console/Command.php(182): Symfony/Component/Console/Command/Command->run(Object(Symfony/Component/Console/Input/ArgvInput), Object(Illuminate/Console/OutputStyle))
#39 E:/EliteMark/base-api/vendor/symfony/console/Application.php(1117): Illuminate/Console/Command->run(Object(Symfony/Component/Console/Input/ArgvInput), Object(Symfony/Component/Console/Output/ConsoleOutput))
#40 E:/EliteMark/base-api/vendor/symfony/console/Application.php(356): Symfony/Component/Console/Application->doRunCommand(Object(Illuminate/Database/Console/Migrations/FreshCommand), Object(Symfony/Component/Console/Input/ArgvInput), Object(Symfony/Component/Console/Output/ConsoleOutput))
#41 E:/EliteMark/base-api/vendor/symfony/console/Application.php(195): Symfony/Component/Console/Application->doRun(Object(Symfony/Component/Console/Input/ArgvInput), Object(Symfony/Component/Console/Output/ConsoleOutput))
#42 E:/EliteMark/base-api/vendor/laravel/framework/src/Illuminate/Foundation/Console/Kernel.php(198): Symfony/Component/Console/Application->run(Object(Symfony/Component/Console/Input/ArgvInput), Object(Symfony/Component/Console/Output/ConsoleOutput))
#43 E:/EliteMark/base-api/vendor/laravel/framework/src/Illuminate/Foundation/Application.php(1235): Illuminate/Foundation/Console/Kernel->handle(Object(Symfony/Component/Console/Input/ArgvInput), Object(Symfony/Component/Console/Output/ConsoleOutput))
#44 E:/EliteMark/base-api/artisan(16): Illuminate/Foundation/Application->handleCommand(Object(Symfony/Component/Console/Input/ArgvInput))
#45 {main}

[previous exception] [object] (PDOException(code: HY000): SQLSTATE[HY000]: General error: 1005 Can't create table `laravel_api`.`menu_role` (errno: 150 \"Foreign key constraint is incorrectly formed\") at E:/EliteMark/base-api/vendor/laravel/framework/src/Illuminate/Database/Connection.php:571)
[stacktrace]
#0 E:/EliteMark/base-api/vendor/laravel/framework/src/Illuminate/Database/Connection.php(571): PDOStatement->execute()
#1 E:/EliteMark/base-api/vendor/laravel/framework/src/Illuminate/Database/Connection.php(812): Illuminate/Database/Connection->Illuminate/Database/{closure}('alter table `me...', Array)
#2 E:/EliteMark/base-api/vendor/laravel/framework/src/Illuminate/Database/Connection.php(779): Illuminate/Database/Connection->runQueryCallback('alter table `me...', Array, Object(Closure))
#3 E:/EliteMark/base-api/vendor/laravel/framework/src/Illuminate/Database/Connection.php(560): Illuminate/Database/Connection->run('alter table `me...', Array, Object(Closure))
#4 E:/EliteMark/base-api/vendor/laravel/framework/src/Illuminate/Database/Schema/Blueprint.php(118): Illuminate/Database/Connection->statement('alter table `me...')
#5 E:/EliteMark/base-api/vendor/laravel/framework/src/Illuminate/Database/Schema/Builder.php(564): Illuminate/Database/Schema/Blueprint->build(Object(Illuminate/Database/MySqlConnection), Object(Illuminate/Database/Schema/Grammars/MySqlGrammar))
#6 E:/EliteMark/base-api/vendor/laravel/framework/src/Illuminate/Database/Schema/Builder.php(418): Illuminate/Database/Schema/Builder->build(Object(Illuminate/Database/Schema/Blueprint))
#7 E:/EliteMark/base-api/vendor/laravel/framework/src/Illuminate/Support/Facades/Facade.php(361): Illuminate/Database/Schema/Builder->create('menu_role', Object(Closure))
#8 E:/EliteMark/base-api/database/migrations/2024_01_01_000003_create_menus_table.php(38): Illuminate/Support/Facades/Facade::__callStatic('create', Array)
#9 E:/EliteMark/base-api/vendor/laravel/framework/src/Illuminate/Database/Migrations/Migrator.php(507): Illuminate/Database/Migrations/Migration@anonymous->up()
#10 E:/EliteMark/base-api/vendor/laravel/framework/src/Illuminate/Database/Migrations/Migrator.php(432): Illuminate/Database/Migrations/Migrator->runMethod(Object(Illuminate/Database/MySqlConnection), Object(Illuminate/Database/Migrations/Migration@anonymous), 'up')
#11 E:/EliteMark/base-api/vendor/laravel/framework/src/Illuminate/Database/Migrations/Migrator.php(441): Illuminate/Database/Migrations/Migrator->Illuminate/Database/Migrations/{closure}()
#12 E:/EliteMark/base-api/vendor/laravel/framework/src/Illuminate/Database/Migrations/Migrator.php(244): Illuminate/Database/Migrations/Migrator->runMigration(Object(Illuminate/Database/Migrations/Migration@anonymous), 'up')
#13 E:/EliteMark/base-api/vendor/laravel/framework/src/Illuminate/Console/View/Components/Task.php(40): Illuminate/Database/Migrations/Migrator->Illuminate/Database/Migrations/{closure}()
#14 E:/EliteMark/base-api/vendor/laravel/framework/src/Illuminate/Database/Migrations/Migrator.php(798): Illuminate/Console/View/Components/Task->render('2024_01_01_0000...', Object(Closure))
#15 E:/EliteMark/base-api/vendor/laravel/framework/src/Illuminate/Database/Migrations/Migrator.php(244): Illuminate/Database/Migrations/Migrator->write('Illuminate//Cons...', '2024_01_01_0000...', Object(Closure))
#16 E:/EliteMark/base-api/vendor/laravel/framework/src/Illuminate/Database/Migrations/Migrator.php(211): Illuminate/Database/Migrations/Migrator->runUp('E://EliteMark//ba...', 1, false)
#17 E:/EliteMark/base-api/vendor/laravel/framework/src/Illuminate/Database/Migrations/Migrator.php(138): Illuminate/Database/Migrations/Migrator->runPending(Array, Array)
#18 E:/EliteMark/base-api/vendor/laravel/framework/src/Illuminate/Database/Console/Migrations/MigrateCommand.php(117): Illuminate/Database/Migrations/Migrator->run(Array, Array)
#19 E:/EliteMark/base-api/vendor/laravel/framework/src/Illuminate/Database/Migrations/Migrator.php(658): Illuminate/Database/Console/Migrations/MigrateCommand->Illuminate/Database/Console/Migrations/{closure}()
#20 E:/EliteMark/base-api/vendor/laravel/framework/src/Illuminate/Database/Console/Migrations/MigrateCommand.php(110): Illuminate/Database/Migrations/Migrator->usingConnection(NULL, Object(Closure))
#21 E:/EliteMark/base-api/vendor/laravel/framework/src/Illuminate/Database/Console/Migrations/MigrateCommand.php(89): Illuminate/Database/Console/Migrations/MigrateCommand->runMigrations()
#22 E:/EliteMark/base-api/vendor/laravel/framework/src/Illuminate/Container/BoundMethod.php(36): Illuminate/Database/Console/Migrations/MigrateCommand->handle()
#23 E:/EliteMark/base-api/vendor/laravel/framework/src/Illuminate/Container/Util.php(43): Illuminate/Container/BoundMethod::Illuminate/Container/{closure}()
#24 E:/EliteMark/base-api/vendor/laravel/framework/src/Illuminate/Container/BoundMethod.php(95): Illuminate/Container/Util::unwrapIfClosure(Object(Closure))
#25 E:/EliteMark/base-api/vendor/laravel/framework/src/Illuminate/Container/BoundMethod.php(35): Illuminate/Container/BoundMethod::callBoundMethod(Object(Illuminate/Foundation/Application), Array, Object(Closure))
#26 E:/EliteMark/base-api/vendor/laravel/framework/src/Illuminate/Container/Container.php(696): Illuminate/Container/BoundMethod::call(Object(Illuminate/Foundation/Application), Array, Array, NULL)
#27 E:/EliteMark/base-api/vendor/laravel/framework/src/Illuminate/Console/Command.php(213): Illuminate/Container/Container->call(Array)
#28 E:/EliteMark/base-api/vendor/symfony/console/Command/Command.php(341): Illuminate/Console/Command->execute(Object(Symfony/Component/Console/Input/ArrayInput), Object(Illuminate/Console/OutputStyle))
#29 E:/EliteMark/base-api/vendor/laravel/framework/src/Illuminate/Console/Command.php(182): Symfony/Component/Console/Command/Command->run(Object(Symfony/Component/Console/Input/ArrayInput), Object(Illuminate/Console/OutputStyle))
#30 E:/EliteMark/base-api/vendor/laravel/framework/src/Illuminate/Console/Concerns/CallsCommands.php(68): Illuminate/Console/Command->run(Object(Symfony/Component/Console/Input/ArrayInput), Object(Illuminate/Console/OutputStyle))
#31 E:/EliteMark/base-api/vendor/laravel/framework/src/Illuminate/Console/Concerns/CallsCommands.php(29): Illuminate/Console/Command->runCommand('migrate', Array, Object(Illuminate/Console/OutputStyle))
#32 E:/EliteMark/base-api/vendor/laravel/framework/src/Illuminate/Database/Console/Migrations/FreshCommand.php(82): Illuminate/Console/Command->call('migrate', Array)
#33 E:/EliteMark/base-api/vendor/laravel/framework/src/Illuminate/Container/BoundMethod.php(36): Illuminate/Database/Console/Migrations/FreshCommand->handle()
#34 E:/EliteMark/base-api/vendor/laravel/framework/src/Illuminate/Container/Util.php(43): Illuminate/Container/BoundMethod::Illuminate/Container/{closure}()
#35 E:/EliteMark/base-api/vendor/laravel/framework/src/Illuminate/Container/BoundMethod.php(95): Illuminate/Container/Util::unwrapIfClosure(Object(Closure))
#36 E:/EliteMark/base-api/vendor/laravel/framework/src/Illuminate/Container/BoundMethod.php(35): Illuminate/Container/BoundMethod::callBoundMethod(Object(Illuminate/Foundation/Application), Array, Object(Closure))
#37 E:/EliteMark/base-api/vendor/laravel/framework/src/Illuminate/Container/Container.php(696): Illuminate/Container/BoundMethod::call(Object(Illuminate/Foundation/Application), Array, Array, NULL)
#38 E:/EliteMark/base-api/vendor/laravel/framework/src/Illuminate/Console/Command.php(213): Illuminate/Container/Container->call(Array)
#39 E:/EliteMark/base-api/vendor/symfony/console/Command/Command.php(341): Illuminate/Console/Command->execute(Object(Symfony/Component/Console/Input/ArgvInput), Object(Illuminate/Console/OutputStyle))
#40 E:/EliteMark/base-api/vendor/laravel/framework/src/Illuminate/Console/Command.php(182): Symfony/Component/Console/Command/Command->run(Object(Symfony/Component/Console/Input/ArgvInput), Object(Illuminate/Console/OutputStyle))
#41 E:/EliteMark/base-api/vendor/symfony/console/Application.php(1117): Illuminate/Console/Command->run(Object(Symfony/Component/Console/Input/ArgvInput), Object(Symfony/Component/Console/Output/ConsoleOutput))
#42 E:/EliteMark/base-api/vendor/symfony/console/Application.php(356): Symfony/Component/Console/Application->doRunCommand(Object(Illuminate/Database/Console/Migrations/FreshCommand), Object(Symfony/Component/Console/Input/ArgvInput), Object(Symfony/Component/Console/Output/ConsoleOutput))
#43 E:/EliteMark/base-api/vendor/symfony/console/Application.php(195): Symfony/Component/Console/Application->doRun(Object(Symfony/Component/Console/Input/ArgvInput), Object(Symfony/Component/Console/Output/ConsoleOutput))
#44 E:/EliteMark/base-api/vendor/laravel/framework/src/Illuminate/Foundation/Console/Kernel.php(198): Symfony/Component/Console/Application->run(Object(Symfony/Component/Console/Input/ArgvInput), Object(Symfony/Component/Console/Output/ConsoleOutput))
#45 E:/EliteMark/base-api/vendor/laravel/framework/src/Illuminate/Foundation/Application.php(1235): Illuminate/Foundation/Console/Kernel->handle(Object(Symfony/Component/Console/Input/ArgvInput), Object(Symfony/Component/Console/Output/ConsoleOutput))
#46 E:/EliteMark/base-api/artisan(16): Illuminate/Foundation/Application->handleCommand(Object(Symfony/Component/Console/Input/ArgvInput))
#47 {main}
"} 
[2026-04-20 01:08:47] local.ERROR: SQLSTATE[HY000]: General error: 1005 Can't create table `laravel_api`.`menu_role` (errno: 150 "Foreign key constraint is incorrectly formed") (Connection: mysql, SQL: alter table `menu_role` add constraint `menu_role_role_id_foreign` foreign key (`role_id`) references `roles` (`id`) on delete cascade) {"exception":"[object] (Illuminate\\Database\\QueryException(code: HY000): SQLSTATE[HY000]: General error: 1005 Can't create table `laravel_api`.`menu_role` (errno: 150 \"Foreign key constraint is incorrectly formed\") (Connection: mysql, SQL: alter table `menu_role` add constraint `menu_role_role_id_foreign` foreign key (`role_id`) references `roles` (`id`) on delete cascade) at E:/EliteMark/base-api/vendor/laravel/framework/src/Illuminate/Database/Connection.php:825)
[stacktrace]
#0 E:/EliteMark/base-api/vendor/laravel/framework/src/Illuminate/Database/Connection.php(779): Illuminate/Database/Connection->runQueryCallback('alter table `me...', Array, Object(Closure))
#1 E:/EliteMark/base-api/vendor/laravel/framework/src/Illuminate/Database/Connection.php(560): Illuminate/Database/Connection->run('alter table `me...', Array, Object(Closure))
#2 E:/EliteMark/base-api/vendor/laravel/framework/src/Illuminate/Database/Schema/Blueprint.php(118): Illuminate/Database/Connection->statement('alter table `me...')
#3 E:/EliteMark/base-api/vendor/laravel/framework/src/Illuminate/Database/Schema/Builder.php(564): Illuminate/Database/Schema/Blueprint->build(Object(Illuminate/Database/MySqlConnection), Object(Illuminate/Database/Schema/Grammars/MySqlGrammar))
#4 E:/EliteMark/base-api/vendor/laravel/framework/src/Illuminate/Database/Schema/Builder.php(418): Illuminate/Database/Schema/Builder->build(Object(Illuminate/Database/Schema/Blueprint))
#5 E:/EliteMark/base-api/vendor/laravel/framework/src/Illuminate/Support/Facades/Facade.php(361): Illuminate/Database/Schema/Builder->create('menu_role', Object(Closure))
#6 E:/EliteMark/base-api/database/migrations/2024_01_01_000003_create_menus_table.php(38): Illuminate/Support/Facades/Facade::__callStatic('create', Array)
#7 E:/EliteMark/base-api/vendor/laravel/framework/src/Illuminate/Database/Migrations/Migrator.php(507): Illuminate/Database/Migrations/Migration@anonymous->up()
#8 E:/EliteMark/base-api/vendor/laravel/framework/src/Illuminate/Database/Migrations/Migrator.php(432): Illuminate/Database/Migrations/Migrator->runMethod(Object(Illuminate/Database/MySqlConnection), Object(Illuminate/Database/Migrations/Migration@anonymous), 'up')
#9 E:/EliteMark/base-api/vendor/laravel/framework/src/Illuminate/Database/Migrations/Migrator.php(441): Illuminate/Database/Migrations/Migrator->Illuminate/Database/Migrations/{closure}()
#10 E:/EliteMark/base-api/vendor/laravel/framework/src/Illuminate/Database/Migrations/Migrator.php(244): Illuminate/Database/Migrations/Migrator->runMigration(Object(Illuminate/Database/Migrations/Migration@anonymous), 'up')
#11 E:/EliteMark/base-api/vendor/laravel/framework/src/Illuminate/Console/View/Components/Task.php(40): Illuminate/Database/Migrations/Migrator->Illuminate/Database/Migrations/{closure}()
#12 E:/EliteMark/base-api/vendor/laravel/framework/src/Illuminate/Database/Migrations/Migrator.php(798): Illuminate/Console/View/Components/Task->render('2024_01_01_0000...', Object(Closure))
#13 E:/EliteMark/base-api/vendor/laravel/framework/src/Illuminate/Database/Migrations/Migrator.php(244): Illuminate/Database/Migrations/Migrator->write('Illuminate//Cons...', '2024_01_01_0000...', Object(Closure))
#14 E:/EliteMark/base-api/vendor/laravel/framework/src/Illuminate/Database/Migrations/Migrator.php(211): Illuminate/Database/Migrations/Migrator->runUp('E://EliteMark//ba...', 1, false)
#15 E:/EliteMark/base-api/vendor/laravel/framework/src/Illuminate/Database/Migrations/Migrator.php(138): Illuminate/Database/Migrations/Migrator->runPending(Array, Array)
#16 E:/EliteMark/base-api/vendor/laravel/framework/src/Illuminate/Database/Console/Migrations/MigrateCommand.php(117): Illuminate/Database/Migrations/Migrator->run(Array, Array)
#17 E:/EliteMark/base-api/vendor/laravel/framework/src/Illuminate/Database/Migrations/Migrator.php(658): Illuminate/Database/Console/Migrations/MigrateCommand->Illuminate/Database/Console/Migrations/{closure}()
#18 E:/EliteMark/base-api/vendor/laravel/framework/src/Illuminate/Database/Console/Migrations/MigrateCommand.php(110): Illuminate/Database/Migrations/Migrator->usingConnection(NULL, Object(Closure))
#19 E:/EliteMark/base-api/vendor/laravel/framework/src/Illuminate/Database/Console/Migrations/MigrateCommand.php(89): Illuminate/Database/Console/Migrations/MigrateCommand->runMigrations()
#20 E:/EliteMark/base-api/vendor/laravel/framework/src/Illuminate/Container/BoundMethod.php(36): Illuminate/Database/Console/Migrations/MigrateCommand->handle()
#21 E:/EliteMark/base-api/vendor/laravel/framework/src/Illuminate/Container/Util.php(43): Illuminate/Container/BoundMethod::Illuminate/Container/{closure}()
#22 E:/EliteMark/base-api/vendor/laravel/framework/src/Illuminate/Container/BoundMethod.php(95): Illuminate/Container/Util::unwrapIfClosure(Object(Closure))
#23 E:/EliteMark/base-api/vendor/laravel/framework/src/Illuminate/Container/BoundMethod.php(35): Illuminate/Container/BoundMethod::callBoundMethod(Object(Illuminate/Foundation/Application), Array, Object(Closure))
#24 E:/EliteMark/base-api/vendor/laravel/framework/src/Illuminate/Container/Container.php(696): Illuminate/Container/BoundMethod::call(Object(Illuminate/Foundation/Application), Array, Array, NULL)
#25 E:/EliteMark/base-api/vendor/laravel/framework/src/Illuminate/Console/Command.php(213): Illuminate/Container/Container->call(Array)
#26 E:/EliteMark/base-api/vendor/symfony/console/Command/Command.php(341): Illuminate/Console/Command->execute(Object(Symfony/Component/Console/Input/ArrayInput), Object(Illuminate/Console/OutputStyle))
#27 E:/EliteMark/base-api/vendor/laravel/framework/src/Illuminate/Console/Command.php(182): Symfony/Component/Console/Command/Command->run(Object(Symfony/Component/Console/Input/ArrayInput), Object(Illuminate/Console/OutputStyle))
#28 E:/EliteMark/base-api/vendor/laravel/framework/src/Illuminate/Console/Concerns/CallsCommands.php(68): Illuminate/Console/Command->run(Object(Symfony/Component/Console/Input/ArrayInput), Object(Illuminate/Console/OutputStyle))
#29 E:/EliteMark/base-api/vendor/laravel/framework/src/Illuminate/Console/Concerns/CallsCommands.php(29): Illuminate/Console/Command->runCommand('migrate', Array, Object(Illuminate/Console/OutputStyle))
#30 E:/EliteMark/base-api/vendor/laravel/framework/src/Illuminate/Database/Console/Migrations/FreshCommand.php(82): Illuminate/Console/Command->call('migrate', Array)
#31 E:/EliteMark/base-api/vendor/laravel/framework/src/Illuminate/Container/BoundMethod.php(36): Illuminate/Database/Console/Migrations/FreshCommand->handle()
#32 E:/EliteMark/base-api/vendor/laravel/framework/src/Illuminate/Container/Util.php(43): Illuminate/Container/BoundMethod::Illuminate/Container/{closure}()
#33 E:/EliteMark/base-api/vendor/laravel/framework/src/Illuminate/Container/BoundMethod.php(95): Illuminate/Container/Util::unwrapIfClosure(Object(Closure))
#34 E:/EliteMark/base-api/vendor/laravel/framework/src/Illuminate/Container/BoundMethod.php(35): Illuminate/Container/BoundMethod::callBoundMethod(Object(Illuminate/Foundation/Application), Array, Object(Closure))
#35 E:/EliteMark/base-api/vendor/laravel/framework/src/Illuminate/Container/Container.php(696): Illuminate/Container/BoundMethod::call(Object(Illuminate/Foundation/Application), Array, Array, NULL)
#36 E:/EliteMark/base-api/vendor/laravel/framework/src/Illuminate/Console/Command.php(213): Illuminate/Container/Container->call(Array)
#37 E:/EliteMark/base-api/vendor/symfony/console/Command/Command.php(341): Illuminate/Console/Command->execute(Object(Symfony/Component/Console/Input/ArgvInput), Object(Illuminate/Console/OutputStyle))
#38 E:/EliteMark/base-api/vendor/laravel/framework/src/Illuminate/Console/Command.php(182): Symfony/Component/Console/Command/Command->run(Object(Symfony/Component/Console/Input/ArgvInput), Object(Illuminate/Console/OutputStyle))
#39 E:/EliteMark/base-api/vendor/symfony/console/Application.php(1117): Illuminate/Console/Command->run(Object(Symfony/Component/Console/Input/ArgvInput), Object(Symfony/Component/Console/Output/ConsoleOutput))
#40 E:/EliteMark/base-api/vendor/symfony/console/Application.php(356): Symfony/Component/Console/Application->doRunCommand(Object(Illuminate/Database/Console/Migrations/FreshCommand), Object(Symfony/Component/Console/Input/ArgvInput), Object(Symfony/Component/Console/Output/ConsoleOutput))
#41 E:/EliteMark/base-api/vendor/symfony/console/Application.php(195): Symfony/Component/Console/Application->doRun(Object(Symfony/Component/Console/Input/ArgvInput), Object(Symfony/Component/Console/Output/ConsoleOutput))
#42 E:/EliteMark/base-api/vendor/laravel/framework/src/Illuminate/Foundation/Console/Kernel.php(198): Symfony/Component/Console/Application->run(Object(Symfony/Component/Console/Input/ArgvInput), Object(Symfony/Component/Console/Output/ConsoleOutput))
#43 E:/EliteMark/base-api/vendor/laravel/framework/src/Illuminate/Foundation/Application.php(1235): Illuminate/Foundation/Console/Kernel->handle(Object(Symfony/Component/Console/Input/ArgvInput), Object(Symfony/Component/Console/Output/ConsoleOutput))
#44 E:/EliteMark/base-api/artisan(16): Illuminate/Foundation/Application->handleCommand(Object(Symfony/Component/Console/Input/ArgvInput))
#45 {main}

[previous exception] [object] (PDOException(code: HY000): SQLSTATE[HY000]: General error: 1005 Can't create table `laravel_api`.`menu_role` (errno: 150 \"Foreign key constraint is incorrectly formed\") at E:/EliteMark/base-api/vendor/laravel/framework/src/Illuminate/Database/Connection.php:571)
[stacktrace]
#0 E:/EliteMark/base-api/vendor/laravel/framework/src/Illuminate/Database/Connection.php(571): PDOStatement->execute()
#1 E:/EliteMark/base-api/vendor/laravel/framework/src/Illuminate/Database/Connection.php(812): Illuminate/Database/Connection->Illuminate/Database/{closure}('alter table `me...', Array)
#2 E:/EliteMark/base-api/vendor/laravel/framework/src/Illuminate/Database/Connection.php(779): Illuminate/Database/Connection->runQueryCallback('alter table `me...', Array, Object(Closure))
#3 E:/EliteMark/base-api/vendor/laravel/framework/src/Illuminate/Database/Connection.php(560): Illuminate/Database/Connection->run('alter table `me...', Array, Object(Closure))
#4 E:/EliteMark/base-api/vendor/laravel/framework/src/Illuminate/Database/Schema/Blueprint.php(118): Illuminate/Database/Connection->statement('alter table `me...')
#5 E:/EliteMark/base-api/vendor/laravel/framework/src/Illuminate/Database/Schema/Builder.php(564): Illuminate/Database/Schema/Blueprint->build(Object(Illuminate/Database/MySqlConnection), Object(Illuminate/Database/Schema/Grammars/MySqlGrammar))
#6 E:/EliteMark/base-api/vendor/laravel/framework/src/Illuminate/Database/Schema/Builder.php(418): Illuminate/Database/Schema/Builder->build(Object(Illuminate/Database/Schema/Blueprint))
#7 E:/EliteMark/base-api/vendor/laravel/framework/src/Illuminate/Support/Facades/Facade.php(361): Illuminate/Database/Schema/Builder->create('menu_role', Object(Closure))
#8 E:/EliteMark/base-api/database/migrations/2024_01_01_000003_create_menus_table.php(38): Illuminate/Support/Facades/Facade::__callStatic('create', Array)
#9 E:/EliteMark/base-api/vendor/laravel/framework/src/Illuminate/Database/Migrations/Migrator.php(507): Illuminate/Database/Migrations/Migration@anonymous->up()
#10 E:/EliteMark/base-api/vendor/laravel/framework/src/Illuminate/Database/Migrations/Migrator.php(432): Illuminate/Database/Migrations/Migrator->runMethod(Object(Illuminate/Database/MySqlConnection), Object(Illuminate/Database/Migrations/Migration@anonymous), 'up')
#11 E:/EliteMark/base-api/vendor/laravel/framework/src/Illuminate/Database/Migrations/Migrator.php(441): Illuminate/Database/Migrations/Migrator->Illuminate/Database/Migrations/{closure}()
#12 E:/EliteMark/base-api/vendor/laravel/framework/src/Illuminate/Database/Migrations/Migrator.php(244): Illuminate/Database/Migrations/Migrator->runMigration(Object(Illuminate/Database/Migrations/Migration@anonymous), 'up')
#13 E:/EliteMark/base-api/vendor/laravel/framework/src/Illuminate/Console/View/Components/Task.php(40): Illuminate/Database/Migrations/Migrator->Illuminate/Database/Migrations/{closure}()
#14 E:/EliteMark/base-api/vendor/laravel/framework/src/Illuminate/Database/Migrations/Migrator.php(798): Illuminate/Console/View/Components/Task->render('2024_01_01_0000...', Object(Closure))
#15 E:/EliteMark/base-api/vendor/laravel/framework/src/Illuminate/Database/Migrations/Migrator.php(244): Illuminate/Database/Migrations/Migrator->write('Illuminate//Cons...', '2024_01_01_0000...', Object(Closure))
#16 E:/EliteMark/base-api/vendor/laravel/framework/src/Illuminate/Database/Migrations/Migrator.php(211): Illuminate/Database/Migrations/Migrator->runUp('E://EliteMark//ba...', 1, false)
#17 E:/EliteMark/base-api/vendor/laravel/framework/src/Illuminate/Database/Migrations/Migrator.php(138): Illuminate/Database/Migrations/Migrator->runPending(Array, Array)
#18 E:/EliteMark/base-api/vendor/laravel/framework/src/Illuminate/Database/Console/Migrations/MigrateCommand.php(117): Illuminate/Database/Migrations/Migrator->run(Array, Array)
#19 E:/EliteMark/base-api/vendor/laravel/framework/src/Illuminate/Database/Migrations/Migrator.php(658): Illuminate/Database/Console/Migrations/MigrateCommand->Illuminate/Database/Console/Migrations/{closure}()
#20 E:/EliteMark/base-api/vendor/laravel/framework/src/Illuminate/Database/Console/Migrations/MigrateCommand.php(110): Illuminate/Database/Migrations/Migrator->usingConnection(NULL, Object(Closure))
#21 E:/EliteMark/base-api/vendor/laravel/framework/src/Illuminate/Database/Console/Migrations/MigrateCommand.php(89): Illuminate/Database/Console/Migrations/MigrateCommand->runMigrations()
#22 E:/EliteMark/base-api/vendor/laravel/framework/src/Illuminate/Container/BoundMethod.php(36): Illuminate/Database/Console/Migrations/MigrateCommand->handle()
#23 E:/EliteMark/base-api/vendor/laravel/framework/src/Illuminate/Container/Util.php(43): Illuminate/Container/BoundMethod::Illuminate/Container/{closure}()
#24 E:/EliteMark/base-api/vendor/laravel/framework/src/Illuminate/Container/BoundMethod.php(95): Illuminate/Container/Util::unwrapIfClosure(Object(Closure))
#25 E:/EliteMark/base-api/vendor/laravel/framework/src/Illuminate/Container/BoundMethod.php(35): Illuminate/Container/BoundMethod::callBoundMethod(Object(Illuminate/Foundation/Application), Array, Object(Closure))
#26 E:/EliteMark/base-api/vendor/laravel/framework/src/Illuminate/Container/Container.php(696): Illuminate/Container/BoundMethod::call(Object(Illuminate/Foundation/Application), Array, Array, NULL)
#27 E:/EliteMark/base-api/vendor/laravel/framework/src/Illuminate/Console/Command.php(213): Illuminate/Container/Container->call(Array)
#28 E:/EliteMark/base-api/vendor/symfony/console/Command/Command.php(341): Illuminate/Console/Command->execute(Object(Symfony/Component/Console/Input/ArrayInput), Object(Illuminate/Console/OutputStyle))
#29 E:/EliteMark/base-api/vendor/laravel/framework/src/Illuminate/Console/Command.php(182): Symfony/Component/Console/Command/Command->run(Object(Symfony/Component/Console/Input/ArrayInput), Object(Illuminate/Console/OutputStyle))
#30 E:/EliteMark/base-api/vendor/laravel/framework/src/Illuminate/Console/Concerns/CallsCommands.php(68): Illuminate/Console/Command->run(Object(Symfony/Component/Console/Input/ArrayInput), Object(Illuminate/Console/OutputStyle))
#31 E:/EliteMark/base-api/vendor/laravel/framework/src/Illuminate/Console/Concerns/CallsCommands.php(29): Illuminate/Console/Command->runCommand('migrate', Array, Object(Illuminate/Console/OutputStyle))
#32 E:/EliteMark/base-api/vendor/laravel/framework/src/Illuminate/Database/Console/Migrations/FreshCommand.php(82): Illuminate/Console/Command->call('migrate', Array)
#33 E:/EliteMark/base-api/vendor/laravel/framework/src/Illuminate/Container/BoundMethod.php(36): Illuminate/Database/Console/Migrations/FreshCommand->handle()
#34 E:/EliteMark/base-api/vendor/laravel/framework/src/Illuminate/Container/Util.php(43): Illuminate/Container/BoundMethod::Illuminate/Container/{closure}()
#35 E:/EliteMark/base-api/vendor/laravel/framework/src/Illuminate/Container/BoundMethod.php(95): Illuminate/Container/Util::unwrapIfClosure(Object(Closure))
#36 E:/EliteMark/base-api/vendor/laravel/framework/src/Illuminate/Container/BoundMethod.php(35): Illuminate/Container/BoundMethod::callBoundMethod(Object(Illuminate/Foundation/Application), Array, Object(Closure))
#37 E:/EliteMark/base-api/vendor/laravel/framework/src/Illuminate/Container/Container.php(696): Illuminate/Container/BoundMethod::call(Object(Illuminate/Foundation/Application), Array, Array, NULL)
#38 E:/EliteMark/base-api/vendor/laravel/framework/src/Illuminate/Console/Command.php(213): Illuminate/Container/Container->call(Array)
#39 E:/EliteMark/base-api/vendor/symfony/console/Command/Command.php(341): Illuminate/Console/Command->execute(Object(Symfony/Component/Console/Input/ArgvInput), Object(Illuminate/Console/OutputStyle))
#40 E:/EliteMark/base-api/vendor/laravel/framework/src/Illuminate/Console/Command.php(182): Symfony/Component/Console/Command/Command->run(Object(Symfony/Component/Console/Input/ArgvInput), Object(Illuminate/Console/OutputStyle))
#41 E:/EliteMark/base-api/vendor/symfony/console/Application.php(1117): Illuminate/Console/Command->run(Object(Symfony/Component/Console/Input/ArgvInput), Object(Symfony/Component/Console/Output/ConsoleOutput))
#42 E:/EliteMark/base-api/vendor/symfony/console/Application.php(356): Symfony/Component/Console/Application->doRunCommand(Object(Illuminate/Database/Console/Migrations/FreshCommand), Object(Symfony/Component/Console/Input/ArgvInput), Object(Symfony/Component/Console/Output/ConsoleOutput))
#43 E:/EliteMark/base-api/vendor/symfony/console/Application.php(195): Symfony/Component/Console/Application->doRun(Object(Symfony/Component/Console/Input/ArgvInput), Object(Symfony/Component/Console/Output/ConsoleOutput))
#44 E:/EliteMark/base-api/vendor/laravel/framework/src/Illuminate/Foundation/Console/Kernel.php(198): Symfony/Component/Console/Application->run(Object(Symfony/Component/Console/Input/ArgvInput), Object(Symfony/Component/Console/Output/ConsoleOutput))
#45 E:/EliteMark/base-api/vendor/laravel/framework/src/Illuminate/Foundation/Application.php(1235): Illuminate/Foundation/Console/Kernel->handle(Object(Symfony/Component/Console/Input/ArgvInput), Object(Symfony/Component/Console/Output/ConsoleOutput))
#46 E:/EliteMark/base-api/artisan(16): Illuminate/Foundation/Application->handleCommand(Object(Symfony/Component/Console/Input/ArgvInput))
#47 {main}
"} 
[2026-04-20 01:09:31] local.ERROR: SQLSTATE[HY000]: General error: 1005 Can't create table `laravel_api`.`menu_role` (errno: 150 "Foreign key constraint is incorrectly formed") (Connection: mysql, SQL: alter table `menu_role` add constraint `menu_role_role_id_foreign` foreign key (`role_id`) references `roles` (`id`) on delete cascade) {"exception":"[object] (Illuminate\\Database\\QueryException(code: HY000): SQLSTATE[HY000]: General error: 1005 Can't create table `laravel_api`.`menu_role` (errno: 150 \"Foreign key constraint is incorrectly formed\") (Connection: mysql, SQL: alter table `menu_role` add constraint `menu_role_role_id_foreign` foreign key (`role_id`) references `roles` (`id`) on delete cascade) at E:/EliteMark/base-api/vendor/laravel/framework/src/Illuminate/Database/Connection.php:825)
[stacktrace]
#0 E:/EliteMark/base-api/vendor/laravel/framework/src/Illuminate/Database/Connection.php(779): Illuminate/Database/Connection->runQueryCallback('alter table `me...', Array, Object(Closure))
#1 E:/EliteMark/base-api/vendor/laravel/framework/src/Illuminate/Database/Connection.php(560): Illuminate/Database/Connection->run('alter table `me...', Array, Object(Closure))
#2 E:/EliteMark/base-api/vendor/laravel/framework/src/Illuminate/Database/Schema/Blueprint.php(118): Illuminate/Database/Connection->statement('alter table `me...')
#3 E:/EliteMark/base-api/vendor/laravel/framework/src/Illuminate/Database/Schema/Builder.php(564): Illuminate/Database/Schema/Blueprint->build(Object(Illuminate/Database/MySqlConnection), Object(Illuminate/Database/Schema/Grammars/MySqlGrammar))
#4 E:/EliteMark/base-api/vendor/laravel/framework/src/Illuminate/Database/Schema/Builder.php(418): Illuminate/Database/Schema/Builder->build(Object(Illuminate/Database/Schema/Blueprint))
#5 E:/EliteMark/base-api/vendor/laravel/framework/src/Illuminate/Support/Facades/Facade.php(361): Illuminate/Database/Schema/Builder->create('menu_role', Object(Closure))
#6 E:/EliteMark/base-api/database/migrations/2024_01_01_000003_create_menus_table.php(38): Illuminate/Support/Facades/Facade::__callStatic('create', Array)
#7 E:/EliteMark/base-api/vendor/laravel/framework/src/Illuminate/Database/Migrations/Migrator.php(507): Illuminate/Database/Migrations/Migration@anonymous->up()
#8 E:/EliteMark/base-api/vendor/laravel/framework/src/Illuminate/Database/Migrations/Migrator.php(432): Illuminate/Database/Migrations/Migrator->runMethod(Object(Illuminate/Database/MySqlConnection), Object(Illuminate/Database/Migrations/Migration@anonymous), 'up')
#9 E:/EliteMark/base-api/vendor/laravel/framework/src/Illuminate/Database/Migrations/Migrator.php(441): Illuminate/Database/Migrations/Migrator->Illuminate/Database/Migrations/{closure}()
#10 E:/EliteMark/base-api/vendor/laravel/framework/src/Illuminate/Database/Migrations/Migrator.php(244): Illuminate/Database/Migrations/Migrator->runMigration(Object(Illuminate/Database/Migrations/Migration@anonymous), 'up')
#11 E:/EliteMark/base-api/vendor/laravel/framework/src/Illuminate/Console/View/Components/Task.php(40): Illuminate/Database/Migrations/Migrator->Illuminate/Database/Migrations/{closure}()
#12 E:/EliteMark/base-api/vendor/laravel/framework/src/Illuminate/Database/Migrations/Migrator.php(798): Illuminate/Console/View/Components/Task->render('2024_01_01_0000...', Object(Closure))
#13 E:/EliteMark/base-api/vendor/laravel/framework/src/Illuminate/Database/Migrations/Migrator.php(244): Illuminate/Database/Migrations/Migrator->write('Illuminate//Cons...', '2024_01_01_0000...', Object(Closure))
#14 E:/EliteMark/base-api/vendor/laravel/framework/src/Illuminate/Database/Migrations/Migrator.php(211): Illuminate/Database/Migrations/Migrator->runUp('E://EliteMark//ba...', 1, false)
#15 E:/EliteMark/base-api/vendor/laravel/framework/src/Illuminate/Database/Migrations/Migrator.php(138): Illuminate/Database/Migrations/Migrator->runPending(Array, Array)
#16 E:/EliteMark/base-api/vendor/laravel/framework/src/Illuminate/Database/Console/Migrations/MigrateCommand.php(117): Illuminate/Database/Migrations/Migrator->run(Array, Array)
#17 E:/EliteMark/base-api/vendor/laravel/framework/src/Illuminate/Database/Migrations/Migrator.php(658): Illuminate/Database/Console/Migrations/MigrateCommand->Illuminate/Database/Console/Migrations/{closure}()
#18 E:/EliteMark/base-api/vendor/laravel/framework/src/Illuminate/Database/Console/Migrations/MigrateCommand.php(110): Illuminate/Database/Migrations/Migrator->usingConnection(NULL, Object(Closure))
#19 E:/EliteMark/base-api/vendor/laravel/framework/src/Illuminate/Database/Console/Migrations/MigrateCommand.php(89): Illuminate/Database/Console/Migrations/MigrateCommand->runMigrations()
#20 E:/EliteMark/base-api/vendor/laravel/framework/src/Illuminate/Container/BoundMethod.php(36): Illuminate/Database/Console/Migrations/MigrateCommand->handle()
#21 E:/EliteMark/base-api/vendor/laravel/framework/src/Illuminate/Container/Util.php(43): Illuminate/Container/BoundMethod::Illuminate/Container/{closure}()
#22 E:/EliteMark/base-api/vendor/laravel/framework/src/Illuminate/Container/BoundMethod.php(95): Illuminate/Container/Util::unwrapIfClosure(Object(Closure))
#23 E:/EliteMark/base-api/vendor/laravel/framework/src/Illuminate/Container/BoundMethod.php(35): Illuminate/Container/BoundMethod::callBoundMethod(Object(Illuminate/Foundation/Application), Array, Object(Closure))
#24 E:/EliteMark/base-api/vendor/laravel/framework/src/Illuminate/Container/Container.php(696): Illuminate/Container/BoundMethod::call(Object(Illuminate/Foundation/Application), Array, Array, NULL)
#25 E:/EliteMark/base-api/vendor/laravel/framework/src/Illuminate/Console/Command.php(213): Illuminate/Container/Container->call(Array)
#26 E:/EliteMark/base-api/vendor/symfony/console/Command/Command.php(341): Illuminate/Console/Command->execute(Object(Symfony/Component/Console/Input/ArrayInput), Object(Illuminate/Console/OutputStyle))
#27 E:/EliteMark/base-api/vendor/laravel/framework/src/Illuminate/Console/Command.php(182): Symfony/Component/Console/Command/Command->run(Object(Symfony/Component/Console/Input/ArrayInput), Object(Illuminate/Console/OutputStyle))
#28 E:/EliteMark/base-api/vendor/laravel/framework/src/Illuminate/Console/Concerns/CallsCommands.php(68): Illuminate/Console/Command->run(Object(Symfony/Component/Console/Input/ArrayInput), Object(Illuminate/Console/OutputStyle))
#29 E:/EliteMark/base-api/vendor/laravel/framework/src/Illuminate/Console/Concerns/CallsCommands.php(29): Illuminate/Console/Command->runCommand('migrate', Array, Object(Illuminate/Console/OutputStyle))
#30 E:/EliteMark/base-api/vendor/laravel/framework/src/Illuminate/Database/Console/Migrations/FreshCommand.php(82): Illuminate/Console/Command->call('migrate', Array)
#31 E:/EliteMark/base-api/vendor/laravel/framework/src/Illuminate/Container/BoundMethod.php(36): Illuminate/Database/Console/Migrations/FreshCommand->handle()
#32 E:/EliteMark/base-api/vendor/laravel/framework/src/Illuminate/Container/Util.php(43): Illuminate/Container/BoundMethod::Illuminate/Container/{closure}()
#33 E:/EliteMark/base-api/vendor/laravel/framework/src/Illuminate/Container/BoundMethod.php(95): Illuminate/Container/Util::unwrapIfClosure(Object(Closure))
#34 E:/EliteMark/base-api/vendor/laravel/framework/src/Illuminate/Container/BoundMethod.php(35): Illuminate/Container/BoundMethod::callBoundMethod(Object(Illuminate/Foundation/Application), Array, Object(Closure))
#35 E:/EliteMark/base-api/vendor/laravel/framework/src/Illuminate/Container/Container.php(696): Illuminate/Container/BoundMethod::call(Object(Illuminate/Foundation/Application), Array, Array, NULL)
#36 E:/EliteMark/base-api/vendor/laravel/framework/src/Illuminate/Console/Command.php(213): Illuminate/Container/Container->call(Array)
#37 E:/EliteMark/base-api/vendor/symfony/console/Command/Command.php(341): Illuminate/Console/Command->execute(Object(Symfony/Component/Console/Input/ArgvInput), Object(Illuminate/Console/OutputStyle))
#38 E:/EliteMark/base-api/vendor/laravel/framework/src/Illuminate/Console/Command.php(182): Symfony/Component/Console/Command/Command->run(Object(Symfony/Component/Console/Input/ArgvInput), Object(Illuminate/Console/OutputStyle))
#39 E:/EliteMark/base-api/vendor/symfony/console/Application.php(1117): Illuminate/Console/Command->run(Object(Symfony/Component/Console/Input/ArgvInput), Object(Symfony/Component/Console/Output/ConsoleOutput))
#40 E:/EliteMark/base-api/vendor/symfony/console/Application.php(356): Symfony/Component/Console/Application->doRunCommand(Object(Illuminate/Database/Console/Migrations/FreshCommand), Object(Symfony/Component/Console/Input/ArgvInput), Object(Symfony/Component/Console/Output/ConsoleOutput))
#41 E:/EliteMark/base-api/vendor/symfony/console/Application.php(195): Symfony/Component/Console/Application->doRun(Object(Symfony/Component/Console/Input/ArgvInput), Object(Symfony/Component/Console/Output/ConsoleOutput))
#42 E:/EliteMark/base-api/vendor/laravel/framework/src/Illuminate/Foundation/Console/Kernel.php(198): Symfony/Component/Console/Application->run(Object(Symfony/Component/Console/Input/ArgvInput), Object(Symfony/Component/Console/Output/ConsoleOutput))
#43 E:/EliteMark/base-api/vendor/laravel/framework/src/Illuminate/Foundation/Application.php(1235): Illuminate/Foundation/Console/Kernel->handle(Object(Symfony/Component/Console/Input/ArgvInput), Object(Symfony/Component/Console/Output/ConsoleOutput))
#44 E:/EliteMark/base-api/artisan(16): Illuminate/Foundation/Application->handleCommand(Object(Symfony/Component/Console/Input/ArgvInput))
#45 {main}

[previous exception] [object] (PDOException(code: HY000): SQLSTATE[HY000]: General error: 1005 Can't create table `laravel_api`.`menu_role` (errno: 150 \"Foreign key constraint is incorrectly formed\") at E:/EliteMark/base-api/vendor/laravel/framework/src/Illuminate/Database/Connection.php:571)
[stacktrace]
#0 E:/EliteMark/base-api/vendor/laravel/framework/src/Illuminate/Database/Connection.php(571): PDOStatement->execute()
#1 E:/EliteMark/base-api/vendor/laravel/framework/src/Illuminate/Database/Connection.php(812): Illuminate/Database/Connection->Illuminate/Database/{closure}('alter table `me...', Array)
#2 E:/EliteMark/base-api/vendor/laravel/framework/src/Illuminate/Database/Connection.php(779): Illuminate/Database/Connection->runQueryCallback('alter table `me...', Array, Object(Closure))
#3 E:/EliteMark/base-api/vendor/laravel/framework/src/Illuminate/Database/Connection.php(560): Illuminate/Database/Connection->run('alter table `me...', Array, Object(Closure))
#4 E:/EliteMark/base-api/vendor/laravel/framework/src/Illuminate/Database/Schema/Blueprint.php(118): Illuminate/Database/Connection->statement('alter table `me...')
#5 E:/EliteMark/base-api/vendor/laravel/framework/src/Illuminate/Database/Schema/Builder.php(564): Illuminate/Database/Schema/Blueprint->build(Object(Illuminate/Database/MySqlConnection), Object(Illuminate/Database/Schema/Grammars/MySqlGrammar))
#6 E:/EliteMark/base-api/vendor/laravel/framework/src/Illuminate/Database/Schema/Builder.php(418): Illuminate/Database/Schema/Builder->build(Object(Illuminate/Database/Schema/Blueprint))
#7 E:/EliteMark/base-api/vendor/laravel/framework/src/Illuminate/Support/Facades/Facade.php(361): Illuminate/Database/Schema/Builder->create('menu_role', Object(Closure))
#8 E:/EliteMark/base-api/database/migrations/2024_01_01_000003_create_menus_table.php(38): Illuminate/Support/Facades/Facade::__callStatic('create', Array)
#9 E:/EliteMark/base-api/vendor/laravel/framework/src/Illuminate/Database/Migrations/Migrator.php(507): Illuminate/Database/Migrations/Migration@anonymous->up()
#10 E:/EliteMark/base-api/vendor/laravel/framework/src/Illuminate/Database/Migrations/Migrator.php(432): Illuminate/Database/Migrations/Migrator->runMethod(Object(Illuminate/Database/MySqlConnection), Object(Illuminate/Database/Migrations/Migration@anonymous), 'up')
#11 E:/EliteMark/base-api/vendor/laravel/framework/src/Illuminate/Database/Migrations/Migrator.php(441): Illuminate/Database/Migrations/Migrator->Illuminate/Database/Migrations/{closure}()
#12 E:/EliteMark/base-api/vendor/laravel/framework/src/Illuminate/Database/Migrations/Migrator.php(244): Illuminate/Database/Migrations/Migrator->runMigration(Object(Illuminate/Database/Migrations/Migration@anonymous), 'up')
#13 E:/EliteMark/base-api/vendor/laravel/framework/src/Illuminate/Console/View/Components/Task.php(40): Illuminate/Database/Migrations/Migrator->Illuminate/Database/Migrations/{closure}()
#14 E:/EliteMark/base-api/vendor/laravel/framework/src/Illuminate/Database/Migrations/Migrator.php(798): Illuminate/Console/View/Components/Task->render('2024_01_01_0000...', Object(Closure))
#15 E:/EliteMark/base-api/vendor/laravel/framework/src/Illuminate/Database/Migrations/Migrator.php(244): Illuminate/Database/Migrations/Migrator->write('Illuminate//Cons...', '2024_01_01_0000...', Object(Closure))
#16 E:/EliteMark/base-api/vendor/laravel/framework/src/Illuminate/Database/Migrations/Migrator.php(211): Illuminate/Database/Migrations/Migrator->runUp('E://EliteMark//ba...', 1, false)
#17 E:/EliteMark/base-api/vendor/laravel/framework/src/Illuminate/Database/Migrations/Migrator.php(138): Illuminate/Database/Migrations/Migrator->runPending(Array, Array)
#18 E:/EliteMark/base-api/vendor/laravel/framework/src/Illuminate/Database/Console/Migrations/MigrateCommand.php(117): Illuminate/Database/Migrations/Migrator->run(Array, Array)
#19 E:/EliteMark/base-api/vendor/laravel/framework/src/Illuminate/Database/Migrations/Migrator.php(658): Illuminate/Database/Console/Migrations/MigrateCommand->Illuminate/Database/Console/Migrations/{closure}()
#20 E:/EliteMark/base-api/vendor/laravel/framework/src/Illuminate/Database/Console/Migrations/MigrateCommand.php(110): Illuminate/Database/Migrations/Migrator->usingConnection(NULL, Object(Closure))
#21 E:/EliteMark/base-api/vendor/laravel/framework/src/Illuminate/Database/Console/Migrations/MigrateCommand.php(89): Illuminate/Database/Console/Migrations/MigrateCommand->runMigrations()
#22 E:/EliteMark/base-api/vendor/laravel/framework/src/Illuminate/Container/BoundMethod.php(36): Illuminate/Database/Console/Migrations/MigrateCommand->handle()
#23 E:/EliteMark/base-api/vendor/laravel/framework/src/Illuminate/Container/Util.php(43): Illuminate/Container/BoundMethod::Illuminate/Container/{closure}()
#24 E:/EliteMark/base-api/vendor/laravel/framework/src/Illuminate/Container/BoundMethod.php(95): Illuminate/Container/Util::unwrapIfClosure(Object(Closure))
#25 E:/EliteMark/base-api/vendor/laravel/framework/src/Illuminate/Container/BoundMethod.php(35): Illuminate/Container/BoundMethod::callBoundMethod(Object(Illuminate/Foundation/Application), Array, Object(Closure))
#26 E:/EliteMark/base-api/vendor/laravel/framework/src/Illuminate/Container/Container.php(696): Illuminate/Container/BoundMethod::call(Object(Illuminate/Foundation/Application), Array, Array, NULL)
#27 E:/EliteMark/base-api/vendor/laravel/framework/src/Illuminate/Console/Command.php(213): Illuminate/Container/Container->call(Array)
#28 E:/EliteMark/base-api/vendor/symfony/console/Command/Command.php(341): Illuminate/Console/Command->execute(Object(Symfony/Component/Console/Input/ArrayInput), Object(Illuminate/Console/OutputStyle))
#29 E:/EliteMark/base-api/vendor/laravel/framework/src/Illuminate/Console/Command.php(182): Symfony/Component/Console/Command/Command->run(Object(Symfony/Component/Console/Input/ArrayInput), Object(Illuminate/Console/OutputStyle))
#30 E:/EliteMark/base-api/vendor/laravel/framework/src/Illuminate/Console/Concerns/CallsCommands.php(68): Illuminate/Console/Command->run(Object(Symfony/Component/Console/Input/ArrayInput), Object(Illuminate/Console/OutputStyle))
#31 E:/EliteMark/base-api/vendor/laravel/framework/src/Illuminate/Console/Concerns/CallsCommands.php(29): Illuminate/Console/Command->runCommand('migrate', Array, Object(Illuminate/Console/OutputStyle))
#32 E:/EliteMark/base-api/vendor/laravel/framework/src/Illuminate/Database/Console/Migrations/FreshCommand.php(82): Illuminate/Console/Command->call('migrate', Array)
#33 E:/EliteMark/base-api/vendor/laravel/framework/src/Illuminate/Container/BoundMethod.php(36): Illuminate/Database/Console/Migrations/FreshCommand->handle()
#34 E:/EliteMark/base-api/vendor/laravel/framework/src/Illuminate/Container/Util.php(43): Illuminate/Container/BoundMethod::Illuminate/Container/{closure}()
#35 E:/EliteMark/base-api/vendor/laravel/framework/src/Illuminate/Container/BoundMethod.php(95): Illuminate/Container/Util::unwrapIfClosure(Object(Closure))
#36 E:/EliteMark/base-api/vendor/laravel/framework/src/Illuminate/Container/BoundMethod.php(35): Illuminate/Container/BoundMethod::callBoundMethod(Object(Illuminate/Foundation/Application), Array, Object(Closure))
#37 E:/EliteMark/base-api/vendor/laravel/framework/src/Illuminate/Container/Container.php(696): Illuminate/Container/BoundMethod::call(Object(Illuminate/Foundation/Application), Array, Array, NULL)
#38 E:/EliteMark/base-api/vendor/laravel/framework/src/Illuminate/Console/Command.php(213): Illuminate/Container/Container->call(Array)
#39 E:/EliteMark/base-api/vendor/symfony/console/Command/Command.php(341): Illuminate/Console/Command->execute(Object(Symfony/Component/Console/Input/ArgvInput), Object(Illuminate/Console/OutputStyle))
#40 E:/EliteMark/base-api/vendor/laravel/framework/src/Illuminate/Console/Command.php(182): Symfony/Component/Console/Command/Command->run(Object(Symfony/Component/Console/Input/ArgvInput), Object(Illuminate/Console/OutputStyle))
#41 E:/EliteMark/base-api/vendor/symfony/console/Application.php(1117): Illuminate/Console/Command->run(Object(Symfony/Component/Console/Input/ArgvInput), Object(Symfony/Component/Console/Output/ConsoleOutput))
#42 E:/EliteMark/base-api/vendor/symfony/console/Application.php(356): Symfony/Component/Console/Application->doRunCommand(Object(Illuminate/Database/Console/Migrations/FreshCommand), Object(Symfony/Component/Console/Input/ArgvInput), Object(Symfony/Component/Console/Output/ConsoleOutput))
#43 E:/EliteMark/base-api/vendor/symfony/console/Application.php(195): Symfony/Component/Console/Application->doRun(Object(Symfony/Component/Console/Input/ArgvInput), Object(Symfony/Component/Console/Output/ConsoleOutput))
#44 E:/EliteMark/base-api/vendor/laravel/framework/src/Illuminate/Foundation/Console/Kernel.php(198): Symfony/Component/Console/Application->run(Object(Symfony/Component/Console/Input/ArgvInput), Object(Symfony/Component/Console/Output/ConsoleOutput))
#45 E:/EliteMark/base-api/vendor/laravel/framework/src/Illuminate/Foundation/Application.php(1235): Illuminate/Foundation/Console/Kernel->handle(Object(Symfony/Component/Console/Input/ArgvInput), Object(Symfony/Component/Console/Output/ConsoleOutput))
#46 E:/EliteMark/base-api/artisan(16): Illuminate/Foundation/Application->handleCommand(Object(Symfony/Component/Console/Input/ArgvInput))
#47 {main}
"} 
[2026-04-20 01:11:12] local.ERROR: SQLSTATE[HY000]: General error: 1005 Can't create table `laravel_api`.`menu_role` (errno: 150 "Foreign key constraint is incorrectly formed") (Connection: mysql, SQL: alter table `menu_role` add constraint `menu_role_role_id_foreign` foreign key (`role_id`) references `roles` (`id`) on delete cascade) {"exception":"[object] (Illuminate\\Database\\QueryException(code: HY000): SQLSTATE[HY000]: General error: 1005 Can't create table `laravel_api`.`menu_role` (errno: 150 \"Foreign key constraint is incorrectly formed\") (Connection: mysql, SQL: alter table `menu_role` add constraint `menu_role_role_id_foreign` foreign key (`role_id`) references `roles` (`id`) on delete cascade) at E:/EliteMark/base-api/vendor/laravel/framework/src/Illuminate/Database/Connection.php:825)
[stacktrace]
#0 E:/EliteMark/base-api/vendor/laravel/framework/src/Illuminate/Database/Connection.php(779): Illuminate/Database/Connection->runQueryCallback('alter table `me...', Array, Object(Closure))
#1 E:/EliteMark/base-api/vendor/laravel/framework/src/Illuminate/Database/Connection.php(560): Illuminate/Database/Connection->run('alter table `me...', Array, Object(Closure))
#2 E:/EliteMark/base-api/vendor/laravel/framework/src/Illuminate/Database/Schema/Blueprint.php(118): Illuminate/Database/Connection->statement('alter table `me...')
#3 E:/EliteMark/base-api/vendor/laravel/framework/src/Illuminate/Database/Schema/Builder.php(564): Illuminate/Database/Schema/Blueprint->build(Object(Illuminate/Database/MySqlConnection), Object(Illuminate/Database/Schema/Grammars/MySqlGrammar))
#4 E:/EliteMark/base-api/vendor/laravel/framework/src/Illuminate/Database/Schema/Builder.php(418): Illuminate/Database/Schema/Builder->build(Object(Illuminate/Database/Schema/Blueprint))
#5 E:/EliteMark/base-api/vendor/laravel/framework/src/Illuminate/Support/Facades/Facade.php(361): Illuminate/Database/Schema/Builder->create('menu_role', Object(Closure))
#6 E:/EliteMark/base-api/database/migrations/2024_01_01_000003_create_menus_table.php(38): Illuminate/Support/Facades/Facade::__callStatic('create', Array)
#7 E:/EliteMark/base-api/vendor/laravel/framework/src/Illuminate/Database/Migrations/Migrator.php(507): Illuminate/Database/Migrations/Migration@anonymous->up()
#8 E:/EliteMark/base-api/vendor/laravel/framework/src/Illuminate/Database/Migrations/Migrator.php(432): Illuminate/Database/Migrations/Migrator->runMethod(Object(Illuminate/Database/MySqlConnection), Object(Illuminate/Database/Migrations/Migration@anonymous), 'up')
#9 E:/EliteMark/base-api/vendor/laravel/framework/src/Illuminate/Database/Migrations/Migrator.php(441): Illuminate/Database/Migrations/Migrator->Illuminate/Database/Migrations/{closure}()
#10 E:/EliteMark/base-api/vendor/laravel/framework/src/Illuminate/Database/Migrations/Migrator.php(244): Illuminate/Database/Migrations/Migrator->runMigration(Object(Illuminate/Database/Migrations/Migration@anonymous), 'up')
#11 E:/EliteMark/base-api/vendor/laravel/framework/src/Illuminate/Console/View/Components/Task.php(40): Illuminate/Database/Migrations/Migrator->Illuminate/Database/Migrations/{closure}()
#12 E:/EliteMark/base-api/vendor/laravel/framework/src/Illuminate/Database/Migrations/Migrator.php(798): Illuminate/Console/View/Components/Task->render('2024_01_01_0000...', Object(Closure))
#13 E:/EliteMark/base-api/vendor/laravel/framework/src/Illuminate/Database/Migrations/Migrator.php(244): Illuminate/Database/Migrations/Migrator->write('Illuminate//Cons...', '2024_01_01_0000...', Object(Closure))
#14 E:/EliteMark/base-api/vendor/laravel/framework/src/Illuminate/Database/Migrations/Migrator.php(211): Illuminate/Database/Migrations/Migrator->runUp('E://EliteMark//ba...', 1, false)
#15 E:/EliteMark/base-api/vendor/laravel/framework/src/Illuminate/Database/Migrations/Migrator.php(138): Illuminate/Database/Migrations/Migrator->runPending(Array, Array)
#16 E:/EliteMark/base-api/vendor/laravel/framework/src/Illuminate/Database/Console/Migrations/MigrateCommand.php(117): Illuminate/Database/Migrations/Migrator->run(Array, Array)
#17 E:/EliteMark/base-api/vendor/laravel/framework/src/Illuminate/Database/Migrations/Migrator.php(658): Illuminate/Database/Console/Migrations/MigrateCommand->Illuminate/Database/Console/Migrations/{closure}()
#18 E:/EliteMark/base-api/vendor/laravel/framework/src/Illuminate/Database/Console/Migrations/MigrateCommand.php(110): Illuminate/Database/Migrations/Migrator->usingConnection(NULL, Object(Closure))
#19 E:/EliteMark/base-api/vendor/laravel/framework/src/Illuminate/Database/Console/Migrations/MigrateCommand.php(89): Illuminate/Database/Console/Migrations/MigrateCommand->runMigrations()
#20 E:/EliteMark/base-api/vendor/laravel/framework/src/Illuminate/Container/BoundMethod.php(36): Illuminate/Database/Console/Migrations/MigrateCommand->handle()
#21 E:/EliteMark/base-api/vendor/laravel/framework/src/Illuminate/Container/Util.php(43): Illuminate/Container/BoundMethod::Illuminate/Container/{closure}()
#22 E:/EliteMark/base-api/vendor/laravel/framework/src/Illuminate/Container/BoundMethod.php(95): Illuminate/Container/Util::unwrapIfClosure(Object(Closure))
#23 E:/EliteMark/base-api/vendor/laravel/framework/src/Illuminate/Container/BoundMethod.php(35): Illuminate/Container/BoundMethod::callBoundMethod(Object(Illuminate/Foundation/Application), Array, Object(Closure))
#24 E:/EliteMark/base-api/vendor/laravel/framework/src/Illuminate/Container/Container.php(696): Illuminate/Container/BoundMethod::call(Object(Illuminate/Foundation/Application), Array, Array, NULL)
#25 E:/EliteMark/base-api/vendor/laravel/framework/src/Illuminate/Console/Command.php(213): Illuminate/Container/Container->call(Array)
#26 E:/EliteMark/base-api/vendor/symfony/console/Command/Command.php(341): Illuminate/Console/Command->execute(Object(Symfony/Component/Console/Input/ArrayInput), Object(Illuminate/Console/OutputStyle))
#27 E:/EliteMark/base-api/vendor/laravel/framework/src/Illuminate/Console/Command.php(182): Symfony/Component/Console/Command/Command->run(Object(Symfony/Component/Console/Input/ArrayInput), Object(Illuminate/Console/OutputStyle))
#28 E:/EliteMark/base-api/vendor/laravel/framework/src/Illuminate/Console/Concerns/CallsCommands.php(68): Illuminate/Console/Command->run(Object(Symfony/Component/Console/Input/ArrayInput), Object(Illuminate/Console/OutputStyle))
#29 E:/EliteMark/base-api/vendor/laravel/framework/src/Illuminate/Console/Concerns/CallsCommands.php(29): Illuminate/Console/Command->runCommand('migrate', Array, Object(Illuminate/Console/OutputStyle))
#30 E:/EliteMark/base-api/vendor/laravel/framework/src/Illuminate/Database/Console/Migrations/FreshCommand.php(82): Illuminate/Console/Command->call('migrate', Array)
#31 E:/EliteMark/base-api/vendor/laravel/framework/src/Illuminate/Container/BoundMethod.php(36): Illuminate/Database/Console/Migrations/FreshCommand->handle()
#32 E:/EliteMark/base-api/vendor/laravel/framework/src/Illuminate/Container/Util.php(43): Illuminate/Container/BoundMethod::Illuminate/Container/{closure}()
#33 E:/EliteMark/base-api/vendor/laravel/framework/src/Illuminate/Container/BoundMethod.php(95): Illuminate/Container/Util::unwrapIfClosure(Object(Closure))
#34 E:/EliteMark/base-api/vendor/laravel/framework/src/Illuminate/Container/BoundMethod.php(35): Illuminate/Container/BoundMethod::callBoundMethod(Object(Illuminate/Foundation/Application), Array, Object(Closure))
#35 E:/EliteMark/base-api/vendor/laravel/framework/src/Illuminate/Container/Container.php(696): Illuminate/Container/BoundMethod::call(Object(Illuminate/Foundation/Application), Array, Array, NULL)
#36 E:/EliteMark/base-api/vendor/laravel/framework/src/Illuminate/Console/Command.php(213): Illuminate/Container/Container->call(Array)
#37 E:/EliteMark/base-api/vendor/symfony/console/Command/Command.php(341): Illuminate/Console/Command->execute(Object(Symfony/Component/Console/Input/ArgvInput), Object(Illuminate/Console/OutputStyle))
#38 E:/EliteMark/base-api/vendor/laravel/framework/src/Illuminate/Console/Command.php(182): Symfony/Component/Console/Command/Command->run(Object(Symfony/Component/Console/Input/ArgvInput), Object(Illuminate/Console/OutputStyle))
#39 E:/EliteMark/base-api/vendor/symfony/console/Application.php(1117): Illuminate/Console/Command->run(Object(Symfony/Component/Console/Input/ArgvInput), Object(Symfony/Component/Console/Output/ConsoleOutput))
#40 E:/EliteMark/base-api/vendor/symfony/console/Application.php(356): Symfony/Component/Console/Application->doRunCommand(Object(Illuminate/Database/Console/Migrations/FreshCommand), Object(Symfony/Component/Console/Input/ArgvInput), Object(Symfony/Component/Console/Output/ConsoleOutput))
#41 E:/EliteMark/base-api/vendor/symfony/console/Application.php(195): Symfony/Component/Console/Application->doRun(Object(Symfony/Component/Console/Input/ArgvInput), Object(Symfony/Component/Console/Output/ConsoleOutput))
#42 E:/EliteMark/base-api/vendor/laravel/framework/src/Illuminate/Foundation/Console/Kernel.php(198): Symfony/Component/Console/Application->run(Object(Symfony/Component/Console/Input/ArgvInput), Object(Symfony/Component/Console/Output/ConsoleOutput))
#43 E:/EliteMark/base-api/vendor/laravel/framework/src/Illuminate/Foundation/Application.php(1235): Illuminate/Foundation/Console/Kernel->handle(Object(Symfony/Component/Console/Input/ArgvInput), Object(Symfony/Component/Console/Output/ConsoleOutput))
#44 E:/EliteMark/base-api/artisan(16): Illuminate/Foundation/Application->handleCommand(Object(Symfony/Component/Console/Input/ArgvInput))
#45 {main}

[previous exception] [object] (PDOException(code: HY000): SQLSTATE[HY000]: General error: 1005 Can't create table `laravel_api`.`menu_role` (errno: 150 \"Foreign key constraint is incorrectly formed\") at E:/EliteMark/base-api/vendor/laravel/framework/src/Illuminate/Database/Connection.php:571)
[stacktrace]
#0 E:/EliteMark/base-api/vendor/laravel/framework/src/Illuminate/Database/Connection.php(571): PDOStatement->execute()
#1 E:/EliteMark/base-api/vendor/laravel/framework/src/Illuminate/Database/Connection.php(812): Illuminate/Database/Connection->Illuminate/Database/{closure}('alter table `me...', Array)
#2 E:/EliteMark/base-api/vendor/laravel/framework/src/Illuminate/Database/Connection.php(779): Illuminate/Database/Connection->runQueryCallback('alter table `me...', Array, Object(Closure))
#3 E:/EliteMark/base-api/vendor/laravel/framework/src/Illuminate/Database/Connection.php(560): Illuminate/Database/Connection->run('alter table `me...', Array, Object(Closure))
#4 E:/EliteMark/base-api/vendor/laravel/framework/src/Illuminate/Database/Schema/Blueprint.php(118): Illuminate/Database/Connection->statement('alter table `me...')
#5 E:/EliteMark/base-api/vendor/laravel/framework/src/Illuminate/Database/Schema/Builder.php(564): Illuminate/Database/Schema/Blueprint->build(Object(Illuminate/Database/MySqlConnection), Object(Illuminate/Database/Schema/Grammars/MySqlGrammar))
#6 E:/EliteMark/base-api/vendor/laravel/framework/src/Illuminate/Database/Schema/Builder.php(418): Illuminate/Database/Schema/Builder->build(Object(Illuminate/Database/Schema/Blueprint))
#7 E:/EliteMark/base-api/vendor/laravel/framework/src/Illuminate/Support/Facades/Facade.php(361): Illuminate/Database/Schema/Builder->create('menu_role', Object(Closure))
#8 E:/EliteMark/base-api/database/migrations/2024_01_01_000003_create_menus_table.php(38): Illuminate/Support/Facades/Facade::__callStatic('create', Array)
#9 E:/EliteMark/base-api/vendor/laravel/framework/src/Illuminate/Database/Migrations/Migrator.php(507): Illuminate/Database/Migrations/Migration@anonymous->up()
#10 E:/EliteMark/base-api/vendor/laravel/framework/src/Illuminate/Database/Migrations/Migrator.php(432): Illuminate/Database/Migrations/Migrator->runMethod(Object(Illuminate/Database/MySqlConnection), Object(Illuminate/Database/Migrations/Migration@anonymous), 'up')
#11 E:/EliteMark/base-api/vendor/laravel/framework/src/Illuminate/Database/Migrations/Migrator.php(441): Illuminate/Database/Migrations/Migrator->Illuminate/Database/Migrations/{closure}()
#12 E:/EliteMark/base-api/vendor/laravel/framework/src/Illuminate/Database/Migrations/Migrator.php(244): Illuminate/Database/Migrations/Migrator->runMigration(Object(Illuminate/Database/Migrations/Migration@anonymous), 'up')
#13 E:/EliteMark/base-api/vendor/laravel/framework/src/Illuminate/Console/View/Components/Task.php(40): Illuminate/Database/Migrations/Migrator->Illuminate/Database/Migrations/{closure}()
#14 E:/EliteMark/base-api/vendor/laravel/framework/src/Illuminate/Database/Migrations/Migrator.php(798): Illuminate/Console/View/Components/Task->render('2024_01_01_0000...', Object(Closure))
#15 E:/EliteMark/base-api/vendor/laravel/framework/src/Illuminate/Database/Migrations/Migrator.php(244): Illuminate/Database/Migrations/Migrator->write('Illuminate//Cons...', '2024_01_01_0000...', Object(Closure))
#16 E:/EliteMark/base-api/vendor/laravel/framework/src/Illuminate/Database/Migrations/Migrator.php(211): Illuminate/Database/Migrations/Migrator->runUp('E://EliteMark//ba...', 1, false)
#17 E:/EliteMark/base-api/vendor/laravel/framework/src/Illuminate/Database/Migrations/Migrator.php(138): Illuminate/Database/Migrations/Migrator->runPending(Array, Array)
#18 E:/EliteMark/base-api/vendor/laravel/framework/src/Illuminate/Database/Console/Migrations/MigrateCommand.php(117): Illuminate/Database/Migrations/Migrator->run(Array, Array)
#19 E:/EliteMark/base-api/vendor/laravel/framework/src/Illuminate/Database/Migrations/Migrator.php(658): Illuminate/Database/Console/Migrations/MigrateCommand->Illuminate/Database/Console/Migrations/{closure}()
#20 E:/EliteMark/base-api/vendor/laravel/framework/src/Illuminate/Database/Console/Migrations/MigrateCommand.php(110): Illuminate/Database/Migrations/Migrator->usingConnection(NULL, Object(Closure))
#21 E:/EliteMark/base-api/vendor/laravel/framework/src/Illuminate/Database/Console/Migrations/MigrateCommand.php(89): Illuminate/Database/Console/Migrations/MigrateCommand->runMigrations()
#22 E:/EliteMark/base-api/vendor/laravel/framework/src/Illuminate/Container/BoundMethod.php(36): Illuminate/Database/Console/Migrations/MigrateCommand->handle()
#23 E:/EliteMark/base-api/vendor/laravel/framework/src/Illuminate/Container/Util.php(43): Illuminate/Container/BoundMethod::Illuminate/Container/{closure}()
#24 E:/EliteMark/base-api/vendor/laravel/framework/src/Illuminate/Container/BoundMethod.php(95): Illuminate/Container/Util::unwrapIfClosure(Object(Closure))
#25 E:/EliteMark/base-api/vendor/laravel/framework/src/Illuminate/Container/BoundMethod.php(35): Illuminate/Container/BoundMethod::callBoundMethod(Object(Illuminate/Foundation/Application), Array, Object(Closure))
#26 E:/EliteMark/base-api/vendor/laravel/framework/src/Illuminate/Container/Container.php(696): Illuminate/Container/BoundMethod::call(Object(Illuminate/Foundation/Application), Array, Array, NULL)
#27 E:/EliteMark/base-api/vendor/laravel/framework/src/Illuminate/Console/Command.php(213): Illuminate/Container/Container->call(Array)
#28 E:/EliteMark/base-api/vendor/symfony/console/Command/Command.php(341): Illuminate/Console/Command->execute(Object(Symfony/Component/Console/Input/ArrayInput), Object(Illuminate/Console/OutputStyle))
#29 E:/EliteMark/base-api/vendor/laravel/framework/src/Illuminate/Console/Command.php(182): Symfony/Component/Console/Command/Command->run(Object(Symfony/Component/Console/Input/ArrayInput), Object(Illuminate/Console/OutputStyle))
#30 E:/EliteMark/base-api/vendor/laravel/framework/src/Illuminate/Console/Concerns/CallsCommands.php(68): Illuminate/Console/Command->run(Object(Symfony/Component/Console/Input/ArrayInput), Object(Illuminate/Console/OutputStyle))
#31 E:/EliteMark/base-api/vendor/laravel/framework/src/Illuminate/Console/Concerns/CallsCommands.php(29): Illuminate/Console/Command->runCommand('migrate', Array, Object(Illuminate/Console/OutputStyle))
#32 E:/EliteMark/base-api/vendor/laravel/framework/src/Illuminate/Database/Console/Migrations/FreshCommand.php(82): Illuminate/Console/Command->call('migrate', Array)
#33 E:/EliteMark/base-api/vendor/laravel/framework/src/Illuminate/Container/BoundMethod.php(36): Illuminate/Database/Console/Migrations/FreshCommand->handle()
#34 E:/EliteMark/base-api/vendor/laravel/framework/src/Illuminate/Container/Util.php(43): Illuminate/Container/BoundMethod::Illuminate/Container/{closure}()
#35 E:/EliteMark/base-api/vendor/laravel/framework/src/Illuminate/Container/BoundMethod.php(95): Illuminate/Container/Util::unwrapIfClosure(Object(Closure))
#36 E:/EliteMark/base-api/vendor/laravel/framework/src/Illuminate/Container/BoundMethod.php(35): Illuminate/Container/BoundMethod::callBoundMethod(Object(Illuminate/Foundation/Application), Array, Object(Closure))
#37 E:/EliteMark/base-api/vendor/laravel/framework/src/Illuminate/Container/Container.php(696): Illuminate/Container/BoundMethod::call(Object(Illuminate/Foundation/Application), Array, Array, NULL)
#38 E:/EliteMark/base-api/vendor/laravel/framework/src/Illuminate/Console/Command.php(213): Illuminate/Container/Container->call(Array)
#39 E:/EliteMark/base-api/vendor/symfony/console/Command/Command.php(341): Illuminate/Console/Command->execute(Object(Symfony/Component/Console/Input/ArgvInput), Object(Illuminate/Console/OutputStyle))
#40 E:/EliteMark/base-api/vendor/laravel/framework/src/Illuminate/Console/Command.php(182): Symfony/Component/Console/Command/Command->run(Object(Symfony/Component/Console/Input/ArgvInput), Object(Illuminate/Console/OutputStyle))
#41 E:/EliteMark/base-api/vendor/symfony/console/Application.php(1117): Illuminate/Console/Command->run(Object(Symfony/Component/Console/Input/ArgvInput), Object(Symfony/Component/Console/Output/ConsoleOutput))
#42 E:/EliteMark/base-api/vendor/symfony/console/Application.php(356): Symfony/Component/Console/Application->doRunCommand(Object(Illuminate/Database/Console/Migrations/FreshCommand), Object(Symfony/Component/Console/Input/ArgvInput), Object(Symfony/Component/Console/Output/ConsoleOutput))
#43 E:/EliteMark/base-api/vendor/symfony/console/Application.php(195): Symfony/Component/Console/Application->doRun(Object(Symfony/Component/Console/Input/ArgvInput), Object(Symfony/Component/Console/Output/ConsoleOutput))
#44 E:/EliteMark/base-api/vendor/laravel/framework/src/Illuminate/Foundation/Console/Kernel.php(198): Symfony/Component/Console/Application->run(Object(Symfony/Component/Console/Input/ArgvInput), Object(Symfony/Component/Console/Output/ConsoleOutput))
#45 E:/EliteMark/base-api/vendor/laravel/framework/src/Illuminate/Foundation/Application.php(1235): Illuminate/Foundation/Console/Kernel->handle(Object(Symfony/Component/Console/Input/ArgvInput), Object(Symfony/Component/Console/Output/ConsoleOutput))
#46 E:/EliteMark/base-api/artisan(16): Illuminate/Foundation/Application->handleCommand(Object(Symfony/Component/Console/Input/ArgvInput))
#47 {main}
"} 
[2026-04-20 01:13:49] local.ERROR: SQLSTATE[42S02]: Base table or view not found: 1146 Table 'laravel_api.cache' doesn't exist (Connection: mysql, SQL: delete from `cache` where `key` in (laravel_api_boilerplate_cache_spatie.permission.cache, laravel_api_boilerplate_cache_illuminate:cache:flexible:created:spatie.permission.cache)) {"exception":"[object] (Illuminate\\Database\\QueryException(code: 42S02): SQLSTATE[42S02]: Base table or view not found: 1146 Table 'laravel_api.cache' doesn't exist (Connection: mysql, SQL: delete from `cache` where `key` in (laravel_api_boilerplate_cache_spatie.permission.cache, laravel_api_boilerplate_cache_illuminate:cache:flexible:created:spatie.permission.cache)) at E:/EliteMark/base-api/vendor/laravel/framework/src/Illuminate/Database/Connection.php:825)
[stacktrace]
#0 E:/EliteMark/base-api/vendor/laravel/framework/src/Illuminate/Database/Connection.php(779): Illuminate/Database/Connection->runQueryCallback('delete from `ca...', Array, Object(Closure))
#1 E:/EliteMark/base-api/vendor/laravel/framework/src/Illuminate/Database/Connection.php(584): Illuminate/Database/Connection->run('delete from `ca...', Array, Object(Closure))
#2 E:/EliteMark/base-api/vendor/laravel/framework/src/Illuminate/Database/Connection.php(548): Illuminate/Database/Connection->affectingStatement('delete from `ca...', Array)
#3 E:/EliteMark/base-api/vendor/laravel/framework/src/Illuminate/Database/Query/Builder.php(4024): Illuminate/Database/Connection->delete('delete from `ca...', Array)
#4 E:/EliteMark/base-api/vendor/laravel/framework/src/Illuminate/Cache/DatabaseStore.php(387): Illuminate/Database/Query/Builder->delete()
#5 E:/EliteMark/base-api/vendor/laravel/framework/src/Illuminate/Cache/DatabaseStore.php(362): Illuminate/Cache/DatabaseStore->forgetMany(Array)
#6 E:/EliteMark/base-api/vendor/laravel/framework/src/Illuminate/Cache/Repository.php(534): Illuminate/Cache/DatabaseStore->forget('spatie.permissi...')
#7 E:/EliteMark/base-api/database/migrations/2026_04_20_010310_create_permission_tables.php(116): Illuminate/Cache/Repository->forget('spatie.permissi...')
#8 E:/EliteMark/base-api/vendor/laravel/framework/src/Illuminate/Database/Migrations/Migrator.php(507): Illuminate/Database/Migrations/Migration@anonymous->up()
#9 E:/EliteMark/base-api/vendor/laravel/framework/src/Illuminate/Database/Migrations/Migrator.php(432): Illuminate/Database/Migrations/Migrator->runMethod(Object(Illuminate/Database/MySqlConnection), Object(Illuminate/Database/Migrations/Migration@anonymous), 'up')
#10 E:/EliteMark/base-api/vendor/laravel/framework/src/Illuminate/Database/Migrations/Migrator.php(441): Illuminate/Database/Migrations/Migrator->Illuminate/Database/Migrations/{closure}()
#11 E:/EliteMark/base-api/vendor/laravel/framework/src/Illuminate/Database/Migrations/Migrator.php(244): Illuminate/Database/Migrations/Migrator->runMigration(Object(Illuminate/Database/Migrations/Migration@anonymous), 'up')
#12 E:/EliteMark/base-api/vendor/laravel/framework/src/Illuminate/Console/View/Components/Task.php(40): Illuminate/Database/Migrations/Migrator->Illuminate/Database/Migrations/{closure}()
#13 E:/EliteMark/base-api/vendor/laravel/framework/src/Illuminate/Database/Migrations/Migrator.php(798): Illuminate/Console/View/Components/Task->render('2026_04_20_0103...', Object(Closure))
#14 E:/EliteMark/base-api/vendor/laravel/framework/src/Illuminate/Database/Migrations/Migrator.php(244): Illuminate/Database/Migrations/Migrator->write('Illuminate//Cons...', '2026_04_20_0103...', Object(Closure))
#15 E:/EliteMark/base-api/vendor/laravel/framework/src/Illuminate/Database/Migrations/Migrator.php(211): Illuminate/Database/Migrations/Migrator->runUp('E://EliteMark//ba...', 1, false)
#16 E:/EliteMark/base-api/vendor/laravel/framework/src/Illuminate/Database/Migrations/Migrator.php(138): Illuminate/Database/Migrations/Migrator->runPending(Array, Array)
#17 E:/EliteMark/base-api/vendor/laravel/framework/src/Illuminate/Database/Console/Migrations/MigrateCommand.php(117): Illuminate/Database/Migrations/Migrator->run(Array, Array)
#18 E:/EliteMark/base-api/vendor/laravel/framework/src/Illuminate/Database/Migrations/Migrator.php(658): Illuminate/Database/Console/Migrations/MigrateCommand->Illuminate/Database/Console/Migrations/{closure}()
#19 E:/EliteMark/base-api/vendor/laravel/framework/src/Illuminate/Database/Console/Migrations/MigrateCommand.php(110): Illuminate/Database/Migrations/Migrator->usingConnection(NULL, Object(Closure))
#20 E:/EliteMark/base-api/vendor/laravel/framework/src/Illuminate/Database/Console/Migrations/MigrateCommand.php(89): Illuminate/Database/Console/Migrations/MigrateCommand->runMigrations()
#21 E:/EliteMark/base-api/vendor/laravel/framework/src/Illuminate/Container/BoundMethod.php(36): Illuminate/Database/Console/Migrations/MigrateCommand->handle()
#22 E:/EliteMark/base-api/vendor/laravel/framework/src/Illuminate/Container/Util.php(43): Illuminate/Container/BoundMethod::Illuminate/Container/{closure}()
#23 E:/EliteMark/base-api/vendor/laravel/framework/src/Illuminate/Container/BoundMethod.php(95): Illuminate/Container/Util::unwrapIfClosure(Object(Closure))
#24 E:/EliteMark/base-api/vendor/laravel/framework/src/Illuminate/Container/BoundMethod.php(35): Illuminate/Container/BoundMethod::callBoundMethod(Object(Illuminate/Foundation/Application), Array, Object(Closure))
#25 E:/EliteMark/base-api/vendor/laravel/framework/src/Illuminate/Container/Container.php(696): Illuminate/Container/BoundMethod::call(Object(Illuminate/Foundation/Application), Array, Array, NULL)
#26 E:/EliteMark/base-api/vendor/laravel/framework/src/Illuminate/Console/Command.php(213): Illuminate/Container/Container->call(Array)
#27 E:/EliteMark/base-api/vendor/symfony/console/Command/Command.php(341): Illuminate/Console/Command->execute(Object(Symfony/Component/Console/Input/ArrayInput), Object(Illuminate/Console/OutputStyle))
#28 E:/EliteMark/base-api/vendor/laravel/framework/src/Illuminate/Console/Command.php(182): Symfony/Component/Console/Command/Command->run(Object(Symfony/Component/Console/Input/ArrayInput), Object(Illuminate/Console/OutputStyle))
#29 E:/EliteMark/base-api/vendor/laravel/framework/src/Illuminate/Console/Concerns/CallsCommands.php(68): Illuminate/Console/Command->run(Object(Symfony/Component/Console/Input/ArrayInput), Object(Illuminate/Console/OutputStyle))
#30 E:/EliteMark/base-api/vendor/laravel/framework/src/Illuminate/Console/Concerns/CallsCommands.php(29): Illuminate/Console/Command->runCommand('migrate', Array, Object(Illuminate/Console/OutputStyle))
#31 E:/EliteMark/base-api/vendor/laravel/framework/src/Illuminate/Database/Console/Migrations/FreshCommand.php(82): Illuminate/Console/Command->call('migrate', Array)
#32 E:/EliteMark/base-api/vendor/laravel/framework/src/Illuminate/Container/BoundMethod.php(36): Illuminate/Database/Console/Migrations/FreshCommand->handle()
#33 E:/EliteMark/base-api/vendor/laravel/framework/src/Illuminate/Container/Util.php(43): Illuminate/Container/BoundMethod::Illuminate/Container/{closure}()
#34 E:/EliteMark/base-api/vendor/laravel/framework/src/Illuminate/Container/BoundMethod.php(95): Illuminate/Container/Util::unwrapIfClosure(Object(Closure))
#35 E:/EliteMark/base-api/vendor/laravel/framework/src/Illuminate/Container/BoundMethod.php(35): Illuminate/Container/BoundMethod::callBoundMethod(Object(Illuminate/Foundation/Application), Array, Object(Closure))
#36 E:/EliteMark/base-api/vendor/laravel/framework/src/Illuminate/Container/Container.php(696): Illuminate/Container/BoundMethod::call(Object(Illuminate/Foundation/Application), Array, Array, NULL)
#37 E:/EliteMark/base-api/vendor/laravel/framework/src/Illuminate/Console/Command.php(213): Illuminate/Container/Container->call(Array)
#38 E:/EliteMark/base-api/vendor/symfony/console/Command/Command.php(341): Illuminate/Console/Command->execute(Object(Symfony/Component/Console/Input/ArgvInput), Object(Illuminate/Console/OutputStyle))
#39 E:/EliteMark/base-api/vendor/laravel/framework/src/Illuminate/Console/Command.php(182): Symfony/Component/Console/Command/Command->run(Object(Symfony/Component/Console/Input/ArgvInput), Object(Illuminate/Console/OutputStyle))
#40 E:/EliteMark/base-api/vendor/symfony/console/Application.php(1117): Illuminate/Console/Command->run(Object(Symfony/Component/Console/Input/ArgvInput), Object(Symfony/Component/Console/Output/ConsoleOutput))
#41 E:/EliteMark/base-api/vendor/symfony/console/Application.php(356): Symfony/Component/Console/Application->doRunCommand(Object(Illuminate/Database/Console/Migrations/FreshCommand), Object(Symfony/Component/Console/Input/ArgvInput), Object(Symfony/Component/Console/Output/ConsoleOutput))
#42 E:/EliteMark/base-api/vendor/symfony/console/Application.php(195): Symfony/Component/Console/Application->doRun(Object(Symfony/Component/Console/Input/ArgvInput), Object(Symfony/Component/Console/Output/ConsoleOutput))
#43 E:/EliteMark/base-api/vendor/laravel/framework/src/Illuminate/Foundation/Console/Kernel.php(198): Symfony/Component/Console/Application->run(Object(Symfony/Component/Console/Input/ArgvInput), Object(Symfony/Component/Console/Output/ConsoleOutput))
#44 E:/EliteMark/base-api/vendor/laravel/framework/src/Illuminate/Foundation/Application.php(1235): Illuminate/Foundation/Console/Kernel->handle(Object(Symfony/Component/Console/Input/ArgvInput), Object(Symfony/Component/Console/Output/ConsoleOutput))
#45 E:/EliteMark/base-api/artisan(16): Illuminate/Foundation/Application->handleCommand(Object(Symfony/Component/Console/Input/ArgvInput))
#46 {main}

[previous exception] [object] (PDOException(code: 42S02): SQLSTATE[42S02]: Base table or view not found: 1146 Table 'laravel_api.cache' doesn't exist at E:/EliteMark/base-api/vendor/laravel/framework/src/Illuminate/Database/Connection.php:592)
[stacktrace]
#0 E:/EliteMark/base-api/vendor/laravel/framework/src/Illuminate/Database/Connection.php(592): PDO->prepare('delete from `ca...')
#1 E:/EliteMark/base-api/vendor/laravel/framework/src/Illuminate/Database/Connection.php(812): Illuminate/Database/Connection->Illuminate/Database/{closure}('delete from `ca...', Array)
#2 E:/EliteMark/base-api/vendor/laravel/framework/src/Illuminate/Database/Connection.php(779): Illuminate/Database/Connection->runQueryCallback('delete from `ca...', Array, Object(Closure))
#3 E:/EliteMark/base-api/vendor/laravel/framework/src/Illuminate/Database/Connection.php(584): Illuminate/Database/Connection->run('delete from `ca...', Array, Object(Closure))
#4 E:/EliteMark/base-api/vendor/laravel/framework/src/Illuminate/Database/Connection.php(548): Illuminate/Database/Connection->affectingStatement('delete from `ca...', Array)
#5 E:/EliteMark/base-api/vendor/laravel/framework/src/Illuminate/Database/Query/Builder.php(4024): Illuminate/Database/Connection->delete('delete from `ca...', Array)
#6 E:/EliteMark/base-api/vendor/laravel/framework/src/Illuminate/Cache/DatabaseStore.php(387): Illuminate/Database/Query/Builder->delete()
#7 E:/EliteMark/base-api/vendor/laravel/framework/src/Illuminate/Cache/DatabaseStore.php(362): Illuminate/Cache/DatabaseStore->forgetMany(Array)
#8 E:/EliteMark/base-api/vendor/laravel/framework/src/Illuminate/Cache/Repository.php(534): Illuminate/Cache/DatabaseStore->forget('spatie.permissi...')
#9 E:/EliteMark/base-api/database/migrations/2026_04_20_010310_create_permission_tables.php(116): Illuminate/Cache/Repository->forget('spatie.permissi...')
#10 E:/EliteMark/base-api/vendor/laravel/framework/src/Illuminate/Database/Migrations/Migrator.php(507): Illuminate/Database/Migrations/Migration@anonymous->up()
#11 E:/EliteMark/base-api/vendor/laravel/framework/src/Illuminate/Database/Migrations/Migrator.php(432): Illuminate/Database/Migrations/Migrator->runMethod(Object(Illuminate/Database/MySqlConnection), Object(Illuminate/Database/Migrations/Migration@anonymous), 'up')
#12 E:/EliteMark/base-api/vendor/laravel/framework/src/Illuminate/Database/Migrations/Migrator.php(441): Illuminate/Database/Migrations/Migrator->Illuminate/Database/Migrations/{closure}()
#13 E:/EliteMark/base-api/vendor/laravel/framework/src/Illuminate/Database/Migrations/Migrator.php(244): Illuminate/Database/Migrations/Migrator->runMigration(Object(Illuminate/Database/Migrations/Migration@anonymous), 'up')
#14 E:/EliteMark/base-api/vendor/laravel/framework/src/Illuminate/Console/View/Components/Task.php(40): Illuminate/Database/Migrations/Migrator->Illuminate/Database/Migrations/{closure}()
#15 E:/EliteMark/base-api/vendor/laravel/framework/src/Illuminate/Database/Migrations/Migrator.php(798): Illuminate/Console/View/Components/Task->render('2026_04_20_0103...', Object(Closure))
#16 E:/EliteMark/base-api/vendor/laravel/framework/src/Illuminate/Database/Migrations/Migrator.php(244): Illuminate/Database/Migrations/Migrator->write('Illuminate//Cons...', '2026_04_20_0103...', Object(Closure))
#17 E:/EliteMark/base-api/vendor/laravel/framework/src/Illuminate/Database/Migrations/Migrator.php(211): Illuminate/Database/Migrations/Migrator->runUp('E://EliteMark//ba...', 1, false)
#18 E:/EliteMark/base-api/vendor/laravel/framework/src/Illuminate/Database/Migrations/Migrator.php(138): Illuminate/Database/Migrations/Migrator->runPending(Array, Array)
#19 E:/EliteMark/base-api/vendor/laravel/framework/src/Illuminate/Database/Console/Migrations/MigrateCommand.php(117): Illuminate/Database/Migrations/Migrator->run(Array, Array)
#20 E:/EliteMark/base-api/vendor/laravel/framework/src/Illuminate/Database/Migrations/Migrator.php(658): Illuminate/Database/Console/Migrations/MigrateCommand->Illuminate/Database/Console/Migrations/{closure}()
#21 E:/EliteMark/base-api/vendor/laravel/framework/src/Illuminate/Database/Console/Migrations/MigrateCommand.php(110): Illuminate/Database/Migrations/Migrator->usingConnection(NULL, Object(Closure))
#22 E:/EliteMark/base-api/vendor/laravel/framework/src/Illuminate/Database/Console/Migrations/MigrateCommand.php(89): Illuminate/Database/Console/Migrations/MigrateCommand->runMigrations()
#23 E:/EliteMark/base-api/vendor/laravel/framework/src/Illuminate/Container/BoundMethod.php(36): Illuminate/Database/Console/Migrations/MigrateCommand->handle()
#24 E:/EliteMark/base-api/vendor/laravel/framework/src/Illuminate/Container/Util.php(43): Illuminate/Container/BoundMethod::Illuminate/Container/{closure}()
#25 E:/EliteMark/base-api/vendor/laravel/framework/src/Illuminate/Container/BoundMethod.php(95): Illuminate/Container/Util::unwrapIfClosure(Object(Closure))
#26 E:/EliteMark/base-api/vendor/laravel/framework/src/Illuminate/Container/BoundMethod.php(35): Illuminate/Container/BoundMethod::callBoundMethod(Object(Illuminate/Foundation/Application), Array, Object(Closure))
#27 E:/EliteMark/base-api/vendor/laravel/framework/src/Illuminate/Container/Container.php(696): Illuminate/Container/BoundMethod::call(Object(Illuminate/Foundation/Application), Array, Array, NULL)
#28 E:/EliteMark/base-api/vendor/laravel/framework/src/Illuminate/Console/Command.php(213): Illuminate/Container/Container->call(Array)
#29 E:/EliteMark/base-api/vendor/symfony/console/Command/Command.php(341): Illuminate/Console/Command->execute(Object(Symfony/Component/Console/Input/ArrayInput), Object(Illuminate/Console/OutputStyle))
#30 E:/EliteMark/base-api/vendor/laravel/framework/src/Illuminate/Console/Command.php(182): Symfony/Component/Console/Command/Command->run(Object(Symfony/Component/Console/Input/ArrayInput), Object(Illuminate/Console/OutputStyle))
#31 E:/EliteMark/base-api/vendor/laravel/framework/src/Illuminate/Console/Concerns/CallsCommands.php(68): Illuminate/Console/Command->run(Object(Symfony/Component/Console/Input/ArrayInput), Object(Illuminate/Console/OutputStyle))
#32 E:/EliteMark/base-api/vendor/laravel/framework/src/Illuminate/Console/Concerns/CallsCommands.php(29): Illuminate/Console/Command->runCommand('migrate', Array, Object(Illuminate/Console/OutputStyle))
#33 E:/EliteMark/base-api/vendor/laravel/framework/src/Illuminate/Database/Console/Migrations/FreshCommand.php(82): Illuminate/Console/Command->call('migrate', Array)
#34 E:/EliteMark/base-api/vendor/laravel/framework/src/Illuminate/Container/BoundMethod.php(36): Illuminate/Database/Console/Migrations/FreshCommand->handle()
#35 E:/EliteMark/base-api/vendor/laravel/framework/src/Illuminate/Container/Util.php(43): Illuminate/Container/BoundMethod::Illuminate/Container/{closure}()
#36 E:/EliteMark/base-api/vendor/laravel/framework/src/Illuminate/Container/BoundMethod.php(95): Illuminate/Container/Util::unwrapIfClosure(Object(Closure))
#37 E:/EliteMark/base-api/vendor/laravel/framework/src/Illuminate/Container/BoundMethod.php(35): Illuminate/Container/BoundMethod::callBoundMethod(Object(Illuminate/Foundation/Application), Array, Object(Closure))
#38 E:/EliteMark/base-api/vendor/laravel/framework/src/Illuminate/Container/Container.php(696): Illuminate/Container/BoundMethod::call(Object(Illuminate/Foundation/Application), Array, Array, NULL)
#39 E:/EliteMark/base-api/vendor/laravel/framework/src/Illuminate/Console/Command.php(213): Illuminate/Container/Container->call(Array)
#40 E:/EliteMark/base-api/vendor/symfony/console/Command/Command.php(341): Illuminate/Console/Command->execute(Object(Symfony/Component/Console/Input/ArgvInput), Object(Illuminate/Console/OutputStyle))
#41 E:/EliteMark/base-api/vendor/laravel/framework/src/Illuminate/Console/Command.php(182): Symfony/Component/Console/Command/Command->run(Object(Symfony/Component/Console/Input/ArgvInput), Object(Illuminate/Console/OutputStyle))
#42 E:/EliteMark/base-api/vendor/symfony/console/Application.php(1117): Illuminate/Console/Command->run(Object(Symfony/Component/Console/Input/ArgvInput), Object(Symfony/Component/Console/Output/ConsoleOutput))
#43 E:/EliteMark/base-api/vendor/symfony/console/Application.php(356): Symfony/Component/Console/Application->doRunCommand(Object(Illuminate/Database/Console/Migrations/FreshCommand), Object(Symfony/Component/Console/Input/ArgvInput), Object(Symfony/Component/Console/Output/ConsoleOutput))
#44 E:/EliteMark/base-api/vendor/symfony/console/Application.php(195): Symfony/Component/Console/Application->doRun(Object(Symfony/Component/Console/Input/ArgvInput), Object(Symfony/Component/Console/Output/ConsoleOutput))
#45 E:/EliteMark/base-api/vendor/laravel/framework/src/Illuminate/Foundation/Console/Kernel.php(198): Symfony/Component/Console/Application->run(Object(Symfony/Component/Console/Input/ArgvInput), Object(Symfony/Component/Console/Output/ConsoleOutput))
#46 E:/EliteMark/base-api/vendor/laravel/framework/src/Illuminate/Foundation/Application.php(1235): Illuminate/Foundation/Console/Kernel->handle(Object(Symfony/Component/Console/Input/ArgvInput), Object(Symfony/Component/Console/Output/ConsoleOutput))
#47 E:/EliteMark/base-api/artisan(16): Illuminate/Foundation/Application->handleCommand(Object(Symfony/Component/Console/Input/ArgvInput))
#48 {main}
"} 
[2026-04-20 01:15:11] local.ERROR: SQLSTATE[42S02]: Base table or view not found: 1146 Table 'laravel_api.cache' doesn't exist (Connection: mysql, SQL: delete from `cache` where `key` in (laravel_api_boilerplate_cache_spatie.permission.cache, laravel_api_boilerplate_cache_illuminate:cache:flexible:created:spatie.permission.cache)) {"exception":"[object] (Illuminate\\Database\\QueryException(code: 42S02): SQLSTATE[42S02]: Base table or view not found: 1146 Table 'laravel_api.cache' doesn't exist (Connection: mysql, SQL: delete from `cache` where `key` in (laravel_api_boilerplate_cache_spatie.permission.cache, laravel_api_boilerplate_cache_illuminate:cache:flexible:created:spatie.permission.cache)) at E:/EliteMark/base-api/vendor/laravel/framework/src/Illuminate/Database/Connection.php:825)
[stacktrace]
#0 E:/EliteMark/base-api/vendor/laravel/framework/src/Illuminate/Database/Connection.php(779): Illuminate/Database/Connection->runQueryCallback('delete from `ca...', Array, Object(Closure))
#1 E:/EliteMark/base-api/vendor/laravel/framework/src/Illuminate/Database/Connection.php(584): Illuminate/Database/Connection->run('delete from `ca...', Array, Object(Closure))
#2 E:/EliteMark/base-api/vendor/laravel/framework/src/Illuminate/Database/Connection.php(548): Illuminate/Database/Connection->affectingStatement('delete from `ca...', Array)
#3 E:/EliteMark/base-api/vendor/laravel/framework/src/Illuminate/Database/Query/Builder.php(4024): Illuminate/Database/Connection->delete('delete from `ca...', Array)
#4 E:/EliteMark/base-api/vendor/laravel/framework/src/Illuminate/Cache/DatabaseStore.php(387): Illuminate/Database/Query/Builder->delete()
#5 E:/EliteMark/base-api/vendor/laravel/framework/src/Illuminate/Cache/DatabaseStore.php(362): Illuminate/Cache/DatabaseStore->forgetMany(Array)
#6 E:/EliteMark/base-api/vendor/laravel/framework/src/Illuminate/Cache/Repository.php(534): Illuminate/Cache/DatabaseStore->forget('spatie.permissi...')
#7 E:/EliteMark/base-api/database/migrations/2026_04_20_010310_create_permission_tables.php(116): Illuminate/Cache/Repository->forget('spatie.permissi...')
#8 E:/EliteMark/base-api/vendor/laravel/framework/src/Illuminate/Database/Migrations/Migrator.php(507): Illuminate/Database/Migrations/Migration@anonymous->up()
#9 E:/EliteMark/base-api/vendor/laravel/framework/src/Illuminate/Database/Migrations/Migrator.php(432): Illuminate/Database/Migrations/Migrator->runMethod(Object(Illuminate/Database/MySqlConnection), Object(Illuminate/Database/Migrations/Migration@anonymous), 'up')
#10 E:/EliteMark/base-api/vendor/laravel/framework/src/Illuminate/Database/Migrations/Migrator.php(441): Illuminate/Database/Migrations/Migrator->Illuminate/Database/Migrations/{closure}()
#11 E:/EliteMark/base-api/vendor/laravel/framework/src/Illuminate/Database/Migrations/Migrator.php(244): Illuminate/Database/Migrations/Migrator->runMigration(Object(Illuminate/Database/Migrations/Migration@anonymous), 'up')
#12 E:/EliteMark/base-api/vendor/laravel/framework/src/Illuminate/Console/View/Components/Task.php(40): Illuminate/Database/Migrations/Migrator->Illuminate/Database/Migrations/{closure}()
#13 E:/EliteMark/base-api/vendor/laravel/framework/src/Illuminate/Database/Migrations/Migrator.php(798): Illuminate/Console/View/Components/Task->render('2026_04_20_0103...', Object(Closure))
#14 E:/EliteMark/base-api/vendor/laravel/framework/src/Illuminate/Database/Migrations/Migrator.php(244): Illuminate/Database/Migrations/Migrator->write('Illuminate//Cons...', '2026_04_20_0103...', Object(Closure))
#15 E:/EliteMark/base-api/vendor/laravel/framework/src/Illuminate/Database/Migrations/Migrator.php(211): Illuminate/Database/Migrations/Migrator->runUp('E://EliteMark//ba...', 1, false)
#16 E:/EliteMark/base-api/vendor/laravel/framework/src/Illuminate/Database/Migrations/Migrator.php(138): Illuminate/Database/Migrations/Migrator->runPending(Array, Array)
#17 E:/EliteMark/base-api/vendor/laravel/framework/src/Illuminate/Database/Console/Migrations/MigrateCommand.php(117): Illuminate/Database/Migrations/Migrator->run(Array, Array)
#18 E:/EliteMark/base-api/vendor/laravel/framework/src/Illuminate/Database/Migrations/Migrator.php(658): Illuminate/Database/Console/Migrations/MigrateCommand->Illuminate/Database/Console/Migrations/{closure}()
#19 E:/EliteMark/base-api/vendor/laravel/framework/src/Illuminate/Database/Console/Migrations/MigrateCommand.php(110): Illuminate/Database/Migrations/Migrator->usingConnection(NULL, Object(Closure))
#20 E:/EliteMark/base-api/vendor/laravel/framework/src/Illuminate/Database/Console/Migrations/MigrateCommand.php(89): Illuminate/Database/Console/Migrations/MigrateCommand->runMigrations()
#21 E:/EliteMark/base-api/vendor/laravel/framework/src/Illuminate/Container/BoundMethod.php(36): Illuminate/Database/Console/Migrations/MigrateCommand->handle()
#22 E:/EliteMark/base-api/vendor/laravel/framework/src/Illuminate/Container/Util.php(43): Illuminate/Container/BoundMethod::Illuminate/Container/{closure}()
#23 E:/EliteMark/base-api/vendor/laravel/framework/src/Illuminate/Container/BoundMethod.php(95): Illuminate/Container/Util::unwrapIfClosure(Object(Closure))
#24 E:/EliteMark/base-api/vendor/laravel/framework/src/Illuminate/Container/BoundMethod.php(35): Illuminate/Container/BoundMethod::callBoundMethod(Object(Illuminate/Foundation/Application), Array, Object(Closure))
#25 E:/EliteMark/base-api/vendor/laravel/framework/src/Illuminate/Container/Container.php(696): Illuminate/Container/BoundMethod::call(Object(Illuminate/Foundation/Application), Array, Array, NULL)
#26 E:/EliteMark/base-api/vendor/laravel/framework/src/Illuminate/Console/Command.php(213): Illuminate/Container/Container->call(Array)
#27 E:/EliteMark/base-api/vendor/symfony/console/Command/Command.php(341): Illuminate/Console/Command->execute(Object(Symfony/Component/Console/Input/ArrayInput), Object(Illuminate/Console/OutputStyle))
#28 E:/EliteMark/base-api/vendor/laravel/framework/src/Illuminate/Console/Command.php(182): Symfony/Component/Console/Command/Command->run(Object(Symfony/Component/Console/Input/ArrayInput), Object(Illuminate/Console/OutputStyle))
#29 E:/EliteMark/base-api/vendor/laravel/framework/src/Illuminate/Console/Concerns/CallsCommands.php(68): Illuminate/Console/Command->run(Object(Symfony/Component/Console/Input/ArrayInput), Object(Illuminate/Console/OutputStyle))
#30 E:/EliteMark/base-api/vendor/laravel/framework/src/Illuminate/Console/Concerns/CallsCommands.php(29): Illuminate/Console/Command->runCommand('migrate', Array, Object(Illuminate/Console/OutputStyle))
#31 E:/EliteMark/base-api/vendor/laravel/framework/src/Illuminate/Database/Console/Migrations/FreshCommand.php(82): Illuminate/Console/Command->call('migrate', Array)
#32 E:/EliteMark/base-api/vendor/laravel/framework/src/Illuminate/Container/BoundMethod.php(36): Illuminate/Database/Console/Migrations/FreshCommand->handle()
#33 E:/EliteMark/base-api/vendor/laravel/framework/src/Illuminate/Container/Util.php(43): Illuminate/Container/BoundMethod::Illuminate/Container/{closure}()
#34 E:/EliteMark/base-api/vendor/laravel/framework/src/Illuminate/Container/BoundMethod.php(95): Illuminate/Container/Util::unwrapIfClosure(Object(Closure))
#35 E:/EliteMark/base-api/vendor/laravel/framework/src/Illuminate/Container/BoundMethod.php(35): Illuminate/Container/BoundMethod::callBoundMethod(Object(Illuminate/Foundation/Application), Array, Object(Closure))
#36 E:/EliteMark/base-api/vendor/laravel/framework/src/Illuminate/Container/Container.php(696): Illuminate/Container/BoundMethod::call(Object(Illuminate/Foundation/Application), Array, Array, NULL)
#37 E:/EliteMark/base-api/vendor/laravel/framework/src/Illuminate/Console/Command.php(213): Illuminate/Container/Container->call(Array)
#38 E:/EliteMark/base-api/vendor/symfony/console/Command/Command.php(341): Illuminate/Console/Command->execute(Object(Symfony/Component/Console/Input/ArgvInput), Object(Illuminate/Console/OutputStyle))
#39 E:/EliteMark/base-api/vendor/laravel/framework/src/Illuminate/Console/Command.php(182): Symfony/Component/Console/Command/Command->run(Object(Symfony/Component/Console/Input/ArgvInput), Object(Illuminate/Console/OutputStyle))
#40 E:/EliteMark/base-api/vendor/symfony/console/Application.php(1117): Illuminate/Console/Command->run(Object(Symfony/Component/Console/Input/ArgvInput), Object(Symfony/Component/Console/Output/ConsoleOutput))
#41 E:/EliteMark/base-api/vendor/symfony/console/Application.php(356): Symfony/Component/Console/Application->doRunCommand(Object(Illuminate/Database/Console/Migrations/FreshCommand), Object(Symfony/Component/Console/Input/ArgvInput), Object(Symfony/Component/Console/Output/ConsoleOutput))
#42 E:/EliteMark/base-api/vendor/symfony/console/Application.php(195): Symfony/Component/Console/Application->doRun(Object(Symfony/Component/Console/Input/ArgvInput), Object(Symfony/Component/Console/Output/ConsoleOutput))
#43 E:/EliteMark/base-api/vendor/laravel/framework/src/Illuminate/Foundation/Console/Kernel.php(198): Symfony/Component/Console/Application->run(Object(Symfony/Component/Console/Input/ArgvInput), Object(Symfony/Component/Console/Output/ConsoleOutput))
#44 E:/EliteMark/base-api/vendor/laravel/framework/src/Illuminate/Foundation/Application.php(1235): Illuminate/Foundation/Console/Kernel->handle(Object(Symfony/Component/Console/Input/ArgvInput), Object(Symfony/Component/Console/Output/ConsoleOutput))
#45 E:/EliteMark/base-api/artisan(16): Illuminate/Foundation/Application->handleCommand(Object(Symfony/Component/Console/Input/ArgvInput))
#46 {main}

[previous exception] [object] (PDOException(code: 42S02): SQLSTATE[42S02]: Base table or view not found: 1146 Table 'laravel_api.cache' doesn't exist at E:/EliteMark/base-api/vendor/laravel/framework/src/Illuminate/Database/Connection.php:592)
[stacktrace]
#0 E:/EliteMark/base-api/vendor/laravel/framework/src/Illuminate/Database/Connection.php(592): PDO->prepare('delete from `ca...')
#1 E:/EliteMark/base-api/vendor/laravel/framework/src/Illuminate/Database/Connection.php(812): Illuminate/Database/Connection->Illuminate/Database/{closure}('delete from `ca...', Array)
#2 E:/EliteMark/base-api/vendor/laravel/framework/src/Illuminate/Database/Connection.php(779): Illuminate/Database/Connection->runQueryCallback('delete from `ca...', Array, Object(Closure))
#3 E:/EliteMark/base-api/vendor/laravel/framework/src/Illuminate/Database/Connection.php(584): Illuminate/Database/Connection->run('delete from `ca...', Array, Object(Closure))
#4 E:/EliteMark/base-api/vendor/laravel/framework/src/Illuminate/Database/Connection.php(548): Illuminate/Database/Connection->affectingStatement('delete from `ca...', Array)
#5 E:/EliteMark/base-api/vendor/laravel/framework/src/Illuminate/Database/Query/Builder.php(4024): Illuminate/Database/Connection->delete('delete from `ca...', Array)
#6 E:/EliteMark/base-api/vendor/laravel/framework/src/Illuminate/Cache/DatabaseStore.php(387): Illuminate/Database/Query/Builder->delete()
#7 E:/EliteMark/base-api/vendor/laravel/framework/src/Illuminate/Cache/DatabaseStore.php(362): Illuminate/Cache/DatabaseStore->forgetMany(Array)
#8 E:/EliteMark/base-api/vendor/laravel/framework/src/Illuminate/Cache/Repository.php(534): Illuminate/Cache/DatabaseStore->forget('spatie.permissi...')
#9 E:/EliteMark/base-api/database/migrations/2026_04_20_010310_create_permission_tables.php(116): Illuminate/Cache/Repository->forget('spatie.permissi...')
#10 E:/EliteMark/base-api/vendor/laravel/framework/src/Illuminate/Database/Migrations/Migrator.php(507): Illuminate/Database/Migrations/Migration@anonymous->up()
#11 E:/EliteMark/base-api/vendor/laravel/framework/src/Illuminate/Database/Migrations/Migrator.php(432): Illuminate/Database/Migrations/Migrator->runMethod(Object(Illuminate/Database/MySqlConnection), Object(Illuminate/Database/Migrations/Migration@anonymous), 'up')
#12 E:/EliteMark/base-api/vendor/laravel/framework/src/Illuminate/Database/Migrations/Migrator.php(441): Illuminate/Database/Migrations/Migrator->Illuminate/Database/Migrations/{closure}()
#13 E:/EliteMark/base-api/vendor/laravel/framework/src/Illuminate/Database/Migrations/Migrator.php(244): Illuminate/Database/Migrations/Migrator->runMigration(Object(Illuminate/Database/Migrations/Migration@anonymous), 'up')
#14 E:/EliteMark/base-api/vendor/laravel/framework/src/Illuminate/Console/View/Components/Task.php(40): Illuminate/Database/Migrations/Migrator->Illuminate/Database/Migrations/{closure}()
#15 E:/EliteMark/base-api/vendor/laravel/framework/src/Illuminate/Database/Migrations/Migrator.php(798): Illuminate/Console/View/Components/Task->render('2026_04_20_0103...', Object(Closure))
#16 E:/EliteMark/base-api/vendor/laravel/framework/src/Illuminate/Database/Migrations/Migrator.php(244): Illuminate/Database/Migrations/Migrator->write('Illuminate//Cons...', '2026_04_20_0103...', Object(Closure))
#17 E:/EliteMark/base-api/vendor/laravel/framework/src/Illuminate/Database/Migrations/Migrator.php(211): Illuminate/Database/Migrations/Migrator->runUp('E://EliteMark//ba...', 1, false)
#18 E:/EliteMark/base-api/vendor/laravel/framework/src/Illuminate/Database/Migrations/Migrator.php(138): Illuminate/Database/Migrations/Migrator->runPending(Array, Array)
#19 E:/EliteMark/base-api/vendor/laravel/framework/src/Illuminate/Database/Console/Migrations/MigrateCommand.php(117): Illuminate/Database/Migrations/Migrator->run(Array, Array)
#20 E:/EliteMark/base-api/vendor/laravel/framework/src/Illuminate/Database/Migrations/Migrator.php(658): Illuminate/Database/Console/Migrations/MigrateCommand->Illuminate/Database/Console/Migrations/{closure}()
#21 E:/EliteMark/base-api/vendor/laravel/framework/src/Illuminate/Database/Console/Migrations/MigrateCommand.php(110): Illuminate/Database/Migrations/Migrator->usingConnection(NULL, Object(Closure))
#22 E:/EliteMark/base-api/vendor/laravel/framework/src/Illuminate/Database/Console/Migrations/MigrateCommand.php(89): Illuminate/Database/Console/Migrations/MigrateCommand->runMigrations()
#23 E:/EliteMark/base-api/vendor/laravel/framework/src/Illuminate/Container/BoundMethod.php(36): Illuminate/Database/Console/Migrations/MigrateCommand->handle()
#24 E:/EliteMark/base-api/vendor/laravel/framework/src/Illuminate/Container/Util.php(43): Illuminate/Container/BoundMethod::Illuminate/Container/{closure}()
#25 E:/EliteMark/base-api/vendor/laravel/framework/src/Illuminate/Container/BoundMethod.php(95): Illuminate/Container/Util::unwrapIfClosure(Object(Closure))
#26 E:/EliteMark/base-api/vendor/laravel/framework/src/Illuminate/Container/BoundMethod.php(35): Illuminate/Container/BoundMethod::callBoundMethod(Object(Illuminate/Foundation/Application), Array, Object(Closure))
#27 E:/EliteMark/base-api/vendor/laravel/framework/src/Illuminate/Container/Container.php(696): Illuminate/Container/BoundMethod::call(Object(Illuminate/Foundation/Application), Array, Array, NULL)
#28 E:/EliteMark/base-api/vendor/laravel/framework/src/Illuminate/Console/Command.php(213): Illuminate/Container/Container->call(Array)
#29 E:/EliteMark/base-api/vendor/symfony/console/Command/Command.php(341): Illuminate/Console/Command->execute(Object(Symfony/Component/Console/Input/ArrayInput), Object(Illuminate/Console/OutputStyle))
#30 E:/EliteMark/base-api/vendor/laravel/framework/src/Illuminate/Console/Command.php(182): Symfony/Component/Console/Command/Command->run(Object(Symfony/Component/Console/Input/ArrayInput), Object(Illuminate/Console/OutputStyle))
#31 E:/EliteMark/base-api/vendor/laravel/framework/src/Illuminate/Console/Concerns/CallsCommands.php(68): Illuminate/Console/Command->run(Object(Symfony/Component/Console/Input/ArrayInput), Object(Illuminate/Console/OutputStyle))
#32 E:/EliteMark/base-api/vendor/laravel/framework/src/Illuminate/Console/Concerns/CallsCommands.php(29): Illuminate/Console/Command->runCommand('migrate', Array, Object(Illuminate/Console/OutputStyle))
#33 E:/EliteMark/base-api/vendor/laravel/framework/src/Illuminate/Database/Console/Migrations/FreshCommand.php(82): Illuminate/Console/Command->call('migrate', Array)
#34 E:/EliteMark/base-api/vendor/laravel/framework/src/Illuminate/Container/BoundMethod.php(36): Illuminate/Database/Console/Migrations/FreshCommand->handle()
#35 E:/EliteMark/base-api/vendor/laravel/framework/src/Illuminate/Container/Util.php(43): Illuminate/Container/BoundMethod::Illuminate/Container/{closure}()
#36 E:/EliteMark/base-api/vendor/laravel/framework/src/Illuminate/Container/BoundMethod.php(95): Illuminate/Container/Util::unwrapIfClosure(Object(Closure))
#37 E:/EliteMark/base-api/vendor/laravel/framework/src/Illuminate/Container/BoundMethod.php(35): Illuminate/Container/BoundMethod::callBoundMethod(Object(Illuminate/Foundation/Application), Array, Object(Closure))
#38 E:/EliteMark/base-api/vendor/laravel/framework/src/Illuminate/Container/Container.php(696): Illuminate/Container/BoundMethod::call(Object(Illuminate/Foundation/Application), Array, Array, NULL)
#39 E:/EliteMark/base-api/vendor/laravel/framework/src/Illuminate/Console/Command.php(213): Illuminate/Container/Container->call(Array)
#40 E:/EliteMark/base-api/vendor/symfony/console/Command/Command.php(341): Illuminate/Console/Command->execute(Object(Symfony/Component/Console/Input/ArgvInput), Object(Illuminate/Console/OutputStyle))
#41 E:/EliteMark/base-api/vendor/laravel/framework/src/Illuminate/Console/Command.php(182): Symfony/Component/Console/Command/Command->run(Object(Symfony/Component/Console/Input/ArgvInput), Object(Illuminate/Console/OutputStyle))
#42 E:/EliteMark/base-api/vendor/symfony/console/Application.php(1117): Illuminate/Console/Command->run(Object(Symfony/Component/Console/Input/ArgvInput), Object(Symfony/Component/Console/Output/ConsoleOutput))
#43 E:/EliteMark/base-api/vendor/symfony/console/Application.php(356): Symfony/Component/Console/Application->doRunCommand(Object(Illuminate/Database/Console/Migrations/FreshCommand), Object(Symfony/Component/Console/Input/ArgvInput), Object(Symfony/Component/Console/Output/ConsoleOutput))
#44 E:/EliteMark/base-api/vendor/symfony/console/Application.php(195): Symfony/Component/Console/Application->doRun(Object(Symfony/Component/Console/Input/ArgvInput), Object(Symfony/Component/Console/Output/ConsoleOutput))
#45 E:/EliteMark/base-api/vendor/laravel/framework/src/Illuminate/Foundation/Console/Kernel.php(198): Symfony/Component/Console/Application->run(Object(Symfony/Component/Console/Input/ArgvInput), Object(Symfony/Component/Console/Output/ConsoleOutput))
#46 E:/EliteMark/base-api/vendor/laravel/framework/src/Illuminate/Foundation/Application.php(1235): Illuminate/Foundation/Console/Kernel->handle(Object(Symfony/Component/Console/Input/ArgvInput), Object(Symfony/Component/Console/Output/ConsoleOutput))
#47 E:/EliteMark/base-api/artisan(16): Illuminate/Foundation/Application->handleCommand(Object(Symfony/Component/Console/Input/ArgvInput))
#48 {main}
"} 
[2026-04-20 01:15:45] local.ERROR: SQLSTATE[42S02]: Base table or view not found: 1146 Table 'laravel_api.cache' doesn't exist (Connection: mysql, SQL: delete from `cache` where `key` in (laravel_api_boilerplate_cache_spatie.permission.cache, laravel_api_boilerplate_cache_illuminate:cache:flexible:created:spatie.permission.cache)) {"exception":"[object] (Illuminate\\Database\\QueryException(code: 42S02): SQLSTATE[42S02]: Base table or view not found: 1146 Table 'laravel_api.cache' doesn't exist (Connection: mysql, SQL: delete from `cache` where `key` in (laravel_api_boilerplate_cache_spatie.permission.cache, laravel_api_boilerplate_cache_illuminate:cache:flexible:created:spatie.permission.cache)) at E:/EliteMark/base-api/vendor/laravel/framework/src/Illuminate/Database/Connection.php:825)
[stacktrace]
#0 E:/EliteMark/base-api/vendor/laravel/framework/src/Illuminate/Database/Connection.php(779): Illuminate/Database/Connection->runQueryCallback('delete from `ca...', Array, Object(Closure))
#1 E:/EliteMark/base-api/vendor/laravel/framework/src/Illuminate/Database/Connection.php(584): Illuminate/Database/Connection->run('delete from `ca...', Array, Object(Closure))
#2 E:/EliteMark/base-api/vendor/laravel/framework/src/Illuminate/Database/Connection.php(548): Illuminate/Database/Connection->affectingStatement('delete from `ca...', Array)
#3 E:/EliteMark/base-api/vendor/laravel/framework/src/Illuminate/Database/Query/Builder.php(4024): Illuminate/Database/Connection->delete('delete from `ca...', Array)
#4 E:/EliteMark/base-api/vendor/laravel/framework/src/Illuminate/Cache/DatabaseStore.php(387): Illuminate/Database/Query/Builder->delete()
#5 E:/EliteMark/base-api/vendor/laravel/framework/src/Illuminate/Cache/DatabaseStore.php(362): Illuminate/Cache/DatabaseStore->forgetMany(Array)
#6 E:/EliteMark/base-api/vendor/laravel/framework/src/Illuminate/Cache/Repository.php(534): Illuminate/Cache/DatabaseStore->forget('spatie.permissi...')
#7 E:/EliteMark/base-api/database/migrations/2026_04_20_010310_create_permission_tables.php(116): Illuminate/Cache/Repository->forget('spatie.permissi...')
#8 E:/EliteMark/base-api/vendor/laravel/framework/src/Illuminate/Database/Migrations/Migrator.php(507): Illuminate/Database/Migrations/Migration@anonymous->up()
#9 E:/EliteMark/base-api/vendor/laravel/framework/src/Illuminate/Database/Migrations/Migrator.php(432): Illuminate/Database/Migrations/Migrator->runMethod(Object(Illuminate/Database/MySqlConnection), Object(Illuminate/Database/Migrations/Migration@anonymous), 'up')
#10 E:/EliteMark/base-api/vendor/laravel/framework/src/Illuminate/Database/Migrations/Migrator.php(441): Illuminate/Database/Migrations/Migrator->Illuminate/Database/Migrations/{closure}()
#11 E:/EliteMark/base-api/vendor/laravel/framework/src/Illuminate/Database/Migrations/Migrator.php(244): Illuminate/Database/Migrations/Migrator->runMigration(Object(Illuminate/Database/Migrations/Migration@anonymous), 'up')
#12 E:/EliteMark/base-api/vendor/laravel/framework/src/Illuminate/Console/View/Components/Task.php(40): Illuminate/Database/Migrations/Migrator->Illuminate/Database/Migrations/{closure}()
#13 E:/EliteMark/base-api/vendor/laravel/framework/src/Illuminate/Database/Migrations/Migrator.php(798): Illuminate/Console/View/Components/Task->render('2026_04_20_0103...', Object(Closure))
#14 E:/EliteMark/base-api/vendor/laravel/framework/src/Illuminate/Database/Migrations/Migrator.php(244): Illuminate/Database/Migrations/Migrator->write('Illuminate//Cons...', '2026_04_20_0103...', Object(Closure))
#15 E:/EliteMark/base-api/vendor/laravel/framework/src/Illuminate/Database/Migrations/Migrator.php(211): Illuminate/Database/Migrations/Migrator->runUp('E://EliteMark//ba...', 1, false)
#16 E:/EliteMark/base-api/vendor/laravel/framework/src/Illuminate/Database/Migrations/Migrator.php(138): Illuminate/Database/Migrations/Migrator->runPending(Array, Array)
#17 E:/EliteMark/base-api/vendor/laravel/framework/src/Illuminate/Database/Console/Migrations/MigrateCommand.php(117): Illuminate/Database/Migrations/Migrator->run(Array, Array)
#18 E:/EliteMark/base-api/vendor/laravel/framework/src/Illuminate/Database/Migrations/Migrator.php(658): Illuminate/Database/Console/Migrations/MigrateCommand->Illuminate/Database/Console/Migrations/{closure}()
#19 E:/EliteMark/base-api/vendor/laravel/framework/src/Illuminate/Database/Console/Migrations/MigrateCommand.php(110): Illuminate/Database/Migrations/Migrator->usingConnection(NULL, Object(Closure))
#20 E:/EliteMark/base-api/vendor/laravel/framework/src/Illuminate/Database/Console/Migrations/MigrateCommand.php(89): Illuminate/Database/Console/Migrations/MigrateCommand->runMigrations()
#21 E:/EliteMark/base-api/vendor/laravel/framework/src/Illuminate/Container/BoundMethod.php(36): Illuminate/Database/Console/Migrations/MigrateCommand->handle()
#22 E:/EliteMark/base-api/vendor/laravel/framework/src/Illuminate/Container/Util.php(43): Illuminate/Container/BoundMethod::Illuminate/Container/{closure}()
#23 E:/EliteMark/base-api/vendor/laravel/framework/src/Illuminate/Container/BoundMethod.php(95): Illuminate/Container/Util::unwrapIfClosure(Object(Closure))
#24 E:/EliteMark/base-api/vendor/laravel/framework/src/Illuminate/Container/BoundMethod.php(35): Illuminate/Container/BoundMethod::callBoundMethod(Object(Illuminate/Foundation/Application), Array, Object(Closure))
#25 E:/EliteMark/base-api/vendor/laravel/framework/src/Illuminate/Container/Container.php(696): Illuminate/Container/BoundMethod::call(Object(Illuminate/Foundation/Application), Array, Array, NULL)
#26 E:/EliteMark/base-api/vendor/laravel/framework/src/Illuminate/Console/Command.php(213): Illuminate/Container/Container->call(Array)
#27 E:/EliteMark/base-api/vendor/symfony/console/Command/Command.php(341): Illuminate/Console/Command->execute(Object(Symfony/Component/Console/Input/ArrayInput), Object(Illuminate/Console/OutputStyle))
#28 E:/EliteMark/base-api/vendor/laravel/framework/src/Illuminate/Console/Command.php(182): Symfony/Component/Console/Command/Command->run(Object(Symfony/Component/Console/Input/ArrayInput), Object(Illuminate/Console/OutputStyle))
#29 E:/EliteMark/base-api/vendor/laravel/framework/src/Illuminate/Console/Concerns/CallsCommands.php(68): Illuminate/Console/Command->run(Object(Symfony/Component/Console/Input/ArrayInput), Object(Illuminate/Console/OutputStyle))
#30 E:/EliteMark/base-api/vendor/laravel/framework/src/Illuminate/Console/Concerns/CallsCommands.php(29): Illuminate/Console/Command->runCommand('migrate', Array, Object(Illuminate/Console/OutputStyle))
#31 E:/EliteMark/base-api/vendor/laravel/framework/src/Illuminate/Database/Console/Migrations/FreshCommand.php(82): Illuminate/Console/Command->call('migrate', Array)
#32 E:/EliteMark/base-api/vendor/laravel/framework/src/Illuminate/Container/BoundMethod.php(36): Illuminate/Database/Console/Migrations/FreshCommand->handle()
#33 E:/EliteMark/base-api/vendor/laravel/framework/src/Illuminate/Container/Util.php(43): Illuminate/Container/BoundMethod::Illuminate/Container/{closure}()
#34 E:/EliteMark/base-api/vendor/laravel/framework/src/Illuminate/Container/BoundMethod.php(95): Illuminate/Container/Util::unwrapIfClosure(Object(Closure))
#35 E:/EliteMark/base-api/vendor/laravel/framework/src/Illuminate/Container/BoundMethod.php(35): Illuminate/Container/BoundMethod::callBoundMethod(Object(Illuminate/Foundation/Application), Array, Object(Closure))
#36 E:/EliteMark/base-api/vendor/laravel/framework/src/Illuminate/Container/Container.php(696): Illuminate/Container/BoundMethod::call(Object(Illuminate/Foundation/Application), Array, Array, NULL)
#37 E:/EliteMark/base-api/vendor/laravel/framework/src/Illuminate/Console/Command.php(213): Illuminate/Container/Container->call(Array)
#38 E:/EliteMark/base-api/vendor/symfony/console/Command/Command.php(341): Illuminate/Console/Command->execute(Object(Symfony/Component/Console/Input/ArgvInput), Object(Illuminate/Console/OutputStyle))
#39 E:/EliteMark/base-api/vendor/laravel/framework/src/Illuminate/Console/Command.php(182): Symfony/Component/Console/Command/Command->run(Object(Symfony/Component/Console/Input/ArgvInput), Object(Illuminate/Console/OutputStyle))
#40 E:/EliteMark/base-api/vendor/symfony/console/Application.php(1117): Illuminate/Console/Command->run(Object(Symfony/Component/Console/Input/ArgvInput), Object(Symfony/Component/Console/Output/ConsoleOutput))
#41 E:/EliteMark/base-api/vendor/symfony/console/Application.php(356): Symfony/Component/Console/Application->doRunCommand(Object(Illuminate/Database/Console/Migrations/FreshCommand), Object(Symfony/Component/Console/Input/ArgvInput), Object(Symfony/Component/Console/Output/ConsoleOutput))
#42 E:/EliteMark/base-api/vendor/symfony/console/Application.php(195): Symfony/Component/Console/Application->doRun(Object(Symfony/Component/Console/Input/ArgvInput), Object(Symfony/Component/Console/Output/ConsoleOutput))
#43 E:/EliteMark/base-api/vendor/laravel/framework/src/Illuminate/Foundation/Console/Kernel.php(198): Symfony/Component/Console/Application->run(Object(Symfony/Component/Console/Input/ArgvInput), Object(Symfony/Component/Console/Output/ConsoleOutput))
#44 E:/EliteMark/base-api/vendor/laravel/framework/src/Illuminate/Foundation/Application.php(1235): Illuminate/Foundation/Console/Kernel->handle(Object(Symfony/Component/Console/Input/ArgvInput), Object(Symfony/Component/Console/Output/ConsoleOutput))
#45 E:/EliteMark/base-api/artisan(16): Illuminate/Foundation/Application->handleCommand(Object(Symfony/Component/Console/Input/ArgvInput))
#46 {main}

[previous exception] [object] (PDOException(code: 42S02): SQLSTATE[42S02]: Base table or view not found: 1146 Table 'laravel_api.cache' doesn't exist at E:/EliteMark/base-api/vendor/laravel/framework/src/Illuminate/Database/Connection.php:592)
[stacktrace]
#0 E:/EliteMark/base-api/vendor/laravel/framework/src/Illuminate/Database/Connection.php(592): PDO->prepare('delete from `ca...')
#1 E:/EliteMark/base-api/vendor/laravel/framework/src/Illuminate/Database/Connection.php(812): Illuminate/Database/Connection->Illuminate/Database/{closure}('delete from `ca...', Array)
#2 E:/EliteMark/base-api/vendor/laravel/framework/src/Illuminate/Database/Connection.php(779): Illuminate/Database/Connection->runQueryCallback('delete from `ca...', Array, Object(Closure))
#3 E:/EliteMark/base-api/vendor/laravel/framework/src/Illuminate/Database/Connection.php(584): Illuminate/Database/Connection->run('delete from `ca...', Array, Object(Closure))
#4 E:/EliteMark/base-api/vendor/laravel/framework/src/Illuminate/Database/Connection.php(548): Illuminate/Database/Connection->affectingStatement('delete from `ca...', Array)
#5 E:/EliteMark/base-api/vendor/laravel/framework/src/Illuminate/Database/Query/Builder.php(4024): Illuminate/Database/Connection->delete('delete from `ca...', Array)
#6 E:/EliteMark/base-api/vendor/laravel/framework/src/Illuminate/Cache/DatabaseStore.php(387): Illuminate/Database/Query/Builder->delete()
#7 E:/EliteMark/base-api/vendor/laravel/framework/src/Illuminate/Cache/DatabaseStore.php(362): Illuminate/Cache/DatabaseStore->forgetMany(Array)
#8 E:/EliteMark/base-api/vendor/laravel/framework/src/Illuminate/Cache/Repository.php(534): Illuminate/Cache/DatabaseStore->forget('spatie.permissi...')
#9 E:/EliteMark/base-api/database/migrations/2026_04_20_010310_create_permission_tables.php(116): Illuminate/Cache/Repository->forget('spatie.permissi...')
#10 E:/EliteMark/base-api/vendor/laravel/framework/src/Illuminate/Database/Migrations/Migrator.php(507): Illuminate/Database/Migrations/Migration@anonymous->up()
#11 E:/EliteMark/base-api/vendor/laravel/framework/src/Illuminate/Database/Migrations/Migrator.php(432): Illuminate/Database/Migrations/Migrator->runMethod(Object(Illuminate/Database/MySqlConnection), Object(Illuminate/Database/Migrations/Migration@anonymous), 'up')
#12 E:/EliteMark/base-api/vendor/laravel/framework/src/Illuminate/Database/Migrations/Migrator.php(441): Illuminate/Database/Migrations/Migrator->Illuminate/Database/Migrations/{closure}()
#13 E:/EliteMark/base-api/vendor/laravel/framework/src/Illuminate/Database/Migrations/Migrator.php(244): Illuminate/Database/Migrations/Migrator->runMigration(Object(Illuminate/Database/Migrations/Migration@anonymous), 'up')
#14 E:/EliteMark/base-api/vendor/laravel/framework/src/Illuminate/Console/View/Components/Task.php(40): Illuminate/Database/Migrations/Migrator->Illuminate/Database/Migrations/{closure}()
#15 E:/EliteMark/base-api/vendor/laravel/framework/src/Illuminate/Database/Migrations/Migrator.php(798): Illuminate/Console/View/Components/Task->render('2026_04_20_0103...', Object(Closure))
#16 E:/EliteMark/base-api/vendor/laravel/framework/src/Illuminate/Database/Migrations/Migrator.php(244): Illuminate/Database/Migrations/Migrator->write('Illuminate//Cons...', '2026_04_20_0103...', Object(Closure))
#17 E:/EliteMark/base-api/vendor/laravel/framework/src/Illuminate/Database/Migrations/Migrator.php(211): Illuminate/Database/Migrations/Migrator->runUp('E://EliteMark//ba...', 1, false)
#18 E:/EliteMark/base-api/vendor/laravel/framework/src/Illuminate/Database/Migrations/Migrator.php(138): Illuminate/Database/Migrations/Migrator->runPending(Array, Array)
#19 E:/EliteMark/base-api/vendor/laravel/framework/src/Illuminate/Database/Console/Migrations/MigrateCommand.php(117): Illuminate/Database/Migrations/Migrator->run(Array, Array)
#20 E:/EliteMark/base-api/vendor/laravel/framework/src/Illuminate/Database/Migrations/Migrator.php(658): Illuminate/Database/Console/Migrations/MigrateCommand->Illuminate/Database/Console/Migrations/{closure}()
#21 E:/EliteMark/base-api/vendor/laravel/framework/src/Illuminate/Database/Console/Migrations/MigrateCommand.php(110): Illuminate/Database/Migrations/Migrator->usingConnection(NULL, Object(Closure))
#22 E:/EliteMark/base-api/vendor/laravel/framework/src/Illuminate/Database/Console/Migrations/MigrateCommand.php(89): Illuminate/Database/Console/Migrations/MigrateCommand->runMigrations()
#23 E:/EliteMark/base-api/vendor/laravel/framework/src/Illuminate/Container/BoundMethod.php(36): Illuminate/Database/Console/Migrations/MigrateCommand->handle()
#24 E:/EliteMark/base-api/vendor/laravel/framework/src/Illuminate/Container/Util.php(43): Illuminate/Container/BoundMethod::Illuminate/Container/{closure}()
#25 E:/EliteMark/base-api/vendor/laravel/framework/src/Illuminate/Container/BoundMethod.php(95): Illuminate/Container/Util::unwrapIfClosure(Object(Closure))
#26 E:/EliteMark/base-api/vendor/laravel/framework/src/Illuminate/Container/BoundMethod.php(35): Illuminate/Container/BoundMethod::callBoundMethod(Object(Illuminate/Foundation/Application), Array, Object(Closure))
#27 E:/EliteMark/base-api/vendor/laravel/framework/src/Illuminate/Container/Container.php(696): Illuminate/Container/BoundMethod::call(Object(Illuminate/Foundation/Application), Array, Array, NULL)
#28 E:/EliteMark/base-api/vendor/laravel/framework/src/Illuminate/Console/Command.php(213): Illuminate/Container/Container->call(Array)
#29 E:/EliteMark/base-api/vendor/symfony/console/Command/Command.php(341): Illuminate/Console/Command->execute(Object(Symfony/Component/Console/Input/ArrayInput), Object(Illuminate/Console/OutputStyle))
#30 E:/EliteMark/base-api/vendor/laravel/framework/src/Illuminate/Console/Command.php(182): Symfony/Component/Console/Command/Command->run(Object(Symfony/Component/Console/Input/ArrayInput), Object(Illuminate/Console/OutputStyle))
#31 E:/EliteMark/base-api/vendor/laravel/framework/src/Illuminate/Console/Concerns/CallsCommands.php(68): Illuminate/Console/Command->run(Object(Symfony/Component/Console/Input/ArrayInput), Object(Illuminate/Console/OutputStyle))
#32 E:/EliteMark/base-api/vendor/laravel/framework/src/Illuminate/Console/Concerns/CallsCommands.php(29): Illuminate/Console/Command->runCommand('migrate', Array, Object(Illuminate/Console/OutputStyle))
#33 E:/EliteMark/base-api/vendor/laravel/framework/src/Illuminate/Database/Console/Migrations/FreshCommand.php(82): Illuminate/Console/Command->call('migrate', Array)
#34 E:/EliteMark/base-api/vendor/laravel/framework/src/Illuminate/Container/BoundMethod.php(36): Illuminate/Database/Console/Migrations/FreshCommand->handle()
#35 E:/EliteMark/base-api/vendor/laravel/framework/src/Illuminate/Container/Util.php(43): Illuminate/Container/BoundMethod::Illuminate/Container/{closure}()
#36 E:/EliteMark/base-api/vendor/laravel/framework/src/Illuminate/Container/BoundMethod.php(95): Illuminate/Container/Util::unwrapIfClosure(Object(Closure))
#37 E:/EliteMark/base-api/vendor/laravel/framework/src/Illuminate/Container/BoundMethod.php(35): Illuminate/Container/BoundMethod::callBoundMethod(Object(Illuminate/Foundation/Application), Array, Object(Closure))
#38 E:/EliteMark/base-api/vendor/laravel/framework/src/Illuminate/Container/Container.php(696): Illuminate/Container/BoundMethod::call(Object(Illuminate/Foundation/Application), Array, Array, NULL)
#39 E:/EliteMark/base-api/vendor/laravel/framework/src/Illuminate/Console/Command.php(213): Illuminate/Container/Container->call(Array)
#40 E:/EliteMark/base-api/vendor/symfony/console/Command/Command.php(341): Illuminate/Console/Command->execute(Object(Symfony/Component/Console/Input/ArgvInput), Object(Illuminate/Console/OutputStyle))
#41 E:/EliteMark/base-api/vendor/laravel/framework/src/Illuminate/Console/Command.php(182): Symfony/Component/Console/Command/Command->run(Object(Symfony/Component/Console/Input/ArgvInput), Object(Illuminate/Console/OutputStyle))
#42 E:/EliteMark/base-api/vendor/symfony/console/Application.php(1117): Illuminate/Console/Command->run(Object(Symfony/Component/Console/Input/ArgvInput), Object(Symfony/Component/Console/Output/ConsoleOutput))
#43 E:/EliteMark/base-api/vendor/symfony/console/Application.php(356): Symfony/Component/Console/Application->doRunCommand(Object(Illuminate/Database/Console/Migrations/FreshCommand), Object(Symfony/Component/Console/Input/ArgvInput), Object(Symfony/Component/Console/Output/ConsoleOutput))
#44 E:/EliteMark/base-api/vendor/symfony/console/Application.php(195): Symfony/Component/Console/Application->doRun(Object(Symfony/Component/Console/Input/ArgvInput), Object(Symfony/Component/Console/Output/ConsoleOutput))
#45 E:/EliteMark/base-api/vendor/laravel/framework/src/Illuminate/Foundation/Console/Kernel.php(198): Symfony/Component/Console/Application->run(Object(Symfony/Component/Console/Input/ArgvInput), Object(Symfony/Component/Console/Output/ConsoleOutput))
#46 E:/EliteMark/base-api/vendor/laravel/framework/src/Illuminate/Foundation/Application.php(1235): Illuminate/Foundation/Console/Kernel->handle(Object(Symfony/Component/Console/Input/ArgvInput), Object(Symfony/Component/Console/Output/ConsoleOutput))
#47 E:/EliteMark/base-api/artisan(16): Illuminate/Foundation/Application->handleCommand(Object(Symfony/Component/Console/Input/ArgvInput))
#48 {main}
"} 
[2026-04-20 01:17:17] local.ERROR: SQLSTATE[42S22]: Column not found: 1054 Unknown column 'group' in 'field list' (Connection: mysql, SQL: insert into `permissions` (`guard_name`, `name`, `group`, `updated_at`, `created_at`) values (web, manage-users, users, 2026-04-20 01:17:17, 2026-04-20 01:17:17)) {"exception":"[object] (Illuminate\\Database\\QueryException(code: 42S22): SQLSTATE[42S22]: Column not found: 1054 Unknown column 'group' in 'field list' (Connection: mysql, SQL: insert into `permissions` (`guard_name`, `name`, `group`, `updated_at`, `created_at`) values (web, manage-users, users, 2026-04-20 01:17:17, 2026-04-20 01:17:17)) at E:/EliteMark/base-api/vendor/laravel/framework/src/Illuminate/Database/Connection.php:825)
[stacktrace]
#0 E:/EliteMark/base-api/vendor/laravel/framework/src/Illuminate/Database/Connection.php(779): Illuminate/Database/Connection->runQueryCallback('insert into `pe...', Array, Object(Closure))
#1 E:/EliteMark/base-api/vendor/laravel/framework/src/Illuminate/Database/MySqlConnection.php(42): Illuminate/Database/Connection->run('insert into `pe...', Array, Object(Closure))
#2 E:/EliteMark/base-api/vendor/laravel/framework/src/Illuminate/Database/Query/Processors/MySqlProcessor.php(35): Illuminate/Database/MySqlConnection->insert('insert into `pe...', Array, 'id')
#3 E:/EliteMark/base-api/vendor/laravel/framework/src/Illuminate/Database/Query/Builder.php(3766): Illuminate/Database/Query/Processors/MySqlProcessor->processInsertGetId(Object(Illuminate/Database/Query/Builder), 'insert into `pe...', Array, 'id')
#4 E:/EliteMark/base-api/vendor/laravel/framework/src/Illuminate/Database/Eloquent/Builder.php(2120): Illuminate/Database/Query/Builder->insertGetId(Array, 'id')
#5 E:/EliteMark/base-api/vendor/laravel/framework/src/Illuminate/Database/Eloquent/Model.php(1359): Illuminate/Database/Eloquent/Builder->__call('insertGetId', Array)
#6 E:/EliteMark/base-api/vendor/laravel/framework/src/Illuminate/Database/Eloquent/Model.php(1324): Illuminate/Database/Eloquent/Model->insertAndSetId(Object(Illuminate/Database/Eloquent/Builder), Array)
#7 E:/EliteMark/base-api/vendor/laravel/framework/src/Illuminate/Database/Eloquent/Model.php(1163): Illuminate/Database/Eloquent/Model->performInsert(Object(Illuminate/Database/Eloquent/Builder))
#8 E:/EliteMark/base-api/vendor/laravel/framework/src/Illuminate/Database/Eloquent/Builder.php(1128): Illuminate/Database/Eloquent/Model->save()
#9 E:/EliteMark/base-api/vendor/laravel/framework/src/Illuminate/Support/helpers.php(399): Illuminate/Database/Eloquent/Builder->Illuminate/Database/Eloquent/{closure}(Object(Spatie/Permission/Models/Permission))
#10 E:/EliteMark/base-api/vendor/laravel/framework/src/Illuminate/Database/Eloquent/Builder.php(1127): tap(Object(Spatie/Permission/Models/Permission), Object(Closure))
#11 E:/EliteMark/base-api/vendor/laravel/framework/src/Illuminate/Database/Eloquent/Builder.php(634): Illuminate/Database/Eloquent/Builder->create(Array)
#12 E:/EliteMark/base-api/vendor/laravel/framework/src/Illuminate/Database/Eloquent/Builder.php(1864): Illuminate/Database/Eloquent/Builder->Illuminate/Database/Eloquent/{closure}()
#13 E:/EliteMark/base-api/vendor/laravel/framework/src/Illuminate/Database/Eloquent/Builder.php(634): Illuminate/Database/Eloquent/Builder->withSavepointIfNeeded(Object(Closure))
#14 E:/EliteMark/base-api/vendor/laravel/framework/src/Illuminate/Database/Eloquent/Builder.php(621): Illuminate/Database/Eloquent/Builder->createOrFirst(Array, Array)
#15 E:/EliteMark/base-api/vendor/laravel/framework/src/Illuminate/Support/Traits/ForwardsCalls.php(23): Illuminate/Database/Eloquent/Builder->firstOrCreate(Array, Array)
#16 E:/EliteMark/base-api/vendor/laravel/framework/src/Illuminate/Database/Eloquent/Model.php(2372): Illuminate/Database/Eloquent/Model->forwardCallTo(Object(Illuminate/Database/Eloquent/Builder), 'firstOrCreate', Array)
#17 E:/EliteMark/base-api/vendor/laravel/framework/src/Illuminate/Database/Eloquent/Model.php(2384): Illuminate/Database/Eloquent/Model->__call('firstOrCreate', Array)
#18 E:/EliteMark/base-api/database/seeders/PermissionSeeder.php(60): Illuminate/Database/Eloquent/Model::__callStatic('firstOrCreate', Array)
#19 E:/EliteMark/base-api/vendor/laravel/framework/src/Illuminate/Container/BoundMethod.php(36): Database/Seeders/PermissionSeeder->run()
#20 E:/EliteMark/base-api/vendor/laravel/framework/src/Illuminate/Container/Util.php(43): Illuminate/Container/BoundMethod::Illuminate/Container/{closure}()
#21 E:/EliteMark/base-api/vendor/laravel/framework/src/Illuminate/Container/BoundMethod.php(95): Illuminate/Container/Util::unwrapIfClosure(Object(Closure))
#22 E:/EliteMark/base-api/vendor/laravel/framework/src/Illuminate/Container/BoundMethod.php(35): Illuminate/Container/BoundMethod::callBoundMethod(Object(Illuminate/Foundation/Application), Array, Object(Closure))
#23 E:/EliteMark/base-api/vendor/laravel/framework/src/Illuminate/Container/Container.php(696): Illuminate/Container/BoundMethod::call(Object(Illuminate/Foundation/Application), Array, Array, NULL)
#24 E:/EliteMark/base-api/vendor/laravel/framework/src/Illuminate/Database/Seeder.php(188): Illuminate/Container/Container->call(Array, Array)
#25 E:/EliteMark/base-api/vendor/laravel/framework/src/Illuminate/Database/Seeder.php(197): Illuminate/Database/Seeder->Illuminate/Database/{closure}()
#26 E:/EliteMark/base-api/vendor/laravel/framework/src/Illuminate/Database/Seeder.php(61): Illuminate/Database/Seeder->__invoke(Array)
#27 E:/EliteMark/base-api/database/seeders/DatabaseSeeder.php(16): Illuminate/Database/Seeder->call('Database//Seeder...')
#28 E:/EliteMark/base-api/vendor/laravel/framework/src/Illuminate/Container/BoundMethod.php(36): Database/Seeders/DatabaseSeeder->run()
#29 E:/EliteMark/base-api/vendor/laravel/framework/src/Illuminate/Container/Util.php(43): Illuminate/Container/BoundMethod::Illuminate/Container/{closure}()
#30 E:/EliteMark/base-api/vendor/laravel/framework/src/Illuminate/Container/BoundMethod.php(95): Illuminate/Container/Util::unwrapIfClosure(Object(Closure))
#31 E:/EliteMark/base-api/vendor/laravel/framework/src/Illuminate/Container/BoundMethod.php(35): Illuminate/Container/BoundMethod::callBoundMethod(Object(Illuminate/Foundation/Application), Array, Object(Closure))
#32 E:/EliteMark/base-api/vendor/laravel/framework/src/Illuminate/Container/Container.php(696): Illuminate/Container/BoundMethod::call(Object(Illuminate/Foundation/Application), Array, Array, NULL)
#33 E:/EliteMark/base-api/vendor/laravel/framework/src/Illuminate/Database/Seeder.php(188): Illuminate/Container/Container->call(Array, Array)
#34 E:/EliteMark/base-api/vendor/laravel/framework/src/Illuminate/Database/Seeder.php(197): Illuminate/Database/Seeder->Illuminate/Database/{closure}()
#35 E:/EliteMark/base-api/vendor/laravel/framework/src/Illuminate/Database/Console/Seeds/SeedCommand.php(70): Illuminate/Database/Seeder->__invoke()
#36 E:/EliteMark/base-api/vendor/laravel/framework/src/Illuminate/Database/Eloquent/Concerns/GuardsAttributes.php(155): Illuminate/Database/Console/Seeds/SeedCommand->Illuminate/Database/Console/Seeds/{closure}()
#37 E:/EliteMark/base-api/vendor/laravel/framework/src/Illuminate/Database/Console/Seeds/SeedCommand.php(69): Illuminate/Database/Eloquent/Model::unguarded(Object(Closure))
#38 E:/EliteMark/base-api/vendor/laravel/framework/src/Illuminate/Container/BoundMethod.php(36): Illuminate/Database/Console/Seeds/SeedCommand->handle()
#39 E:/EliteMark/base-api/vendor/laravel/framework/src/Illuminate/Container/Util.php(43): Illuminate/Container/BoundMethod::Illuminate/Container/{closure}()
#40 E:/EliteMark/base-api/vendor/laravel/framework/src/Illuminate/Container/BoundMethod.php(95): Illuminate/Container/Util::unwrapIfClosure(Object(Closure))
#41 E:/EliteMark/base-api/vendor/laravel/framework/src/Illuminate/Container/BoundMethod.php(35): Illuminate/Container/BoundMethod::callBoundMethod(Object(Illuminate/Foundation/Application), Array, Object(Closure))
#42 E:/EliteMark/base-api/vendor/laravel/framework/src/Illuminate/Container/Container.php(696): Illuminate/Container/BoundMethod::call(Object(Illuminate/Foundation/Application), Array, Array, NULL)
#43 E:/EliteMark/base-api/vendor/laravel/framework/src/Illuminate/Console/Command.php(213): Illuminate/Container/Container->call(Array)
#44 E:/EliteMark/base-api/vendor/symfony/console/Command/Command.php(341): Illuminate/Console/Command->execute(Object(Symfony/Component/Console/Input/ArgvInput), Object(Illuminate/Console/OutputStyle))
#45 E:/EliteMark/base-api/vendor/laravel/framework/src/Illuminate/Console/Command.php(182): Symfony/Component/Console/Command/Command->run(Object(Symfony/Component/Console/Input/ArgvInput), Object(Illuminate/Console/OutputStyle))
#46 E:/EliteMark/base-api/vendor/symfony/console/Application.php(1117): Illuminate/Console/Command->run(Object(Symfony/Component/Console/Input/ArgvInput), Object(Symfony/Component/Console/Output/ConsoleOutput))
#47 E:/EliteMark/base-api/vendor/symfony/console/Application.php(356): Symfony/Component/Console/Application->doRunCommand(Object(Illuminate/Database/Console/Seeds/SeedCommand), Object(Symfony/Component/Console/Input/ArgvInput), Object(Symfony/Component/Console/Output/ConsoleOutput))
#48 E:/EliteMark/base-api/vendor/symfony/console/Application.php(195): Symfony/Component/Console/Application->doRun(Object(Symfony/Component/Console/Input/ArgvInput), Object(Symfony/Component/Console/Output/ConsoleOutput))
#49 E:/EliteMark/base-api/vendor/laravel/framework/src/Illuminate/Foundation/Console/Kernel.php(198): Symfony/Component/Console/Application->run(Object(Symfony/Component/Console/Input/ArgvInput), Object(Symfony/Component/Console/Output/ConsoleOutput))
#50 E:/EliteMark/base-api/vendor/laravel/framework/src/Illuminate/Foundation/Application.php(1235): Illuminate/Foundation/Console/Kernel->handle(Object(Symfony/Component/Console/Input/ArgvInput), Object(Symfony/Component/Console/Output/ConsoleOutput))
#51 E:/EliteMark/base-api/artisan(16): Illuminate/Foundation/Application->handleCommand(Object(Symfony/Component/Console/Input/ArgvInput))
#52 {main}

[previous exception] [object] (PDOException(code: 42S22): SQLSTATE[42S22]: Column not found: 1054 Unknown column 'group' in 'field list' at E:/EliteMark/base-api/vendor/laravel/framework/src/Illuminate/Database/MySqlConnection.php:47)
[stacktrace]
#0 E:/EliteMark/base-api/vendor/laravel/framework/src/Illuminate/Database/MySqlConnection.php(47): PDO->prepare('insert into `pe...')
#1 E:/EliteMark/base-api/vendor/laravel/framework/src/Illuminate/Database/Connection.php(812): Illuminate/Database/MySqlConnection->Illuminate/Database/{closure}('insert into `pe...', Array)
#2 E:/EliteMark/base-api/vendor/laravel/framework/src/Illuminate/Database/Connection.php(779): Illuminate/Database/Connection->runQueryCallback('insert into `pe...', Array, Object(Closure))
#3 E:/EliteMark/base-api/vendor/laravel/framework/src/Illuminate/Database/MySqlConnection.php(42): Illuminate/Database/Connection->run('insert into `pe...', Array, Object(Closure))
#4 E:/EliteMark/base-api/vendor/laravel/framework/src/Illuminate/Database/Query/Processors/MySqlProcessor.php(35): Illuminate/Database/MySqlConnection->insert('insert into `pe...', Array, 'id')
#5 E:/EliteMark/base-api/vendor/laravel/framework/src/Illuminate/Database/Query/Builder.php(3766): Illuminate/Database/Query/Processors/MySqlProcessor->processInsertGetId(Object(Illuminate/Database/Query/Builder), 'insert into `pe...', Array, 'id')
#6 E:/EliteMark/base-api/vendor/laravel/framework/src/Illuminate/Database/Eloquent/Builder.php(2120): Illuminate/Database/Query/Builder->insertGetId(Array, 'id')
#7 E:/EliteMark/base-api/vendor/laravel/framework/src/Illuminate/Database/Eloquent/Model.php(1359): Illuminate/Database/Eloquent/Builder->__call('insertGetId', Array)
#8 E:/EliteMark/base-api/vendor/laravel/framework/src/Illuminate/Database/Eloquent/Model.php(1324): Illuminate/Database/Eloquent/Model->insertAndSetId(Object(Illuminate/Database/Eloquent/Builder), Array)
#9 E:/EliteMark/base-api/vendor/laravel/framework/src/Illuminate/Database/Eloquent/Model.php(1163): Illuminate/Database/Eloquent/Model->performInsert(Object(Illuminate/Database/Eloquent/Builder))
#10 E:/EliteMark/base-api/vendor/laravel/framework/src/Illuminate/Database/Eloquent/Builder.php(1128): Illuminate/Database/Eloquent/Model->save()
#11 E:/EliteMark/base-api/vendor/laravel/framework/src/Illuminate/Support/helpers.php(399): Illuminate/Database/Eloquent/Builder->Illuminate/Database/Eloquent/{closure}(Object(Spatie/Permission/Models/Permission))
#12 E:/EliteMark/base-api/vendor/laravel/framework/src/Illuminate/Database/Eloquent/Builder.php(1127): tap(Object(Spatie/Permission/Models/Permission), Object(Closure))
#13 E:/EliteMark/base-api/vendor/laravel/framework/src/Illuminate/Database/Eloquent/Builder.php(634): Illuminate/Database/Eloquent/Builder->create(Array)
#14 E:/EliteMark/base-api/vendor/laravel/framework/src/Illuminate/Database/Eloquent/Builder.php(1864): Illuminate/Database/Eloquent/Builder->Illuminate/Database/Eloquent/{closure}()
#15 E:/EliteMark/base-api/vendor/laravel/framework/src/Illuminate/Database/Eloquent/Builder.php(634): Illuminate/Database/Eloquent/Builder->withSavepointIfNeeded(Object(Closure))
#16 E:/EliteMark/base-api/vendor/laravel/framework/src/Illuminate/Database/Eloquent/Builder.php(621): Illuminate/Database/Eloquent/Builder->createOrFirst(Array, Array)
#17 E:/EliteMark/base-api/vendor/laravel/framework/src/Illuminate/Support/Traits/ForwardsCalls.php(23): Illuminate/Database/Eloquent/Builder->firstOrCreate(Array, Array)
#18 E:/EliteMark/base-api/vendor/laravel/framework/src/Illuminate/Database/Eloquent/Model.php(2372): Illuminate/Database/Eloquent/Model->forwardCallTo(Object(Illuminate/Database/Eloquent/Builder), 'firstOrCreate', Array)
#19 E:/EliteMark/base-api/vendor/laravel/framework/src/Illuminate/Database/Eloquent/Model.php(2384): Illuminate/Database/Eloquent/Model->__call('firstOrCreate', Array)
#20 E:/EliteMark/base-api/database/seeders/PermissionSeeder.php(60): Illuminate/Database/Eloquent/Model::__callStatic('firstOrCreate', Array)
#21 E:/EliteMark/base-api/vendor/laravel/framework/src/Illuminate/Container/BoundMethod.php(36): Database/Seeders/PermissionSeeder->run()
#22 E:/EliteMark/base-api/vendor/laravel/framework/src/Illuminate/Container/Util.php(43): Illuminate/Container/BoundMethod::Illuminate/Container/{closure}()
#23 E:/EliteMark/base-api/vendor/laravel/framework/src/Illuminate/Container/BoundMethod.php(95): Illuminate/Container/Util::unwrapIfClosure(Object(Closure))
#24 E:/EliteMark/base-api/vendor/laravel/framework/src/Illuminate/Container/BoundMethod.php(35): Illuminate/Container/BoundMethod::callBoundMethod(Object(Illuminate/Foundation/Application), Array, Object(Closure))
#25 E:/EliteMark/base-api/vendor/laravel/framework/src/Illuminate/Container/Container.php(696): Illuminate/Container/BoundMethod::call(Object(Illuminate/Foundation/Application), Array, Array, NULL)
#26 E:/EliteMark/base-api/vendor/laravel/framework/src/Illuminate/Database/Seeder.php(188): Illuminate/Container/Container->call(Array, Array)
#27 E:/EliteMark/base-api/vendor/laravel/framework/src/Illuminate/Database/Seeder.php(197): Illuminate/Database/Seeder->Illuminate/Database/{closure}()
#28 E:/EliteMark/base-api/vendor/laravel/framework/src/Illuminate/Database/Seeder.php(61): Illuminate/Database/Seeder->__invoke(Array)
#29 E:/EliteMark/base-api/database/seeders/DatabaseSeeder.php(16): Illuminate/Database/Seeder->call('Database//Seeder...')
#30 E:/EliteMark/base-api/vendor/laravel/framework/src/Illuminate/Container/BoundMethod.php(36): Database/Seeders/DatabaseSeeder->run()
#31 E:/EliteMark/base-api/vendor/laravel/framework/src/Illuminate/Container/Util.php(43): Illuminate/Container/BoundMethod::Illuminate/Container/{closure}()
#32 E:/EliteMark/base-api/vendor/laravel/framework/src/Illuminate/Container/BoundMethod.php(95): Illuminate/Container/Util::unwrapIfClosure(Object(Closure))
#33 E:/EliteMark/base-api/vendor/laravel/framework/src/Illuminate/Container/BoundMethod.php(35): Illuminate/Container/BoundMethod::callBoundMethod(Object(Illuminate/Foundation/Application), Array, Object(Closure))
#34 E:/EliteMark/base-api/vendor/laravel/framework/src/Illuminate/Container/Container.php(696): Illuminate/Container/BoundMethod::call(Object(Illuminate/Foundation/Application), Array, Array, NULL)
#35 E:/EliteMark/base-api/vendor/laravel/framework/src/Illuminate/Database/Seeder.php(188): Illuminate/Container/Container->call(Array, Array)
#36 E:/EliteMark/base-api/vendor/laravel/framework/src/Illuminate/Database/Seeder.php(197): Illuminate/Database/Seeder->Illuminate/Database/{closure}()
#37 E:/EliteMark/base-api/vendor/laravel/framework/src/Illuminate/Database/Console/Seeds/SeedCommand.php(70): Illuminate/Database/Seeder->__invoke()
#38 E:/EliteMark/base-api/vendor/laravel/framework/src/Illuminate/Database/Eloquent/Concerns/GuardsAttributes.php(155): Illuminate/Database/Console/Seeds/SeedCommand->Illuminate/Database/Console/Seeds/{closure}()
#39 E:/EliteMark/base-api/vendor/laravel/framework/src/Illuminate/Database/Console/Seeds/SeedCommand.php(69): Illuminate/Database/Eloquent/Model::unguarded(Object(Closure))
#40 E:/EliteMark/base-api/vendor/laravel/framework/src/Illuminate/Container/BoundMethod.php(36): Illuminate/Database/Console/Seeds/SeedCommand->handle()
#41 E:/EliteMark/base-api/vendor/laravel/framework/src/Illuminate/Container/Util.php(43): Illuminate/Container/BoundMethod::Illuminate/Container/{closure}()
#42 E:/EliteMark/base-api/vendor/laravel/framework/src/Illuminate/Container/BoundMethod.php(95): Illuminate/Container/Util::unwrapIfClosure(Object(Closure))
#43 E:/EliteMark/base-api/vendor/laravel/framework/src/Illuminate/Container/BoundMethod.php(35): Illuminate/Container/BoundMethod::callBoundMethod(Object(Illuminate/Foundation/Application), Array, Object(Closure))
#44 E:/EliteMark/base-api/vendor/laravel/framework/src/Illuminate/Container/Container.php(696): Illuminate/Container/BoundMethod::call(Object(Illuminate/Foundation/Application), Array, Array, NULL)
#45 E:/EliteMark/base-api/vendor/laravel/framework/src/Illuminate/Console/Command.php(213): Illuminate/Container/Container->call(Array)
#46 E:/EliteMark/base-api/vendor/symfony/console/Command/Command.php(341): Illuminate/Console/Command->execute(Object(Symfony/Component/Console/Input/ArgvInput), Object(Illuminate/Console/OutputStyle))
#47 E:/EliteMark/base-api/vendor/laravel/framework/src/Illuminate/Console/Command.php(182): Symfony/Component/Console/Command/Command->run(Object(Symfony/Component/Console/Input/ArgvInput), Object(Illuminate/Console/OutputStyle))
#48 E:/EliteMark/base-api/vendor/symfony/console/Application.php(1117): Illuminate/Console/Command->run(Object(Symfony/Component/Console/Input/ArgvInput), Object(Symfony/Component/Console/Output/ConsoleOutput))
#49 E:/EliteMark/base-api/vendor/symfony/console/Application.php(356): Symfony/Component/Console/Application->doRunCommand(Object(Illuminate/Database/Console/Seeds/SeedCommand), Object(Symfony/Component/Console/Input/ArgvInput), Object(Symfony/Component/Console/Output/ConsoleOutput))
#50 E:/EliteMark/base-api/vendor/symfony/console/Application.php(195): Symfony/Component/Console/Application->doRun(Object(Symfony/Component/Console/Input/ArgvInput), Object(Symfony/Component/Console/Output/ConsoleOutput))
#51 E:/EliteMark/base-api/vendor/laravel/framework/src/Illuminate/Foundation/Console/Kernel.php(198): Symfony/Component/Console/Application->run(Object(Symfony/Component/Console/Input/ArgvInput), Object(Symfony/Component/Console/Output/ConsoleOutput))
#52 E:/EliteMark/base-api/vendor/laravel/framework/src/Illuminate/Foundation/Application.php(1235): Illuminate/Foundation/Console/Kernel->handle(Object(Symfony/Component/Console/Input/ArgvInput), Object(Symfony/Component/Console/Output/ConsoleOutput))
#53 E:/EliteMark/base-api/artisan(16): Illuminate/Foundation/Application->handleCommand(Object(Symfony/Component/Console/Input/ArgvInput))
#54 {main}
"} 
[2026-04-20 01:18:30] local.ERROR: SQLSTATE[42S22]: Column not found: 1054 Unknown column 'uuid' in 'field list' (Connection: mysql, SQL: insert into `menus` (`slug`, `name`, `url`, `icon`, `type`, `order`, `is_active`, `uuid`, `updated_at`, `created_at`) values (dashboard, Dashboard, /dashboard, home, sidebar, 1, 1, f9dc8550-3d8d-46cf-b25c-3d94e7193259, 2026-04-20 01:18:30, 2026-04-20 01:18:30)) {"exception":"[object] (Illuminate\\Database\\QueryException(code: 42S22): SQLSTATE[42S22]: Column not found: 1054 Unknown column 'uuid' in 'field list' (Connection: mysql, SQL: insert into `menus` (`slug`, `name`, `url`, `icon`, `type`, `order`, `is_active`, `uuid`, `updated_at`, `created_at`) values (dashboard, Dashboard, /dashboard, home, sidebar, 1, 1, f9dc8550-3d8d-46cf-b25c-3d94e7193259, 2026-04-20 01:18:30, 2026-04-20 01:18:30)) at E:/EliteMark/base-api/vendor/laravel/framework/src/Illuminate/Database/Connection.php:825)
[stacktrace]
#0 E:/EliteMark/base-api/vendor/laravel/framework/src/Illuminate/Database/Connection.php(779): Illuminate/Database/Connection->runQueryCallback('insert into `me...', Array, Object(Closure))
#1 E:/EliteMark/base-api/vendor/laravel/framework/src/Illuminate/Database/MySqlConnection.php(42): Illuminate/Database/Connection->run('insert into `me...', Array, Object(Closure))
#2 E:/EliteMark/base-api/vendor/laravel/framework/src/Illuminate/Database/Query/Processors/MySqlProcessor.php(35): Illuminate/Database/MySqlConnection->insert('insert into `me...', Array, 'id')
#3 E:/EliteMark/base-api/vendor/laravel/framework/src/Illuminate/Database/Query/Builder.php(3766): Illuminate/Database/Query/Processors/MySqlProcessor->processInsertGetId(Object(Illuminate/Database/Query/Builder), 'insert into `me...', Array, 'id')
#4 E:/EliteMark/base-api/vendor/laravel/framework/src/Illuminate/Database/Eloquent/Builder.php(2120): Illuminate/Database/Query/Builder->insertGetId(Array, 'id')
#5 E:/EliteMark/base-api/vendor/laravel/framework/src/Illuminate/Database/Eloquent/Model.php(1359): Illuminate/Database/Eloquent/Builder->__call('insertGetId', Array)
#6 E:/EliteMark/base-api/vendor/laravel/framework/src/Illuminate/Database/Eloquent/Model.php(1324): Illuminate/Database/Eloquent/Model->insertAndSetId(Object(Illuminate/Database/Eloquent/Builder), Array)
#7 E:/EliteMark/base-api/vendor/laravel/framework/src/Illuminate/Database/Eloquent/Model.php(1163): Illuminate/Database/Eloquent/Model->performInsert(Object(Illuminate/Database/Eloquent/Builder))
#8 E:/EliteMark/base-api/vendor/laravel/framework/src/Illuminate/Database/Eloquent/Builder.php(1128): Illuminate/Database/Eloquent/Model->save()
#9 E:/EliteMark/base-api/vendor/laravel/framework/src/Illuminate/Support/helpers.php(399): Illuminate/Database/Eloquent/Builder->Illuminate/Database/Eloquent/{closure}(Object(App/Models/Menu))
#10 E:/EliteMark/base-api/vendor/laravel/framework/src/Illuminate/Database/Eloquent/Builder.php(1127): tap(Object(App/Models/Menu), Object(Closure))
#11 E:/EliteMark/base-api/vendor/laravel/framework/src/Illuminate/Database/Eloquent/Builder.php(634): Illuminate/Database/Eloquent/Builder->create(Array)
#12 E:/EliteMark/base-api/vendor/laravel/framework/src/Illuminate/Database/Eloquent/Builder.php(1864): Illuminate/Database/Eloquent/Builder->Illuminate/Database/Eloquent/{closure}()
#13 E:/EliteMark/base-api/vendor/laravel/framework/src/Illuminate/Database/Eloquent/Builder.php(634): Illuminate/Database/Eloquent/Builder->withSavepointIfNeeded(Object(Closure))
#14 E:/EliteMark/base-api/vendor/laravel/framework/src/Illuminate/Database/Eloquent/Builder.php(621): Illuminate/Database/Eloquent/Builder->createOrFirst(Array, Array)
#15 E:/EliteMark/base-api/vendor/laravel/framework/src/Illuminate/Support/Traits/ForwardsCalls.php(23): Illuminate/Database/Eloquent/Builder->firstOrCreate(Array, Array)
#16 E:/EliteMark/base-api/vendor/laravel/framework/src/Illuminate/Database/Eloquent/Model.php(2372): Illuminate/Database/Eloquent/Model->forwardCallTo(Object(Illuminate/Database/Eloquent/Builder), 'firstOrCreate', Array)
#17 E:/EliteMark/base-api/vendor/laravel/framework/src/Illuminate/Database/Eloquent/Model.php(2384): Illuminate/Database/Eloquent/Model->__call('firstOrCreate', Array)
#18 E:/EliteMark/base-api/database/seeders/MenuSeeder.php(79): Illuminate/Database/Eloquent/Model::__callStatic('firstOrCreate', Array)
#19 E:/EliteMark/base-api/vendor/laravel/framework/src/Illuminate/Container/BoundMethod.php(36): Database/Seeders/MenuSeeder->run()
#20 E:/EliteMark/base-api/vendor/laravel/framework/src/Illuminate/Container/Util.php(43): Illuminate/Container/BoundMethod::Illuminate/Container/{closure}()
#21 E:/EliteMark/base-api/vendor/laravel/framework/src/Illuminate/Container/BoundMethod.php(95): Illuminate/Container/Util::unwrapIfClosure(Object(Closure))
#22 E:/EliteMark/base-api/vendor/laravel/framework/src/Illuminate/Container/BoundMethod.php(35): Illuminate/Container/BoundMethod::callBoundMethod(Object(Illuminate/Foundation/Application), Array, Object(Closure))
#23 E:/EliteMark/base-api/vendor/laravel/framework/src/Illuminate/Container/Container.php(696): Illuminate/Container/BoundMethod::call(Object(Illuminate/Foundation/Application), Array, Array, NULL)
#24 E:/EliteMark/base-api/vendor/laravel/framework/src/Illuminate/Database/Seeder.php(188): Illuminate/Container/Container->call(Array, Array)
#25 E:/EliteMark/base-api/vendor/laravel/framework/src/Illuminate/Database/Seeder.php(197): Illuminate/Database/Seeder->Illuminate/Database/{closure}()
#26 E:/EliteMark/base-api/vendor/laravel/framework/src/Illuminate/Database/Seeder.php(61): Illuminate/Database/Seeder->__invoke(Array)
#27 E:/EliteMark/base-api/database/seeders/DatabaseSeeder.php(16): Illuminate/Database/Seeder->call('Database//Seeder...')
#28 E:/EliteMark/base-api/vendor/laravel/framework/src/Illuminate/Container/BoundMethod.php(36): Database/Seeders/DatabaseSeeder->run()
#29 E:/EliteMark/base-api/vendor/laravel/framework/src/Illuminate/Container/Util.php(43): Illuminate/Container/BoundMethod::Illuminate/Container/{closure}()
#30 E:/EliteMark/base-api/vendor/laravel/framework/src/Illuminate/Container/BoundMethod.php(95): Illuminate/Container/Util::unwrapIfClosure(Object(Closure))
#31 E:/EliteMark/base-api/vendor/laravel/framework/src/Illuminate/Container/BoundMethod.php(35): Illuminate/Container/BoundMethod::callBoundMethod(Object(Illuminate/Foundation/Application), Array, Object(Closure))
#32 E:/EliteMark/base-api/vendor/laravel/framework/src/Illuminate/Container/Container.php(696): Illuminate/Container/BoundMethod::call(Object(Illuminate/Foundation/Application), Array, Array, NULL)
#33 E:/EliteMark/base-api/vendor/laravel/framework/src/Illuminate/Database/Seeder.php(188): Illuminate/Container/Container->call(Array, Array)
#34 E:/EliteMark/base-api/vendor/laravel/framework/src/Illuminate/Database/Seeder.php(197): Illuminate/Database/Seeder->Illuminate/Database/{closure}()
#35 E:/EliteMark/base-api/vendor/laravel/framework/src/Illuminate/Database/Console/Seeds/SeedCommand.php(70): Illuminate/Database/Seeder->__invoke()
#36 E:/EliteMark/base-api/vendor/laravel/framework/src/Illuminate/Database/Eloquent/Concerns/GuardsAttributes.php(155): Illuminate/Database/Console/Seeds/SeedCommand->Illuminate/Database/Console/Seeds/{closure}()
#37 E:/EliteMark/base-api/vendor/laravel/framework/src/Illuminate/Database/Console/Seeds/SeedCommand.php(69): Illuminate/Database/Eloquent/Model::unguarded(Object(Closure))
#38 E:/EliteMark/base-api/vendor/laravel/framework/src/Illuminate/Container/BoundMethod.php(36): Illuminate/Database/Console/Seeds/SeedCommand->handle()
#39 E:/EliteMark/base-api/vendor/laravel/framework/src/Illuminate/Container/Util.php(43): Illuminate/Container/BoundMethod::Illuminate/Container/{closure}()
#40 E:/EliteMark/base-api/vendor/laravel/framework/src/Illuminate/Container/BoundMethod.php(95): Illuminate/Container/Util::unwrapIfClosure(Object(Closure))
#41 E:/EliteMark/base-api/vendor/laravel/framework/src/Illuminate/Container/BoundMethod.php(35): Illuminate/Container/BoundMethod::callBoundMethod(Object(Illuminate/Foundation/Application), Array, Object(Closure))
#42 E:/EliteMark/base-api/vendor/laravel/framework/src/Illuminate/Container/Container.php(696): Illuminate/Container/BoundMethod::call(Object(Illuminate/Foundation/Application), Array, Array, NULL)
#43 E:/EliteMark/base-api/vendor/laravel/framework/src/Illuminate/Console/Command.php(213): Illuminate/Container/Container->call(Array)
#44 E:/EliteMark/base-api/vendor/symfony/console/Command/Command.php(341): Illuminate/Console/Command->execute(Object(Symfony/Component/Console/Input/ArgvInput), Object(Illuminate/Console/OutputStyle))
#45 E:/EliteMark/base-api/vendor/laravel/framework/src/Illuminate/Console/Command.php(182): Symfony/Component/Console/Command/Command->run(Object(Symfony/Component/Console/Input/ArgvInput), Object(Illuminate/Console/OutputStyle))
#46 E:/EliteMark/base-api/vendor/symfony/console/Application.php(1117): Illuminate/Console/Command->run(Object(Symfony/Component/Console/Input/ArgvInput), Object(Symfony/Component/Console/Output/ConsoleOutput))
#47 E:/EliteMark/base-api/vendor/symfony/console/Application.php(356): Symfony/Component/Console/Application->doRunCommand(Object(Illuminate/Database/Console/Seeds/SeedCommand), Object(Symfony/Component/Console/Input/ArgvInput), Object(Symfony/Component/Console/Output/ConsoleOutput))
#48 E:/EliteMark/base-api/vendor/symfony/console/Application.php(195): Symfony/Component/Console/Application->doRun(Object(Symfony/Component/Console/Input/ArgvInput), Object(Symfony/Component/Console/Output/ConsoleOutput))
#49 E:/EliteMark/base-api/vendor/laravel/framework/src/Illuminate/Foundation/Console/Kernel.php(198): Symfony/Component/Console/Application->run(Object(Symfony/Component/Console/Input/ArgvInput), Object(Symfony/Component/Console/Output/ConsoleOutput))
#50 E:/EliteMark/base-api/vendor/laravel/framework/src/Illuminate/Foundation/Application.php(1235): Illuminate/Foundation/Console/Kernel->handle(Object(Symfony/Component/Console/Input/ArgvInput), Object(Symfony/Component/Console/Output/ConsoleOutput))
#51 E:/EliteMark/base-api/artisan(16): Illuminate/Foundation/Application->handleCommand(Object(Symfony/Component/Console/Input/ArgvInput))
#52 {main}

[previous exception] [object] (PDOException(code: 42S22): SQLSTATE[42S22]: Column not found: 1054 Unknown column 'uuid' in 'field list' at E:/EliteMark/base-api/vendor/laravel/framework/src/Illuminate/Database/MySqlConnection.php:47)
[stacktrace]
#0 E:/EliteMark/base-api/vendor/laravel/framework/src/Illuminate/Database/MySqlConnection.php(47): PDO->prepare('insert into `me...')
#1 E:/EliteMark/base-api/vendor/laravel/framework/src/Illuminate/Database/Connection.php(812): Illuminate/Database/MySqlConnection->Illuminate/Database/{closure}('insert into `me...', Array)
#2 E:/EliteMark/base-api/vendor/laravel/framework/src/Illuminate/Database/Connection.php(779): Illuminate/Database/Connection->runQueryCallback('insert into `me...', Array, Object(Closure))
#3 E:/EliteMark/base-api/vendor/laravel/framework/src/Illuminate/Database/MySqlConnection.php(42): Illuminate/Database/Connection->run('insert into `me...', Array, Object(Closure))
#4 E:/EliteMark/base-api/vendor/laravel/framework/src/Illuminate/Database/Query/Processors/MySqlProcessor.php(35): Illuminate/Database/MySqlConnection->insert('insert into `me...', Array, 'id')
#5 E:/EliteMark/base-api/vendor/laravel/framework/src/Illuminate/Database/Query/Builder.php(3766): Illuminate/Database/Query/Processors/MySqlProcessor->processInsertGetId(Object(Illuminate/Database/Query/Builder), 'insert into `me...', Array, 'id')
#6 E:/EliteMark/base-api/vendor/laravel/framework/src/Illuminate/Database/Eloquent/Builder.php(2120): Illuminate/Database/Query/Builder->insertGetId(Array, 'id')
#7 E:/EliteMark/base-api/vendor/laravel/framework/src/Illuminate/Database/Eloquent/Model.php(1359): Illuminate/Database/Eloquent/Builder->__call('insertGetId', Array)
#8 E:/EliteMark/base-api/vendor/laravel/framework/src/Illuminate/Database/Eloquent/Model.php(1324): Illuminate/Database/Eloquent/Model->insertAndSetId(Object(Illuminate/Database/Eloquent/Builder), Array)
#9 E:/EliteMark/base-api/vendor/laravel/framework/src/Illuminate/Database/Eloquent/Model.php(1163): Illuminate/Database/Eloquent/Model->performInsert(Object(Illuminate/Database/Eloquent/Builder))
#10 E:/EliteMark/base-api/vendor/laravel/framework/src/Illuminate/Database/Eloquent/Builder.php(1128): Illuminate/Database/Eloquent/Model->save()
#11 E:/EliteMark/base-api/vendor/laravel/framework/src/Illuminate/Support/helpers.php(399): Illuminate/Database/Eloquent/Builder->Illuminate/Database/Eloquent/{closure}(Object(App/Models/Menu))
#12 E:/EliteMark/base-api/vendor/laravel/framework/src/Illuminate/Database/Eloquent/Builder.php(1127): tap(Object(App/Models/Menu), Object(Closure))
#13 E:/EliteMark/base-api/vendor/laravel/framework/src/Illuminate/Database/Eloquent/Builder.php(634): Illuminate/Database/Eloquent/Builder->create(Array)
#14 E:/EliteMark/base-api/vendor/laravel/framework/src/Illuminate/Database/Eloquent/Builder.php(1864): Illuminate/Database/Eloquent/Builder->Illuminate/Database/Eloquent/{closure}()
#15 E:/EliteMark/base-api/vendor/laravel/framework/src/Illuminate/Database/Eloquent/Builder.php(634): Illuminate/Database/Eloquent/Builder->withSavepointIfNeeded(Object(Closure))
#16 E:/EliteMark/base-api/vendor/laravel/framework/src/Illuminate/Database/Eloquent/Builder.php(621): Illuminate/Database/Eloquent/Builder->createOrFirst(Array, Array)
#17 E:/EliteMark/base-api/vendor/laravel/framework/src/Illuminate/Support/Traits/ForwardsCalls.php(23): Illuminate/Database/Eloquent/Builder->firstOrCreate(Array, Array)
#18 E:/EliteMark/base-api/vendor/laravel/framework/src/Illuminate/Database/Eloquent/Model.php(2372): Illuminate/Database/Eloquent/Model->forwardCallTo(Object(Illuminate/Database/Eloquent/Builder), 'firstOrCreate', Array)
#19 E:/EliteMark/base-api/vendor/laravel/framework/src/Illuminate/Database/Eloquent/Model.php(2384): Illuminate/Database/Eloquent/Model->__call('firstOrCreate', Array)
#20 E:/EliteMark/base-api/database/seeders/MenuSeeder.php(79): Illuminate/Database/Eloquent/Model::__callStatic('firstOrCreate', Array)
#21 E:/EliteMark/base-api/vendor/laravel/framework/src/Illuminate/Container/BoundMethod.php(36): Database/Seeders/MenuSeeder->run()
#22 E:/EliteMark/base-api/vendor/laravel/framework/src/Illuminate/Container/Util.php(43): Illuminate/Container/BoundMethod::Illuminate/Container/{closure}()
#23 E:/EliteMark/base-api/vendor/laravel/framework/src/Illuminate/Container/BoundMethod.php(95): Illuminate/Container/Util::unwrapIfClosure(Object(Closure))
#24 E:/EliteMark/base-api/vendor/laravel/framework/src/Illuminate/Container/BoundMethod.php(35): Illuminate/Container/BoundMethod::callBoundMethod(Object(Illuminate/Foundation/Application), Array, Object(Closure))
#25 E:/EliteMark/base-api/vendor/laravel/framework/src/Illuminate/Container/Container.php(696): Illuminate/Container/BoundMethod::call(Object(Illuminate/Foundation/Application), Array, Array, NULL)
#26 E:/EliteMark/base-api/vendor/laravel/framework/src/Illuminate/Database/Seeder.php(188): Illuminate/Container/Container->call(Array, Array)
#27 E:/EliteMark/base-api/vendor/laravel/framework/src/Illuminate/Database/Seeder.php(197): Illuminate/Database/Seeder->Illuminate/Database/{closure}()
#28 E:/EliteMark/base-api/vendor/laravel/framework/src/Illuminate/Database/Seeder.php(61): Illuminate/Database/Seeder->__invoke(Array)
#29 E:/EliteMark/base-api/database/seeders/DatabaseSeeder.php(16): Illuminate/Database/Seeder->call('Database//Seeder...')
#30 E:/EliteMark/base-api/vendor/laravel/framework/src/Illuminate/Container/BoundMethod.php(36): Database/Seeders/DatabaseSeeder->run()
#31 E:/EliteMark/base-api/vendor/laravel/framework/src/Illuminate/Container/Util.php(43): Illuminate/Container/BoundMethod::Illuminate/Container/{closure}()
#32 E:/EliteMark/base-api/vendor/laravel/framework/src/Illuminate/Container/BoundMethod.php(95): Illuminate/Container/Util::unwrapIfClosure(Object(Closure))
#33 E:/EliteMark/base-api/vendor/laravel/framework/src/Illuminate/Container/BoundMethod.php(35): Illuminate/Container/BoundMethod::callBoundMethod(Object(Illuminate/Foundation/Application), Array, Object(Closure))
#34 E:/EliteMark/base-api/vendor/laravel/framework/src/Illuminate/Container/Container.php(696): Illuminate/Container/BoundMethod::call(Object(Illuminate/Foundation/Application), Array, Array, NULL)
#35 E:/EliteMark/base-api/vendor/laravel/framework/src/Illuminate/Database/Seeder.php(188): Illuminate/Container/Container->call(Array, Array)
#36 E:/EliteMark/base-api/vendor/laravel/framework/src/Illuminate/Database/Seeder.php(197): Illuminate/Database/Seeder->Illuminate/Database/{closure}()
#37 E:/EliteMark/base-api/vendor/laravel/framework/src/Illuminate/Database/Console/Seeds/SeedCommand.php(70): Illuminate/Database/Seeder->__invoke()
#38 E:/EliteMark/base-api/vendor/laravel/framework/src/Illuminate/Database/Eloquent/Concerns/GuardsAttributes.php(155): Illuminate/Database/Console/Seeds/SeedCommand->Illuminate/Database/Console/Seeds/{closure}()
#39 E:/EliteMark/base-api/vendor/laravel/framework/src/Illuminate/Database/Console/Seeds/SeedCommand.php(69): Illuminate/Database/Eloquent/Model::unguarded(Object(Closure))
#40 E:/EliteMark/base-api/vendor/laravel/framework/src/Illuminate/Container/BoundMethod.php(36): Illuminate/Database/Console/Seeds/SeedCommand->handle()
#41 E:/EliteMark/base-api/vendor/laravel/framework/src/Illuminate/Container/Util.php(43): Illuminate/Container/BoundMethod::Illuminate/Container/{closure}()
#42 E:/EliteMark/base-api/vendor/laravel/framework/src/Illuminate/Container/BoundMethod.php(95): Illuminate/Container/Util::unwrapIfClosure(Object(Closure))
#43 E:/EliteMark/base-api/vendor/laravel/framework/src/Illuminate/Container/BoundMethod.php(35): Illuminate/Container/BoundMethod::callBoundMethod(Object(Illuminate/Foundation/Application), Array, Object(Closure))
#44 E:/EliteMark/base-api/vendor/laravel/framework/src/Illuminate/Container/Container.php(696): Illuminate/Container/BoundMethod::call(Object(Illuminate/Foundation/Application), Array, Array, NULL)
#45 E:/EliteMark/base-api/vendor/laravel/framework/src/Illuminate/Console/Command.php(213): Illuminate/Container/Container->call(Array)
#46 E:/EliteMark/base-api/vendor/symfony/console/Command/Command.php(341): Illuminate/Console/Command->execute(Object(Symfony/Component/Console/Input/ArgvInput), Object(Illuminate/Console/OutputStyle))
#47 E:/EliteMark/base-api/vendor/laravel/framework/src/Illuminate/Console/Command.php(182): Symfony/Component/Console/Command/Command->run(Object(Symfony/Component/Console/Input/ArgvInput), Object(Illuminate/Console/OutputStyle))
#48 E:/EliteMark/base-api/vendor/symfony/console/Application.php(1117): Illuminate/Console/Command->run(Object(Symfony/Component/Console/Input/ArgvInput), Object(Symfony/Component/Console/Output/ConsoleOutput))
#49 E:/EliteMark/base-api/vendor/symfony/console/Application.php(356): Symfony/Component/Console/Application->doRunCommand(Object(Illuminate/Database/Console/Seeds/SeedCommand), Object(Symfony/Component/Console/Input/ArgvInput), Object(Symfony/Component/Console/Output/ConsoleOutput))
#50 E:/EliteMark/base-api/vendor/symfony/console/Application.php(195): Symfony/Component/Console/Application->doRun(Object(Symfony/Component/Console/Input/ArgvInput), Object(Symfony/Component/Console/Output/ConsoleOutput))
#51 E:/EliteMark/base-api/vendor/laravel/framework/src/Illuminate/Foundation/Console/Kernel.php(198): Symfony/Component/Console/Application->run(Object(Symfony/Component/Console/Input/ArgvInput), Object(Symfony/Component/Console/Output/ConsoleOutput))
#52 E:/EliteMark/base-api/vendor/laravel/framework/src/Illuminate/Foundation/Application.php(1235): Illuminate/Foundation/Console/Kernel->handle(Object(Symfony/Component/Console/Input/ArgvInput), Object(Symfony/Component/Console/Output/ConsoleOutput))
#53 E:/EliteMark/base-api/artisan(16): Illuminate/Foundation/Application->handleCommand(Object(Symfony/Component/Console/Input/ArgvInput))
#54 {main}
"} 
[2026-04-20 01:20:08] local.ERROR: SQLSTATE[42S22]: Column not found: 1054 Unknown column 'uuid' in 'field list' (Connection: mysql, SQL: insert into `users` (`email`, `name`, `password`, `status`, `email_verified_at`, `uuid`, `updated_at`, `created_at`) values (superadmin@example.com, Super Admin, $2y$12$yMBbRJMtnnOYFHFl9ex8M.TVMV1t6u06MquigPjeLsD296LVbbFpK, active, 2026-04-20 01:20:08, c091f51d-47b3-4d46-a95f-b9b58f1cc4b9, 2026-04-20 01:20:08, 2026-04-20 01:20:08)) {"exception":"[object] (Illuminate\\Database\\QueryException(code: 42S22): SQLSTATE[42S22]: Column not found: 1054 Unknown column 'uuid' in 'field list' (Connection: mysql, SQL: insert into `users` (`email`, `name`, `password`, `status`, `email_verified_at`, `uuid`, `updated_at`, `created_at`) values (superadmin@example.com, Super Admin, $2y$12$yMBbRJMtnnOYFHFl9ex8M.TVMV1t6u06MquigPjeLsD296LVbbFpK, active, 2026-04-20 01:20:08, c091f51d-47b3-4d46-a95f-b9b58f1cc4b9, 2026-04-20 01:20:08, 2026-04-20 01:20:08)) at E:/EliteMark/base-api/vendor/laravel/framework/src/Illuminate/Database/Connection.php:825)
[stacktrace]
#0 E:/EliteMark/base-api/vendor/laravel/framework/src/Illuminate/Database/Connection.php(779): Illuminate/Database/Connection->runQueryCallback('insert into `us...', Array, Object(Closure))
#1 E:/EliteMark/base-api/vendor/laravel/framework/src/Illuminate/Database/MySqlConnection.php(42): Illuminate/Database/Connection->run('insert into `us...', Array, Object(Closure))
#2 E:/EliteMark/base-api/vendor/laravel/framework/src/Illuminate/Database/Query/Processors/MySqlProcessor.php(35): Illuminate/Database/MySqlConnection->insert('insert into `us...', Array, 'id')
#3 E:/EliteMark/base-api/vendor/laravel/framework/src/Illuminate/Database/Query/Builder.php(3766): Illuminate/Database/Query/Processors/MySqlProcessor->processInsertGetId(Object(Illuminate/Database/Query/Builder), 'insert into `us...', Array, 'id')
#4 E:/EliteMark/base-api/vendor/laravel/framework/src/Illuminate/Database/Eloquent/Builder.php(2120): Illuminate/Database/Query/Builder->insertGetId(Array, 'id')
#5 E:/EliteMark/base-api/vendor/laravel/framework/src/Illuminate/Database/Eloquent/Model.php(1359): Illuminate/Database/Eloquent/Builder->__call('insertGetId', Array)
#6 E:/EliteMark/base-api/vendor/laravel/framework/src/Illuminate/Database/Eloquent/Model.php(1324): Illuminate/Database/Eloquent/Model->insertAndSetId(Object(Illuminate/Database/Eloquent/Builder), Array)
#7 E:/EliteMark/base-api/vendor/laravel/framework/src/Illuminate/Database/Eloquent/Model.php(1163): Illuminate/Database/Eloquent/Model->performInsert(Object(Illuminate/Database/Eloquent/Builder))
#8 E:/EliteMark/base-api/vendor/laravel/framework/src/Illuminate/Database/Eloquent/Builder.php(1128): Illuminate/Database/Eloquent/Model->save()
#9 E:/EliteMark/base-api/vendor/laravel/framework/src/Illuminate/Support/helpers.php(399): Illuminate/Database/Eloquent/Builder->Illuminate/Database/Eloquent/{closure}(Object(App/Models/User))
#10 E:/EliteMark/base-api/vendor/laravel/framework/src/Illuminate/Database/Eloquent/Builder.php(1127): tap(Object(App/Models/User), Object(Closure))
#11 E:/EliteMark/base-api/vendor/laravel/framework/src/Illuminate/Database/Eloquent/Builder.php(634): Illuminate/Database/Eloquent/Builder->create(Array)
#12 E:/EliteMark/base-api/vendor/laravel/framework/src/Illuminate/Database/Eloquent/Builder.php(1864): Illuminate/Database/Eloquent/Builder->Illuminate/Database/Eloquent/{closure}()
#13 E:/EliteMark/base-api/vendor/laravel/framework/src/Illuminate/Database/Eloquent/Builder.php(634): Illuminate/Database/Eloquent/Builder->withSavepointIfNeeded(Object(Closure))
#14 E:/EliteMark/base-api/vendor/laravel/framework/src/Illuminate/Database/Eloquent/Builder.php(621): Illuminate/Database/Eloquent/Builder->createOrFirst(Array, Array)
#15 E:/EliteMark/base-api/vendor/laravel/framework/src/Illuminate/Support/Traits/ForwardsCalls.php(23): Illuminate/Database/Eloquent/Builder->firstOrCreate(Array, Array)
#16 E:/EliteMark/base-api/vendor/laravel/framework/src/Illuminate/Database/Eloquent/Model.php(2372): Illuminate/Database/Eloquent/Model->forwardCallTo(Object(Illuminate/Database/Eloquent/Builder), 'firstOrCreate', Array)
#17 E:/EliteMark/base-api/vendor/laravel/framework/src/Illuminate/Database/Eloquent/Model.php(2384): Illuminate/Database/Eloquent/Model->__call('firstOrCreate', Array)
#18 E:/EliteMark/base-api/database/seeders/AdminUserSeeder.php(15): Illuminate/Database/Eloquent/Model::__callStatic('firstOrCreate', Array)
#19 E:/EliteMark/base-api/vendor/laravel/framework/src/Illuminate/Container/BoundMethod.php(36): Database/Seeders/AdminUserSeeder->run()
#20 E:/EliteMark/base-api/vendor/laravel/framework/src/Illuminate/Container/Util.php(43): Illuminate/Container/BoundMethod::Illuminate/Container/{closure}()
#21 E:/EliteMark/base-api/vendor/laravel/framework/src/Illuminate/Container/BoundMethod.php(95): Illuminate/Container/Util::unwrapIfClosure(Object(Closure))
#22 E:/EliteMark/base-api/vendor/laravel/framework/src/Illuminate/Container/BoundMethod.php(35): Illuminate/Container/BoundMethod::callBoundMethod(Object(Illuminate/Foundation/Application), Array, Object(Closure))
#23 E:/EliteMark/base-api/vendor/laravel/framework/src/Illuminate/Container/Container.php(696): Illuminate/Container/BoundMethod::call(Object(Illuminate/Foundation/Application), Array, Array, NULL)
#24 E:/EliteMark/base-api/vendor/laravel/framework/src/Illuminate/Database/Seeder.php(188): Illuminate/Container/Container->call(Array, Array)
#25 E:/EliteMark/base-api/vendor/laravel/framework/src/Illuminate/Database/Seeder.php(197): Illuminate/Database/Seeder->Illuminate/Database/{closure}()
#26 E:/EliteMark/base-api/vendor/laravel/framework/src/Illuminate/Database/Seeder.php(61): Illuminate/Database/Seeder->__invoke(Array)
#27 E:/EliteMark/base-api/database/seeders/DatabaseSeeder.php(16): Illuminate/Database/Seeder->call('Database//Seeder...')
#28 E:/EliteMark/base-api/vendor/laravel/framework/src/Illuminate/Container/BoundMethod.php(36): Database/Seeders/DatabaseSeeder->run()
#29 E:/EliteMark/base-api/vendor/laravel/framework/src/Illuminate/Container/Util.php(43): Illuminate/Container/BoundMethod::Illuminate/Container/{closure}()
#30 E:/EliteMark/base-api/vendor/laravel/framework/src/Illuminate/Container/BoundMethod.php(95): Illuminate/Container/Util::unwrapIfClosure(Object(Closure))
#31 E:/EliteMark/base-api/vendor/laravel/framework/src/Illuminate/Container/BoundMethod.php(35): Illuminate/Container/BoundMethod::callBoundMethod(Object(Illuminate/Foundation/Application), Array, Object(Closure))
#32 E:/EliteMark/base-api/vendor/laravel/framework/src/Illuminate/Container/Container.php(696): Illuminate/Container/BoundMethod::call(Object(Illuminate/Foundation/Application), Array, Array, NULL)
#33 E:/EliteMark/base-api/vendor/laravel/framework/src/Illuminate/Database/Seeder.php(188): Illuminate/Container/Container->call(Array, Array)
#34 E:/EliteMark/base-api/vendor/laravel/framework/src/Illuminate/Database/Seeder.php(197): Illuminate/Database/Seeder->Illuminate/Database/{closure}()
#35 E:/EliteMark/base-api/vendor/laravel/framework/src/Illuminate/Database/Console/Seeds/SeedCommand.php(70): Illuminate/Database/Seeder->__invoke()
#36 E:/EliteMark/base-api/vendor/laravel/framework/src/Illuminate/Database/Eloquent/Concerns/GuardsAttributes.php(155): Illuminate/Database/Console/Seeds/SeedCommand->Illuminate/Database/Console/Seeds/{closure}()
#37 E:/EliteMark/base-api/vendor/laravel/framework/src/Illuminate/Database/Console/Seeds/SeedCommand.php(69): Illuminate/Database/Eloquent/Model::unguarded(Object(Closure))
#38 E:/EliteMark/base-api/vendor/laravel/framework/src/Illuminate/Container/BoundMethod.php(36): Illuminate/Database/Console/Seeds/SeedCommand->handle()
#39 E:/EliteMark/base-api/vendor/laravel/framework/src/Illuminate/Container/Util.php(43): Illuminate/Container/BoundMethod::Illuminate/Container/{closure}()
#40 E:/EliteMark/base-api/vendor/laravel/framework/src/Illuminate/Container/BoundMethod.php(95): Illuminate/Container/Util::unwrapIfClosure(Object(Closure))
#41 E:/EliteMark/base-api/vendor/laravel/framework/src/Illuminate/Container/BoundMethod.php(35): Illuminate/Container/BoundMethod::callBoundMethod(Object(Illuminate/Foundation/Application), Array, Object(Closure))
#42 E:/EliteMark/base-api/vendor/laravel/framework/src/Illuminate/Container/Container.php(696): Illuminate/Container/BoundMethod::call(Object(Illuminate/Foundation/Application), Array, Array, NULL)
#43 E:/EliteMark/base-api/vendor/laravel/framework/src/Illuminate/Console/Command.php(213): Illuminate/Container/Container->call(Array)
#44 E:/EliteMark/base-api/vendor/symfony/console/Command/Command.php(341): Illuminate/Console/Command->execute(Object(Symfony/Component/Console/Input/ArgvInput), Object(Illuminate/Console/OutputStyle))
#45 E:/EliteMark/base-api/vendor/laravel/framework/src/Illuminate/Console/Command.php(182): Symfony/Component/Console/Command/Command->run(Object(Symfony/Component/Console/Input/ArgvInput), Object(Illuminate/Console/OutputStyle))
#46 E:/EliteMark/base-api/vendor/symfony/console/Application.php(1117): Illuminate/Console/Command->run(Object(Symfony/Component/Console/Input/ArgvInput), Object(Symfony/Component/Console/Output/ConsoleOutput))
#47 E:/EliteMark/base-api/vendor/symfony/console/Application.php(356): Symfony/Component/Console/Application->doRunCommand(Object(Illuminate/Database/Console/Seeds/SeedCommand), Object(Symfony/Component/Console/Input/ArgvInput), Object(Symfony/Component/Console/Output/ConsoleOutput))
#48 E:/EliteMark/base-api/vendor/symfony/console/Application.php(195): Symfony/Component/Console/Application->doRun(Object(Symfony/Component/Console/Input/ArgvInput), Object(Symfony/Component/Console/Output/ConsoleOutput))
#49 E:/EliteMark/base-api/vendor/laravel/framework/src/Illuminate/Foundation/Console/Kernel.php(198): Symfony/Component/Console/Application->run(Object(Symfony/Component/Console/Input/ArgvInput), Object(Symfony/Component/Console/Output/ConsoleOutput))
#50 E:/EliteMark/base-api/vendor/laravel/framework/src/Illuminate/Foundation/Application.php(1235): Illuminate/Foundation/Console/Kernel->handle(Object(Symfony/Component/Console/Input/ArgvInput), Object(Symfony/Component/Console/Output/ConsoleOutput))
#51 E:/EliteMark/base-api/artisan(16): Illuminate/Foundation/Application->handleCommand(Object(Symfony/Component/Console/Input/ArgvInput))
#52 {main}

[previous exception] [object] (PDOException(code: 42S22): SQLSTATE[42S22]: Column not found: 1054 Unknown column 'uuid' in 'field list' at E:/EliteMark/base-api/vendor/laravel/framework/src/Illuminate/Database/MySqlConnection.php:47)
[stacktrace]
#0 E:/EliteMark/base-api/vendor/laravel/framework/src/Illuminate/Database/MySqlConnection.php(47): PDO->prepare('insert into `us...')
#1 E:/EliteMark/base-api/vendor/laravel/framework/src/Illuminate/Database/Connection.php(812): Illuminate/Database/MySqlConnection->Illuminate/Database/{closure}('insert into `us...', Array)
#2 E:/EliteMark/base-api/vendor/laravel/framework/src/Illuminate/Database/Connection.php(779): Illuminate/Database/Connection->runQueryCallback('insert into `us...', Array, Object(Closure))
#3 E:/EliteMark/base-api/vendor/laravel/framework/src/Illuminate/Database/MySqlConnection.php(42): Illuminate/Database/Connection->run('insert into `us...', Array, Object(Closure))
#4 E:/EliteMark/base-api/vendor/laravel/framework/src/Illuminate/Database/Query/Processors/MySqlProcessor.php(35): Illuminate/Database/MySqlConnection->insert('insert into `us...', Array, 'id')
#5 E:/EliteMark/base-api/vendor/laravel/framework/src/Illuminate/Database/Query/Builder.php(3766): Illuminate/Database/Query/Processors/MySqlProcessor->processInsertGetId(Object(Illuminate/Database/Query/Builder), 'insert into `us...', Array, 'id')
#6 E:/EliteMark/base-api/vendor/laravel/framework/src/Illuminate/Database/Eloquent/Builder.php(2120): Illuminate/Database/Query/Builder->insertGetId(Array, 'id')
#7 E:/EliteMark/base-api/vendor/laravel/framework/src/Illuminate/Database/Eloquent/Model.php(1359): Illuminate/Database/Eloquent/Builder->__call('insertGetId', Array)
#8 E:/EliteMark/base-api/vendor/laravel/framework/src/Illuminate/Database/Eloquent/Model.php(1324): Illuminate/Database/Eloquent/Model->insertAndSetId(Object(Illuminate/Database/Eloquent/Builder), Array)
#9 E:/EliteMark/base-api/vendor/laravel/framework/src/Illuminate/Database/Eloquent/Model.php(1163): Illuminate/Database/Eloquent/Model->performInsert(Object(Illuminate/Database/Eloquent/Builder))
#10 E:/EliteMark/base-api/vendor/laravel/framework/src/Illuminate/Database/Eloquent/Builder.php(1128): Illuminate/Database/Eloquent/Model->save()
#11 E:/EliteMark/base-api/vendor/laravel/framework/src/Illuminate/Support/helpers.php(399): Illuminate/Database/Eloquent/Builder->Illuminate/Database/Eloquent/{closure}(Object(App/Models/User))
#12 E:/EliteMark/base-api/vendor/laravel/framework/src/Illuminate/Database/Eloquent/Builder.php(1127): tap(Object(App/Models/User), Object(Closure))
#13 E:/EliteMark/base-api/vendor/laravel/framework/src/Illuminate/Database/Eloquent/Builder.php(634): Illuminate/Database/Eloquent/Builder->create(Array)
#14 E:/EliteMark/base-api/vendor/laravel/framework/src/Illuminate/Database/Eloquent/Builder.php(1864): Illuminate/Database/Eloquent/Builder->Illuminate/Database/Eloquent/{closure}()
#15 E:/EliteMark/base-api/vendor/laravel/framework/src/Illuminate/Database/Eloquent/Builder.php(634): Illuminate/Database/Eloquent/Builder->withSavepointIfNeeded(Object(Closure))
#16 E:/EliteMark/base-api/vendor/laravel/framework/src/Illuminate/Database/Eloquent/Builder.php(621): Illuminate/Database/Eloquent/Builder->createOrFirst(Array, Array)
#17 E:/EliteMark/base-api/vendor/laravel/framework/src/Illuminate/Support/Traits/ForwardsCalls.php(23): Illuminate/Database/Eloquent/Builder->firstOrCreate(Array, Array)
#18 E:/EliteMark/base-api/vendor/laravel/framework/src/Illuminate/Database/Eloquent/Model.php(2372): Illuminate/Database/Eloquent/Model->forwardCallTo(Object(Illuminate/Database/Eloquent/Builder), 'firstOrCreate', Array)
#19 E:/EliteMark/base-api/vendor/laravel/framework/src/Illuminate/Database/Eloquent/Model.php(2384): Illuminate/Database/Eloquent/Model->__call('firstOrCreate', Array)
#20 E:/EliteMark/base-api/database/seeders/AdminUserSeeder.php(15): Illuminate/Database/Eloquent/Model::__callStatic('firstOrCreate', Array)
#21 E:/EliteMark/base-api/vendor/laravel/framework/src/Illuminate/Container/BoundMethod.php(36): Database/Seeders/AdminUserSeeder->run()
#22 E:/EliteMark/base-api/vendor/laravel/framework/src/Illuminate/Container/Util.php(43): Illuminate/Container/BoundMethod::Illuminate/Container/{closure}()
#23 E:/EliteMark/base-api/vendor/laravel/framework/src/Illuminate/Container/BoundMethod.php(95): Illuminate/Container/Util::unwrapIfClosure(Object(Closure))
#24 E:/EliteMark/base-api/vendor/laravel/framework/src/Illuminate/Container/BoundMethod.php(35): Illuminate/Container/BoundMethod::callBoundMethod(Object(Illuminate/Foundation/Application), Array, Object(Closure))
#25 E:/EliteMark/base-api/vendor/laravel/framework/src/Illuminate/Container/Container.php(696): Illuminate/Container/BoundMethod::call(Object(Illuminate/Foundation/Application), Array, Array, NULL)
#26 E:/EliteMark/base-api/vendor/laravel/framework/src/Illuminate/Database/Seeder.php(188): Illuminate/Container/Container->call(Array, Array)
#27 E:/EliteMark/base-api/vendor/laravel/framework/src/Illuminate/Database/Seeder.php(197): Illuminate/Database/Seeder->Illuminate/Database/{closure}()
#28 E:/EliteMark/base-api/vendor/laravel/framework/src/Illuminate/Database/Seeder.php(61): Illuminate/Database/Seeder->__invoke(Array)
#29 E:/EliteMark/base-api/database/seeders/DatabaseSeeder.php(16): Illuminate/Database/Seeder->call('Database//Seeder...')
#30 E:/EliteMark/base-api/vendor/laravel/framework/src/Illuminate/Container/BoundMethod.php(36): Database/Seeders/DatabaseSeeder->run()
#31 E:/EliteMark/base-api/vendor/laravel/framework/src/Illuminate/Container/Util.php(43): Illuminate/Container/BoundMethod::Illuminate/Container/{closure}()
#32 E:/EliteMark/base-api/vendor/laravel/framework/src/Illuminate/Container/BoundMethod.php(95): Illuminate/Container/Util::unwrapIfClosure(Object(Closure))
#33 E:/EliteMark/base-api/vendor/laravel/framework/src/Illuminate/Container/BoundMethod.php(35): Illuminate/Container/BoundMethod::callBoundMethod(Object(Illuminate/Foundation/Application), Array, Object(Closure))
#34 E:/EliteMark/base-api/vendor/laravel/framework/src/Illuminate/Container/Container.php(696): Illuminate/Container/BoundMethod::call(Object(Illuminate/Foundation/Application), Array, Array, NULL)
#35 E:/EliteMark/base-api/vendor/laravel/framework/src/Illuminate/Database/Seeder.php(188): Illuminate/Container/Container->call(Array, Array)
#36 E:/EliteMark/base-api/vendor/laravel/framework/src/Illuminate/Database/Seeder.php(197): Illuminate/Database/Seeder->Illuminate/Database/{closure}()
#37 E:/EliteMark/base-api/vendor/laravel/framework/src/Illuminate/Database/Console/Seeds/SeedCommand.php(70): Illuminate/Database/Seeder->__invoke()
#38 E:/EliteMark/base-api/vendor/laravel/framework/src/Illuminate/Database/Eloquent/Concerns/GuardsAttributes.php(155): Illuminate/Database/Console/Seeds/SeedCommand->Illuminate/Database/Console/Seeds/{closure}()
#39 E:/EliteMark/base-api/vendor/laravel/framework/src/Illuminate/Database/Console/Seeds/SeedCommand.php(69): Illuminate/Database/Eloquent/Model::unguarded(Object(Closure))
#40 E:/EliteMark/base-api/vendor/laravel/framework/src/Illuminate/Container/BoundMethod.php(36): Illuminate/Database/Console/Seeds/SeedCommand->handle()
#41 E:/EliteMark/base-api/vendor/laravel/framework/src/Illuminate/Container/Util.php(43): Illuminate/Container/BoundMethod::Illuminate/Container/{closure}()
#42 E:/EliteMark/base-api/vendor/laravel/framework/src/Illuminate/Container/BoundMethod.php(95): Illuminate/Container/Util::unwrapIfClosure(Object(Closure))
#43 E:/EliteMark/base-api/vendor/laravel/framework/src/Illuminate/Container/BoundMethod.php(35): Illuminate/Container/BoundMethod::callBoundMethod(Object(Illuminate/Foundation/Application), Array, Object(Closure))
#44 E:/EliteMark/base-api/vendor/laravel/framework/src/Illuminate/Container/Container.php(696): Illuminate/Container/BoundMethod::call(Object(Illuminate/Foundation/Application), Array, Array, NULL)
#45 E:/EliteMark/base-api/vendor/laravel/framework/src/Illuminate/Console/Command.php(213): Illuminate/Container/Container->call(Array)
#46 E:/EliteMark/base-api/vendor/symfony/console/Command/Command.php(341): Illuminate/Console/Command->execute(Object(Symfony/Component/Console/Input/ArgvInput), Object(Illuminate/Console/OutputStyle))
#47 E:/EliteMark/base-api/vendor/laravel/framework/src/Illuminate/Console/Command.php(182): Symfony/Component/Console/Command/Command->run(Object(Symfony/Component/Console/Input/ArgvInput), Object(Illuminate/Console/OutputStyle))
#48 E:/EliteMark/base-api/vendor/symfony/console/Application.php(1117): Illuminate/Console/Command->run(Object(Symfony/Component/Console/Input/ArgvInput), Object(Symfony/Component/Console/Output/ConsoleOutput))
#49 E:/EliteMark/base-api/vendor/symfony/console/Application.php(356): Symfony/Component/Console/Application->doRunCommand(Object(Illuminate/Database/Console/Seeds/SeedCommand), Object(Symfony/Component/Console/Input/ArgvInput), Object(Symfony/Component/Console/Output/ConsoleOutput))
#50 E:/EliteMark/base-api/vendor/symfony/console/Application.php(195): Symfony/Component/Console/Application->doRun(Object(Symfony/Component/Console/Input/ArgvInput), Object(Symfony/Component/Console/Output/ConsoleOutput))
#51 E:/EliteMark/base-api/vendor/laravel/framework/src/Illuminate/Foundation/Console/Kernel.php(198): Symfony/Component/Console/Application->run(Object(Symfony/Component/Console/Input/ArgvInput), Object(Symfony/Component/Console/Output/ConsoleOutput))
#52 E:/EliteMark/base-api/vendor/laravel/framework/src/Illuminate/Foundation/Application.php(1235): Illuminate/Foundation/Console/Kernel->handle(Object(Symfony/Component/Console/Input/ArgvInput), Object(Symfony/Component/Console/Output/ConsoleOutput))
#53 E:/EliteMark/base-api/artisan(16): Illuminate/Foundation/Application->handleCommand(Object(Symfony/Component/Console/Input/ArgvInput))
#54 {main}
"} 
[2026-04-20 01:21:20] local.ERROR: SQLSTATE[42S02]: Base table or view not found: 1146 Table 'laravel_api.activity_log' doesn't exist (Connection: mysql, SQL: insert into `activity_log` (`log_name`, `properties`, `batch_uuid`, `event`, `subject_id`, `subject_type`, `description`, `updated_at`, `created_at`) values (default, {"attributes":{"name":"Super Admin","email":"superadmin@example.com","status":"active","phone":null}}, ?, created, 1, App\Models\User, User created, 2026-04-20 01:21:20, 2026-04-20 01:21:20)) {"exception":"[object] (Illuminate\\Database\\QueryException(code: 42S02): SQLSTATE[42S02]: Base table or view not found: 1146 Table 'laravel_api.activity_log' doesn't exist (Connection: mysql, SQL: insert into `activity_log` (`log_name`, `properties`, `batch_uuid`, `event`, `subject_id`, `subject_type`, `description`, `updated_at`, `created_at`) values (default, {\"attributes\":{\"name\":\"Super Admin\",\"email\":\"superadmin@example.com\",\"status\":\"active\",\"phone\":null}}, ?, created, 1, App\\Models\\User, User created, 2026-04-20 01:21:20, 2026-04-20 01:21:20)) at E:/EliteMark/base-api/vendor/laravel/framework/src/Illuminate/Database/Connection.php:825)
[stacktrace]
#0 E:/EliteMark/base-api/vendor/laravel/framework/src/Illuminate/Database/Connection.php(779): Illuminate/Database/Connection->runQueryCallback('insert into `ac...', Array, Object(Closure))
#1 E:/EliteMark/base-api/vendor/laravel/framework/src/Illuminate/Database/MySqlConnection.php(42): Illuminate/Database/Connection->run('insert into `ac...', Array, Object(Closure))
#2 E:/EliteMark/base-api/vendor/laravel/framework/src/Illuminate/Database/Query/Processors/MySqlProcessor.php(35): Illuminate/Database/MySqlConnection->insert('insert into `ac...', Array, 'id')
#3 E:/EliteMark/base-api/vendor/laravel/framework/src/Illuminate/Database/Query/Builder.php(3766): Illuminate/Database/Query/Processors/MySqlProcessor->processInsertGetId(Object(Illuminate/Database/Query/Builder), 'insert into `ac...', Array, 'id')
#4 E:/EliteMark/base-api/vendor/laravel/framework/src/Illuminate/Database/Eloquent/Builder.php(2120): Illuminate/Database/Query/Builder->insertGetId(Array, 'id')
#5 E:/EliteMark/base-api/vendor/laravel/framework/src/Illuminate/Database/Eloquent/Model.php(1359): Illuminate/Database/Eloquent/Builder->__call('insertGetId', Array)
#6 E:/EliteMark/base-api/vendor/laravel/framework/src/Illuminate/Database/Eloquent/Model.php(1324): Illuminate/Database/Eloquent/Model->insertAndSetId(Object(Illuminate/Database/Eloquent/Builder), Array)
#7 E:/EliteMark/base-api/vendor/laravel/framework/src/Illuminate/Database/Eloquent/Model.php(1163): Illuminate/Database/Eloquent/Model->performInsert(Object(Illuminate/Database/Eloquent/Builder))
#8 E:/EliteMark/base-api/vendor/spatie/laravel-activitylog/src/ActivityLogger.php(176): Illuminate/Database/Eloquent/Model->save()
#9 E:/EliteMark/base-api/vendor/spatie/laravel-activitylog/src/Traits/LogsActivity.php(84): Spatie/Activitylog/ActivityLogger->log('User created')
#10 E:/EliteMark/base-api/vendor/laravel/framework/src/Illuminate/Events/Dispatcher.php(459): App/Models/User::Spatie/Activitylog/Traits/{closure}(Object(App/Models/User))
#11 E:/EliteMark/base-api/vendor/laravel/framework/src/Illuminate/Events/Dispatcher.php(287): Illuminate/Events/Dispatcher->Illuminate/Events/{closure}('eloquent.create...', Array)
#12 E:/EliteMark/base-api/vendor/laravel/framework/src/Illuminate/Events/Dispatcher.php(267): Illuminate/Events/Dispatcher->invokeListeners('eloquent.create...', Array, false)
#13 E:/EliteMark/base-api/vendor/laravel/framework/src/Illuminate/Database/Eloquent/Concerns/HasEvents.php(224): Illuminate/Events/Dispatcher->dispatch('eloquent.create...', Array)
#14 E:/EliteMark/base-api/vendor/laravel/framework/src/Illuminate/Database/Eloquent/Model.php(1345): Illuminate/Database/Eloquent/Model->fireModelEvent('created', false)
#15 E:/EliteMark/base-api/vendor/laravel/framework/src/Illuminate/Database/Eloquent/Model.php(1163): Illuminate/Database/Eloquent/Model->performInsert(Object(Illuminate/Database/Eloquent/Builder))
#16 E:/EliteMark/base-api/vendor/laravel/framework/src/Illuminate/Database/Eloquent/Builder.php(1128): Illuminate/Database/Eloquent/Model->save()
#17 E:/EliteMark/base-api/vendor/laravel/framework/src/Illuminate/Support/helpers.php(399): Illuminate/Database/Eloquent/Builder->Illuminate/Database/Eloquent/{closure}(Object(App/Models/User))
#18 E:/EliteMark/base-api/vendor/laravel/framework/src/Illuminate/Database/Eloquent/Builder.php(1127): tap(Object(App/Models/User), Object(Closure))
#19 E:/EliteMark/base-api/vendor/laravel/framework/src/Illuminate/Database/Eloquent/Builder.php(634): Illuminate/Database/Eloquent/Builder->create(Array)
#20 E:/EliteMark/base-api/vendor/laravel/framework/src/Illuminate/Database/Eloquent/Builder.php(1864): Illuminate/Database/Eloquent/Builder->Illuminate/Database/Eloquent/{closure}()
#21 E:/EliteMark/base-api/vendor/laravel/framework/src/Illuminate/Database/Eloquent/Builder.php(634): Illuminate/Database/Eloquent/Builder->withSavepointIfNeeded(Object(Closure))
#22 E:/EliteMark/base-api/vendor/laravel/framework/src/Illuminate/Database/Eloquent/Builder.php(621): Illuminate/Database/Eloquent/Builder->createOrFirst(Array, Array)
#23 E:/EliteMark/base-api/vendor/laravel/framework/src/Illuminate/Support/Traits/ForwardsCalls.php(23): Illuminate/Database/Eloquent/Builder->firstOrCreate(Array, Array)
#24 E:/EliteMark/base-api/vendor/laravel/framework/src/Illuminate/Database/Eloquent/Model.php(2372): Illuminate/Database/Eloquent/Model->forwardCallTo(Object(Illuminate/Database/Eloquent/Builder), 'firstOrCreate', Array)
#25 E:/EliteMark/base-api/vendor/laravel/framework/src/Illuminate/Database/Eloquent/Model.php(2384): Illuminate/Database/Eloquent/Model->__call('firstOrCreate', Array)
#26 E:/EliteMark/base-api/database/seeders/AdminUserSeeder.php(15): Illuminate/Database/Eloquent/Model::__callStatic('firstOrCreate', Array)
#27 E:/EliteMark/base-api/vendor/laravel/framework/src/Illuminate/Container/BoundMethod.php(36): Database/Seeders/AdminUserSeeder->run()
#28 E:/EliteMark/base-api/vendor/laravel/framework/src/Illuminate/Container/Util.php(43): Illuminate/Container/BoundMethod::Illuminate/Container/{closure}()
#29 E:/EliteMark/base-api/vendor/laravel/framework/src/Illuminate/Container/BoundMethod.php(95): Illuminate/Container/Util::unwrapIfClosure(Object(Closure))
#30 E:/EliteMark/base-api/vendor/laravel/framework/src/Illuminate/Container/BoundMethod.php(35): Illuminate/Container/BoundMethod::callBoundMethod(Object(Illuminate/Foundation/Application), Array, Object(Closure))
#31 E:/EliteMark/base-api/vendor/laravel/framework/src/Illuminate/Container/Container.php(696): Illuminate/Container/BoundMethod::call(Object(Illuminate/Foundation/Application), Array, Array, NULL)
#32 E:/EliteMark/base-api/vendor/laravel/framework/src/Illuminate/Database/Seeder.php(188): Illuminate/Container/Container->call(Array, Array)
#33 E:/EliteMark/base-api/vendor/laravel/framework/src/Illuminate/Database/Seeder.php(197): Illuminate/Database/Seeder->Illuminate/Database/{closure}()
#34 E:/EliteMark/base-api/vendor/laravel/framework/src/Illuminate/Database/Seeder.php(61): Illuminate/Database/Seeder->__invoke(Array)
#35 E:/EliteMark/base-api/database/seeders/DatabaseSeeder.php(16): Illuminate/Database/Seeder->call('Database//Seeder...')
#36 E:/EliteMark/base-api/vendor/laravel/framework/src/Illuminate/Container/BoundMethod.php(36): Database/Seeders/DatabaseSeeder->run()
#37 E:/EliteMark/base-api/vendor/laravel/framework/src/Illuminate/Container/Util.php(43): Illuminate/Container/BoundMethod::Illuminate/Container/{closure}()
#38 E:/EliteMark/base-api/vendor/laravel/framework/src/Illuminate/Container/BoundMethod.php(95): Illuminate/Container/Util::unwrapIfClosure(Object(Closure))
#39 E:/EliteMark/base-api/vendor/laravel/framework/src/Illuminate/Container/BoundMethod.php(35): Illuminate/Container/BoundMethod::callBoundMethod(Object(Illuminate/Foundation/Application), Array, Object(Closure))
#40 E:/EliteMark/base-api/vendor/laravel/framework/src/Illuminate/Container/Container.php(696): Illuminate/Container/BoundMethod::call(Object(Illuminate/Foundation/Application), Array, Array, NULL)
#41 E:/EliteMark/base-api/vendor/laravel/framework/src/Illuminate/Database/Seeder.php(188): Illuminate/Container/Container->call(Array, Array)
#42 E:/EliteMark/base-api/vendor/laravel/framework/src/Illuminate/Database/Seeder.php(197): Illuminate/Database/Seeder->Illuminate/Database/{closure}()
#43 E:/EliteMark/base-api/vendor/laravel/framework/src/Illuminate/Database/Console/Seeds/SeedCommand.php(70): Illuminate/Database/Seeder->__invoke()
#44 E:/EliteMark/base-api/vendor/laravel/framework/src/Illuminate/Database/Eloquent/Concerns/GuardsAttributes.php(155): Illuminate/Database/Console/Seeds/SeedCommand->Illuminate/Database/Console/Seeds/{closure}()
#45 E:/EliteMark/base-api/vendor/laravel/framework/src/Illuminate/Database/Console/Seeds/SeedCommand.php(69): Illuminate/Database/Eloquent/Model::unguarded(Object(Closure))
#46 E:/EliteMark/base-api/vendor/laravel/framework/src/Illuminate/Container/BoundMethod.php(36): Illuminate/Database/Console/Seeds/SeedCommand->handle()
#47 E:/EliteMark/base-api/vendor/laravel/framework/src/Illuminate/Container/Util.php(43): Illuminate/Container/BoundMethod::Illuminate/Container/{closure}()
#48 E:/EliteMark/base-api/vendor/laravel/framework/src/Illuminate/Container/BoundMethod.php(95): Illuminate/Container/Util::unwrapIfClosure(Object(Closure))
#49 E:/EliteMark/base-api/vendor/laravel/framework/src/Illuminate/Container/BoundMethod.php(35): Illuminate/Container/BoundMethod::callBoundMethod(Object(Illuminate/Foundation/Application), Array, Object(Closure))
#50 E:/EliteMark/base-api/vendor/laravel/framework/src/Illuminate/Container/Container.php(696): Illuminate/Container/BoundMethod::call(Object(Illuminate/Foundation/Application), Array, Array, NULL)
#51 E:/EliteMark/base-api/vendor/laravel/framework/src/Illuminate/Console/Command.php(213): Illuminate/Container/Container->call(Array)
#52 E:/EliteMark/base-api/vendor/symfony/console/Command/Command.php(341): Illuminate/Console/Command->execute(Object(Symfony/Component/Console/Input/ArgvInput), Object(Illuminate/Console/OutputStyle))
#53 E:/EliteMark/base-api/vendor/laravel/framework/src/Illuminate/Console/Command.php(182): Symfony/Component/Console/Command/Command->run(Object(Symfony/Component/Console/Input/ArgvInput), Object(Illuminate/Console/OutputStyle))
#54 E:/EliteMark/base-api/vendor/symfony/console/Application.php(1117): Illuminate/Console/Command->run(Object(Symfony/Component/Console/Input/ArgvInput), Object(Symfony/Component/Console/Output/ConsoleOutput))
#55 E:/EliteMark/base-api/vendor/symfony/console/Application.php(356): Symfony/Component/Console/Application->doRunCommand(Object(Illuminate/Database/Console/Seeds/SeedCommand), Object(Symfony/Component/Console/Input/ArgvInput), Object(Symfony/Component/Console/Output/ConsoleOutput))
#56 E:/EliteMark/base-api/vendor/symfony/console/Application.php(195): Symfony/Component/Console/Application->doRun(Object(Symfony/Component/Console/Input/ArgvInput), Object(Symfony/Component/Console/Output/ConsoleOutput))
#57 E:/EliteMark/base-api/vendor/laravel/framework/src/Illuminate/Foundation/Console/Kernel.php(198): Symfony/Component/Console/Application->run(Object(Symfony/Component/Console/Input/ArgvInput), Object(Symfony/Component/Console/Output/ConsoleOutput))
#58 E:/EliteMark/base-api/vendor/laravel/framework/src/Illuminate/Foundation/Application.php(1235): Illuminate/Foundation/Console/Kernel->handle(Object(Symfony/Component/Console/Input/ArgvInput), Object(Symfony/Component/Console/Output/ConsoleOutput))
#59 E:/EliteMark/base-api/artisan(16): Illuminate/Foundation/Application->handleCommand(Object(Symfony/Component/Console/Input/ArgvInput))
#60 {main}

[previous exception] [object] (PDOException(code: 42S02): SQLSTATE[42S02]: Base table or view not found: 1146 Table 'laravel_api.activity_log' doesn't exist at E:/EliteMark/base-api/vendor/laravel/framework/src/Illuminate/Database/MySqlConnection.php:47)
[stacktrace]
#0 E:/EliteMark/base-api/vendor/laravel/framework/src/Illuminate/Database/MySqlConnection.php(47): PDO->prepare('insert into `ac...')
#1 E:/EliteMark/base-api/vendor/laravel/framework/src/Illuminate/Database/Connection.php(812): Illuminate/Database/MySqlConnection->Illuminate/Database/{closure}('insert into `ac...', Array)
#2 E:/EliteMark/base-api/vendor/laravel/framework/src/Illuminate/Database/Connection.php(779): Illuminate/Database/Connection->runQueryCallback('insert into `ac...', Array, Object(Closure))
#3 E:/EliteMark/base-api/vendor/laravel/framework/src/Illuminate/Database/MySqlConnection.php(42): Illuminate/Database/Connection->run('insert into `ac...', Array, Object(Closure))
#4 E:/EliteMark/base-api/vendor/laravel/framework/src/Illuminate/Database/Query/Processors/MySqlProcessor.php(35): Illuminate/Database/MySqlConnection->insert('insert into `ac...', Array, 'id')
#5 E:/EliteMark/base-api/vendor/laravel/framework/src/Illuminate/Database/Query/Builder.php(3766): Illuminate/Database/Query/Processors/MySqlProcessor->processInsertGetId(Object(Illuminate/Database/Query/Builder), 'insert into `ac...', Array, 'id')
#6 E:/EliteMark/base-api/vendor/laravel/framework/src/Illuminate/Database/Eloquent/Builder.php(2120): Illuminate/Database/Query/Builder->insertGetId(Array, 'id')
#7 E:/EliteMark/base-api/vendor/laravel/framework/src/Illuminate/Database/Eloquent/Model.php(1359): Illuminate/Database/Eloquent/Builder->__call('insertGetId', Array)
#8 E:/EliteMark/base-api/vendor/laravel/framework/src/Illuminate/Database/Eloquent/Model.php(1324): Illuminate/Database/Eloquent/Model->insertAndSetId(Object(Illuminate/Database/Eloquent/Builder), Array)
#9 E:/EliteMark/base-api/vendor/laravel/framework/src/Illuminate/Database/Eloquent/Model.php(1163): Illuminate/Database/Eloquent/Model->performInsert(Object(Illuminate/Database/Eloquent/Builder))
#10 E:/EliteMark/base-api/vendor/spatie/laravel-activitylog/src/ActivityLogger.php(176): Illuminate/Database/Eloquent/Model->save()
#11 E:/EliteMark/base-api/vendor/spatie/laravel-activitylog/src/Traits/LogsActivity.php(84): Spatie/Activitylog/ActivityLogger->log('User created')
#12 E:/EliteMark/base-api/vendor/laravel/framework/src/Illuminate/Events/Dispatcher.php(459): App/Models/User::Spatie/Activitylog/Traits/{closure}(Object(App/Models/User))
#13 E:/EliteMark/base-api/vendor/laravel/framework/src/Illuminate/Events/Dispatcher.php(287): Illuminate/Events/Dispatcher->Illuminate/Events/{closure}('eloquent.create...', Array)
#14 E:/EliteMark/base-api/vendor/laravel/framework/src/Illuminate/Events/Dispatcher.php(267): Illuminate/Events/Dispatcher->invokeListeners('eloquent.create...', Array, false)
#15 E:/EliteMark/base-api/vendor/laravel/framework/src/Illuminate/Database/Eloquent/Concerns/HasEvents.php(224): Illuminate/Events/Dispatcher->dispatch('eloquent.create...', Array)
#16 E:/EliteMark/base-api/vendor/laravel/framework/src/Illuminate/Database/Eloquent/Model.php(1345): Illuminate/Database/Eloquent/Model->fireModelEvent('created', false)
#17 E:/EliteMark/base-api/vendor/laravel/framework/src/Illuminate/Database/Eloquent/Model.php(1163): Illuminate/Database/Eloquent/Model->performInsert(Object(Illuminate/Database/Eloquent/Builder))
#18 E:/EliteMark/base-api/vendor/laravel/framework/src/Illuminate/Database/Eloquent/Builder.php(1128): Illuminate/Database/Eloquent/Model->save()
#19 E:/EliteMark/base-api/vendor/laravel/framework/src/Illuminate/Support/helpers.php(399): Illuminate/Database/Eloquent/Builder->Illuminate/Database/Eloquent/{closure}(Object(App/Models/User))
#20 E:/EliteMark/base-api/vendor/laravel/framework/src/Illuminate/Database/Eloquent/Builder.php(1127): tap(Object(App/Models/User), Object(Closure))
#21 E:/EliteMark/base-api/vendor/laravel/framework/src/Illuminate/Database/Eloquent/Builder.php(634): Illuminate/Database/Eloquent/Builder->create(Array)
#22 E:/EliteMark/base-api/vendor/laravel/framework/src/Illuminate/Database/Eloquent/Builder.php(1864): Illuminate/Database/Eloquent/Builder->Illuminate/Database/Eloquent/{closure}()
#23 E:/EliteMark/base-api/vendor/laravel/framework/src/Illuminate/Database/Eloquent/Builder.php(634): Illuminate/Database/Eloquent/Builder->withSavepointIfNeeded(Object(Closure))
#24 E:/EliteMark/base-api/vendor/laravel/framework/src/Illuminate/Database/Eloquent/Builder.php(621): Illuminate/Database/Eloquent/Builder->createOrFirst(Array, Array)
#25 E:/EliteMark/base-api/vendor/laravel/framework/src/Illuminate/Support/Traits/ForwardsCalls.php(23): Illuminate/Database/Eloquent/Builder->firstOrCreate(Array, Array)
#26 E:/EliteMark/base-api/vendor/laravel/framework/src/Illuminate/Database/Eloquent/Model.php(2372): Illuminate/Database/Eloquent/Model->forwardCallTo(Object(Illuminate/Database/Eloquent/Builder), 'firstOrCreate', Array)
#27 E:/EliteMark/base-api/vendor/laravel/framework/src/Illuminate/Database/Eloquent/Model.php(2384): Illuminate/Database/Eloquent/Model->__call('firstOrCreate', Array)
#28 E:/EliteMark/base-api/database/seeders/AdminUserSeeder.php(15): Illuminate/Database/Eloquent/Model::__callStatic('firstOrCreate', Array)
#29 E:/EliteMark/base-api/vendor/laravel/framework/src/Illuminate/Container/BoundMethod.php(36): Database/Seeders/AdminUserSeeder->run()
#30 E:/EliteMark/base-api/vendor/laravel/framework/src/Illuminate/Container/Util.php(43): Illuminate/Container/BoundMethod::Illuminate/Container/{closure}()
#31 E:/EliteMark/base-api/vendor/laravel/framework/src/Illuminate/Container/BoundMethod.php(95): Illuminate/Container/Util::unwrapIfClosure(Object(Closure))
#32 E:/EliteMark/base-api/vendor/laravel/framework/src/Illuminate/Container/BoundMethod.php(35): Illuminate/Container/BoundMethod::callBoundMethod(Object(Illuminate/Foundation/Application), Array, Object(Closure))
#33 E:/EliteMark/base-api/vendor/laravel/framework/src/Illuminate/Container/Container.php(696): Illuminate/Container/BoundMethod::call(Object(Illuminate/Foundation/Application), Array, Array, NULL)
#34 E:/EliteMark/base-api/vendor/laravel/framework/src/Illuminate/Database/Seeder.php(188): Illuminate/Container/Container->call(Array, Array)
#35 E:/EliteMark/base-api/vendor/laravel/framework/src/Illuminate/Database/Seeder.php(197): Illuminate/Database/Seeder->Illuminate/Database/{closure}()
#36 E:/EliteMark/base-api/vendor/laravel/framework/src/Illuminate/Database/Seeder.php(61): Illuminate/Database/Seeder->__invoke(Array)
#37 E:/EliteMark/base-api/database/seeders/DatabaseSeeder.php(16): Illuminate/Database/Seeder->call('Database//Seeder...')
#38 E:/EliteMark/base-api/vendor/laravel/framework/src/Illuminate/Container/BoundMethod.php(36): Database/Seeders/DatabaseSeeder->run()
#39 E:/EliteMark/base-api/vendor/laravel/framework/src/Illuminate/Container/Util.php(43): Illuminate/Container/BoundMethod::Illuminate/Container/{closure}()
#40 E:/EliteMark/base-api/vendor/laravel/framework/src/Illuminate/Container/BoundMethod.php(95): Illuminate/Container/Util::unwrapIfClosure(Object(Closure))
#41 E:/EliteMark/base-api/vendor/laravel/framework/src/Illuminate/Container/BoundMethod.php(35): Illuminate/Container/BoundMethod::callBoundMethod(Object(Illuminate/Foundation/Application), Array, Object(Closure))
#42 E:/EliteMark/base-api/vendor/laravel/framework/src/Illuminate/Container/Container.php(696): Illuminate/Container/BoundMethod::call(Object(Illuminate/Foundation/Application), Array, Array, NULL)
#43 E:/EliteMark/base-api/vendor/laravel/framework/src/Illuminate/Database/Seeder.php(188): Illuminate/Container/Container->call(Array, Array)
#44 E:/EliteMark/base-api/vendor/laravel/framework/src/Illuminate/Database/Seeder.php(197): Illuminate/Database/Seeder->Illuminate/Database/{closure}()
#45 E:/EliteMark/base-api/vendor/laravel/framework/src/Illuminate/Database/Console/Seeds/SeedCommand.php(70): Illuminate/Database/Seeder->__invoke()
#46 E:/EliteMark/base-api/vendor/laravel/framework/src/Illuminate/Database/Eloquent/Concerns/GuardsAttributes.php(155): Illuminate/Database/Console/Seeds/SeedCommand->Illuminate/Database/Console/Seeds/{closure}()
#47 E:/EliteMark/base-api/vendor/laravel/framework/src/Illuminate/Database/Console/Seeds/SeedCommand.php(69): Illuminate/Database/Eloquent/Model::unguarded(Object(Closure))
#48 E:/EliteMark/base-api/vendor/laravel/framework/src/Illuminate/Container/BoundMethod.php(36): Illuminate/Database/Console/Seeds/SeedCommand->handle()
#49 E:/EliteMark/base-api/vendor/laravel/framework/src/Illuminate/Container/Util.php(43): Illuminate/Container/BoundMethod::Illuminate/Container/{closure}()
#50 E:/EliteMark/base-api/vendor/laravel/framework/src/Illuminate/Container/BoundMethod.php(95): Illuminate/Container/Util::unwrapIfClosure(Object(Closure))
#51 E:/EliteMark/base-api/vendor/laravel/framework/src/Illuminate/Container/BoundMethod.php(35): Illuminate/Container/BoundMethod::callBoundMethod(Object(Illuminate/Foundation/Application), Array, Object(Closure))
#52 E:/EliteMark/base-api/vendor/laravel/framework/src/Illuminate/Container/Container.php(696): Illuminate/Container/BoundMethod::call(Object(Illuminate/Foundation/Application), Array, Array, NULL)
#53 E:/EliteMark/base-api/vendor/laravel/framework/src/Illuminate/Console/Command.php(213): Illuminate/Container/Container->call(Array)
#54 E:/EliteMark/base-api/vendor/symfony/console/Command/Command.php(341): Illuminate/Console/Command->execute(Object(Symfony/Component/Console/Input/ArgvInput), Object(Illuminate/Console/OutputStyle))
#55 E:/EliteMark/base-api/vendor/laravel/framework/src/Illuminate/Console/Command.php(182): Symfony/Component/Console/Command/Command->run(Object(Symfony/Component/Console/Input/ArgvInput), Object(Illuminate/Console/OutputStyle))
#56 E:/EliteMark/base-api/vendor/symfony/console/Application.php(1117): Illuminate/Console/Command->run(Object(Symfony/Component/Console/Input/ArgvInput), Object(Symfony/Component/Console/Output/ConsoleOutput))
#57 E:/EliteMark/base-api/vendor/symfony/console/Application.php(356): Symfony/Component/Console/Application->doRunCommand(Object(Illuminate/Database/Console/Seeds/SeedCommand), Object(Symfony/Component/Console/Input/ArgvInput), Object(Symfony/Component/Console/Output/ConsoleOutput))
#58 E:/EliteMark/base-api/vendor/symfony/console/Application.php(195): Symfony/Component/Console/Application->doRun(Object(Symfony/Component/Console/Input/ArgvInput), Object(Symfony/Component/Console/Output/ConsoleOutput))
#59 E:/EliteMark/base-api/vendor/laravel/framework/src/Illuminate/Foundation/Console/Kernel.php(198): Symfony/Component/Console/Application->run(Object(Symfony/Component/Console/Input/ArgvInput), Object(Symfony/Component/Console/Output/ConsoleOutput))
#60 E:/EliteMark/base-api/vendor/laravel/framework/src/Illuminate/Foundation/Application.php(1235): Illuminate/Foundation/Console/Kernel->handle(Object(Symfony/Component/Console/Input/ArgvInput), Object(Symfony/Component/Console/Output/ConsoleOutput))
#61 E:/EliteMark/base-api/artisan(16): Illuminate/Foundation/Application->handleCommand(Object(Symfony/Component/Console/Input/ArgvInput))
#62 {main}
"} 
[2026-04-20 01:27:04] local.ERROR: The provided cwd "E:\EliteMark\base-api\public" does not exist. {"exception":"[object] (Symfony\\Component\\Process\\Exception\\RuntimeException(code: 0): The provided cwd \"E:\\EliteMark\\base-api\\public\" does not exist. at E:/EliteMark/base-api/vendor/symfony/process/Process.php:367)
[stacktrace]
#0 E:/EliteMark/base-api/vendor/laravel/framework/src/Illuminate/Foundation/Console/ServeCommand.php(190): Symfony/Component/Process/Process->start(Object(Closure))
#1 E:/EliteMark/base-api/vendor/laravel/framework/src/Illuminate/Foundation/Console/ServeCommand.php(129): Illuminate/Foundation/Console/ServeCommand->startProcess(true)
#2 E:/EliteMark/base-api/vendor/laravel/framework/src/Illuminate/Container/BoundMethod.php(36): Illuminate/Foundation/Console/ServeCommand->handle()
#3 E:/EliteMark/base-api/vendor/laravel/framework/src/Illuminate/Container/Util.php(43): Illuminate/Container/BoundMethod::Illuminate/Container/{closure}()
#4 E:/EliteMark/base-api/vendor/laravel/framework/src/Illuminate/Container/BoundMethod.php(95): Illuminate/Container/Util::unwrapIfClosure(Object(Closure))
#5 E:/EliteMark/base-api/vendor/laravel/framework/src/Illuminate/Container/BoundMethod.php(35): Illuminate/Container/BoundMethod::callBoundMethod(Object(Illuminate/Foundation/Application), Array, Object(Closure))
#6 E:/EliteMark/base-api/vendor/laravel/framework/src/Illuminate/Container/Container.php(696): Illuminate/Container/BoundMethod::call(Object(Illuminate/Foundation/Application), Array, Array, NULL)
#7 E:/EliteMark/base-api/vendor/laravel/framework/src/Illuminate/Console/Command.php(213): Illuminate/Container/Container->call(Array)
#8 E:/EliteMark/base-api/vendor/symfony/console/Command/Command.php(341): Illuminate/Console/Command->execute(Object(Symfony/Component/Console/Input/ArgvInput), Object(Illuminate/Console/OutputStyle))
#9 E:/EliteMark/base-api/vendor/laravel/framework/src/Illuminate/Console/Command.php(182): Symfony/Component/Console/Command/Command->run(Object(Symfony/Component/Console/Input/ArgvInput), Object(Illuminate/Console/OutputStyle))
#10 E:/EliteMark/base-api/vendor/symfony/console/Application.php(1117): Illuminate/Console/Command->run(Object(Symfony/Component/Console/Input/ArgvInput), Object(Symfony/Component/Console/Output/ConsoleOutput))
#11 E:/EliteMark/base-api/vendor/symfony/console/Application.php(356): Symfony/Component/Console/Application->doRunCommand(Object(Illuminate/Foundation/Console/ServeCommand), Object(Symfony/Component/Console/Input/ArgvInput), Object(Symfony/Component/Console/Output/ConsoleOutput))
#12 E:/EliteMark/base-api/vendor/symfony/console/Application.php(195): Symfony/Component/Console/Application->doRun(Object(Symfony/Component/Console/Input/ArgvInput), Object(Symfony/Component/Console/Output/ConsoleOutput))
#13 E:/EliteMark/base-api/vendor/laravel/framework/src/Illuminate/Foundation/Console/Kernel.php(198): Symfony/Component/Console/Application->run(Object(Symfony/Component/Console/Input/ArgvInput), Object(Symfony/Component/Console/Output/ConsoleOutput))
#14 E:/EliteMark/base-api/vendor/laravel/framework/src/Illuminate/Foundation/Application.php(1235): Illuminate/Foundation/Console/Kernel->handle(Object(Symfony/Component/Console/Input/ArgvInput), Object(Symfony/Component/Console/Output/ConsoleOutput))
#15 E:/EliteMark/base-api/artisan(16): Illuminate/Foundation/Application->handleCommand(Object(Symfony/Component/Console/Input/ArgvInput))
#16 {main}
"} 
[2026-04-20 01:39:52] local.ERROR: Class "App\Http\Controllers\Controller" not found {"exception":"[object] (Error(code: 0): Class \"App\\Http\\Controllers\\Controller\" not found at E:/EliteMark/base-api/app/Http/Controllers/Api/V1/BaseController.php:11)
[stacktrace]
#0 E:/EliteMark/base-api/vendor/composer/ClassLoader.php(578): include()
#1 E:/EliteMark/base-api/vendor/composer/ClassLoader.php(432): Composer/Autoload/ClassLoader::Composer/Autoload/{closure}('E://EliteMark//ba...')
#2 E:/EliteMark/base-api/app/Http/Controllers/Api/V1/Auth/AuthController.php(16): Composer/Autoload/ClassLoader->loadClass('App//Http//Contro...')
#3 E:/EliteMark/base-api/vendor/composer/ClassLoader.php(578): include('E://EliteMark//ba...')
#4 E:/EliteMark/base-api/vendor/composer/ClassLoader.php(432): Composer/Autoload/ClassLoader::Composer/Autoload/{closure}('E://EliteMark//ba...')
#5 [internal function]: Composer/Autoload/ClassLoader->loadClass('App//Http//Contro...')
#6 E:/EliteMark/base-api/vendor/laravel/framework/src/Illuminate/Routing/Route.php(1117): is_a('App//Http//Contro...', 'Illuminate//Rout...', true)
#7 E:/EliteMark/base-api/vendor/laravel/framework/src/Illuminate/Routing/Route.php(1054): Illuminate/Routing/Route->controllerMiddleware()
#8 E:/EliteMark/base-api/vendor/laravel/framework/src/Illuminate/Routing/Router.php(820): Illuminate/Routing/Route->gatherMiddleware()
#9 E:/EliteMark/base-api/vendor/laravel/framework/src/Illuminate/Foundation/Console/RouteListCommand.php(211): Illuminate/Routing/Router->gatherRouteMiddleware(Object(Illuminate/Routing/Route))
#10 E:/EliteMark/base-api/vendor/laravel/framework/src/Illuminate/Foundation/Console/RouteListCommand.php(148): Illuminate/Foundation/Console/RouteListCommand->getMiddleware(Object(Illuminate/Routing/Route))
#11 E:/EliteMark/base-api/vendor/laravel/framework/src/Illuminate/Foundation/Console/RouteListCommand.php(118): Illuminate/Foundation/Console/RouteListCommand->getRouteInformation(Object(Illuminate/Routing/Route))
#12 [internal function]: Illuminate/Foundation/Console/RouteListCommand->Illuminate/Foundation/Console/{closure}(Object(Illuminate/Routing/Route), 1)
#13 E:/EliteMark/base-api/vendor/laravel/framework/src/Illuminate/Collections/Arr.php(609): array_map(Object(Closure), Array, Array)
#14 E:/EliteMark/base-api/vendor/laravel/framework/src/Illuminate/Collections/Collection.php(799): Illuminate/Support/Arr::map(Array, Object(Closure))
#15 E:/EliteMark/base-api/vendor/laravel/framework/src/Illuminate/Foundation/Console/RouteListCommand.php(117): Illuminate/Support/Collection->map(Object(Closure))
#16 E:/EliteMark/base-api/vendor/laravel/framework/src/Illuminate/Foundation/Console/RouteListCommand.php(103): Illuminate/Foundation/Console/RouteListCommand->getRoutes()
#17 E:/EliteMark/base-api/vendor/laravel/framework/src/Illuminate/Container/BoundMethod.php(36): Illuminate/Foundation/Console/RouteListCommand->handle()
#18 E:/EliteMark/base-api/vendor/laravel/framework/src/Illuminate/Container/Util.php(43): Illuminate/Container/BoundMethod::Illuminate/Container/{closure}()
#19 E:/EliteMark/base-api/vendor/laravel/framework/src/Illuminate/Container/BoundMethod.php(95): Illuminate/Container/Util::unwrapIfClosure(Object(Closure))
#20 E:/EliteMark/base-api/vendor/laravel/framework/src/Illuminate/Container/BoundMethod.php(35): Illuminate/Container/BoundMethod::callBoundMethod(Object(Illuminate/Foundation/Application), Array, Object(Closure))
#21 E:/EliteMark/base-api/vendor/laravel/framework/src/Illuminate/Container/Container.php(696): Illuminate/Container/BoundMethod::call(Object(Illuminate/Foundation/Application), Array, Array, NULL)
#22 E:/EliteMark/base-api/vendor/laravel/framework/src/Illuminate/Console/Command.php(213): Illuminate/Container/Container->call(Array)
#23 E:/EliteMark/base-api/vendor/symfony/console/Command/Command.php(341): Illuminate/Console/Command->execute(Object(Symfony/Component/Console/Input/ArgvInput), Object(Illuminate/Console/OutputStyle))
#24 E:/EliteMark/base-api/vendor/laravel/framework/src/Illuminate/Console/Command.php(182): Symfony/Component/Console/Command/Command->run(Object(Symfony/Component/Console/Input/ArgvInput), Object(Illuminate/Console/OutputStyle))
#25 E:/EliteMark/base-api/vendor/symfony/console/Application.php(1117): Illuminate/Console/Command->run(Object(Symfony/Component/Console/Input/ArgvInput), Object(Symfony/Component/Console/Output/ConsoleOutput))
#26 E:/EliteMark/base-api/vendor/symfony/console/Application.php(356): Symfony/Component/Console/Application->doRunCommand(Object(Illuminate/Foundation/Console/RouteListCommand), Object(Symfony/Component/Console/Input/ArgvInput), Object(Symfony/Component/Console/Output/ConsoleOutput))
#27 E:/EliteMark/base-api/vendor/symfony/console/Application.php(195): Symfony/Component/Console/Application->doRun(Object(Symfony/Component/Console/Input/ArgvInput), Object(Symfony/Component/Console/Output/ConsoleOutput))
#28 E:/EliteMark/base-api/vendor/laravel/framework/src/Illuminate/Foundation/Console/Kernel.php(198): Symfony/Component/Console/Application->run(Object(Symfony/Component/Console/Input/ArgvInput), Object(Symfony/Component/Console/Output/ConsoleOutput))
#29 E:/EliteMark/base-api/vendor/laravel/framework/src/Illuminate/Foundation/Application.php(1235): Illuminate/Foundation/Console/Kernel->handle(Object(Symfony/Component/Console/Input/ArgvInput), Object(Symfony/Component/Console/Output/ConsoleOutput))
#30 E:/EliteMark/base-api/artisan(16): Illuminate/Foundation/Application->handleCommand(Object(Symfony/Component/Console/Input/ArgvInput))
#31 {main}
"} 
[2026-04-20 01:41:20] local.ERROR: Rate limiter [login] is not defined. {"exception":"[object] (Illuminate\\Routing\\Exceptions\\MissingRateLimiterException(code: 0): Rate limiter [login] is not defined. at E:/EliteMark/base-api/vendor/laravel/framework/src/Illuminate/Routing/Exceptions/MissingRateLimiterException.php:17)
[stacktrace]
#0 E:/EliteMark/base-api/vendor/laravel/framework/src/Illuminate/Routing/Middleware/ThrottleRequests.php(198): Illuminate/Routing/Exceptions/MissingRateLimiterException::forLimiter('login')
#1 E:/EliteMark/base-api/vendor/laravel/framework/src/Illuminate/Routing/Middleware/ThrottleRequests.php(98): Illuminate/Routing/Middleware/ThrottleRequests->resolveMaxAttempts(Object(Illuminate/Http/Request), 'login')
#2 E:/EliteMark/base-api/vendor/laravel/framework/src/Illuminate/Pipeline/Pipeline.php(209): Illuminate/Routing/Middleware/ThrottleRequests->handle(Object(Illuminate/Http/Request), Object(Closure), 'login')
#3 E:/EliteMark/base-api/app/Http/Middleware/ForceJsonResponse.php(18): Illuminate/Pipeline/Pipeline->Illuminate/Pipeline/{closure}(Object(Illuminate/Http/Request))
#4 E:/EliteMark/base-api/vendor/laravel/framework/src/Illuminate/Pipeline/Pipeline.php(209): App/Http/Middleware/ForceJsonResponse->handle(Object(Illuminate/Http/Request), Object(Closure))
#5 E:/EliteMark/base-api/vendor/laravel/framework/src/Illuminate/Pipeline/Pipeline.php(127): Illuminate/Pipeline/Pipeline->Illuminate/Pipeline/{closure}(Object(Illuminate/Http/Request))
#6 E:/EliteMark/base-api/vendor/laravel/framework/src/Illuminate/Routing/Router.php(807): Illuminate/Pipeline/Pipeline->then(Object(Closure))
#7 E:/EliteMark/base-api/vendor/laravel/framework/src/Illuminate/Routing/Router.php(786): Illuminate/Routing/Router->runRouteWithinStack(Object(Illuminate/Routing/Route), Object(Illuminate/Http/Request))
#8 E:/EliteMark/base-api/vendor/laravel/framework/src/Illuminate/Routing/Router.php(750): Illuminate/Routing/Router->runRoute(Object(Illuminate/Http/Request), Object(Illuminate/Routing/Route))
#9 E:/EliteMark/base-api/vendor/laravel/framework/src/Illuminate/Routing/Router.php(739): Illuminate/Routing/Router->dispatchToRoute(Object(Illuminate/Http/Request))
#10 E:/EliteMark/base-api/vendor/laravel/framework/src/Illuminate/Foundation/Http/Kernel.php(201): Illuminate/Routing/Router->dispatch(Object(Illuminate/Http/Request))
#11 E:/EliteMark/base-api/vendor/laravel/framework/src/Illuminate/Pipeline/Pipeline.php(170): Illuminate/Foundation/Http/Kernel->Illuminate/Foundation/Http/{closure}(Object(Illuminate/Http/Request))
#12 E:/EliteMark/base-api/vendor/laravel/framework/src/Illuminate/Foundation/Http/Middleware/TransformsRequest.php(21): Illuminate/Pipeline/Pipeline->Illuminate/Pipeline/{closure}(Object(Illuminate/Http/Request))
#13 E:/EliteMark/base-api/vendor/laravel/framework/src/Illuminate/Foundation/Http/Middleware/ConvertEmptyStringsToNull.php(31): Illuminate/Foundation/Http/Middleware/TransformsRequest->handle(Object(Illuminate/Http/Request), Object(Closure))
#14 E:/EliteMark/base-api/vendor/laravel/framework/src/Illuminate/Pipeline/Pipeline.php(209): Illuminate/Foundation/Http/Middleware/ConvertEmptyStringsToNull->handle(Object(Illuminate/Http/Request), Object(Closure))
#15 E:/EliteMark/base-api/vendor/laravel/framework/src/Illuminate/Foundation/Http/Middleware/TransformsRequest.php(21): Illuminate/Pipeline/Pipeline->Illuminate/Pipeline/{closure}(Object(Illuminate/Http/Request))
#16 E:/EliteMark/base-api/vendor/laravel/framework/src/Illuminate/Foundation/Http/Middleware/TrimStrings.php(51): Illuminate/Foundation/Http/Middleware/TransformsRequest->handle(Object(Illuminate/Http/Request), Object(Closure))
#17 E:/EliteMark/base-api/vendor/laravel/framework/src/Illuminate/Pipeline/Pipeline.php(209): Illuminate/Foundation/Http/Middleware/TrimStrings->handle(Object(Illuminate/Http/Request), Object(Closure))
#18 E:/EliteMark/base-api/vendor/laravel/framework/src/Illuminate/Http/Middleware/ValidatePostSize.php(27): Illuminate/Pipeline/Pipeline->Illuminate/Pipeline/{closure}(Object(Illuminate/Http/Request))
#19 E:/EliteMark/base-api/vendor/laravel/framework/src/Illuminate/Pipeline/Pipeline.php(209): Illuminate/Http/Middleware/ValidatePostSize->handle(Object(Illuminate/Http/Request), Object(Closure))
#20 E:/EliteMark/base-api/vendor/laravel/framework/src/Illuminate/Foundation/Http/Middleware/PreventRequestsDuringMaintenance.php(110): Illuminate/Pipeline/Pipeline->Illuminate/Pipeline/{closure}(Object(Illuminate/Http/Request))
#21 E:/EliteMark/base-api/vendor/laravel/framework/src/Illuminate/Pipeline/Pipeline.php(209): Illuminate/Foundation/Http/Middleware/PreventRequestsDuringMaintenance->handle(Object(Illuminate/Http/Request), Object(Closure))
#22 E:/EliteMark/base-api/vendor/laravel/framework/src/Illuminate/Http/Middleware/HandleCors.php(62): Illuminate/Pipeline/Pipeline->Illuminate/Pipeline/{closure}(Object(Illuminate/Http/Request))
#23 E:/EliteMark/base-api/vendor/laravel/framework/src/Illuminate/Pipeline/Pipeline.php(209): Illuminate/Http/Middleware/HandleCors->handle(Object(Illuminate/Http/Request), Object(Closure))
#24 E:/EliteMark/base-api/vendor/laravel/framework/src/Illuminate/Http/Middleware/TrustProxies.php(58): Illuminate/Pipeline/Pipeline->Illuminate/Pipeline/{closure}(Object(Illuminate/Http/Request))
#25 E:/EliteMark/base-api/vendor/laravel/framework/src/Illuminate/Pipeline/Pipeline.php(209): Illuminate/Http/Middleware/TrustProxies->handle(Object(Illuminate/Http/Request), Object(Closure))
#26 E:/EliteMark/base-api/vendor/laravel/framework/src/Illuminate/Foundation/Http/Middleware/InvokeDeferredCallbacks.php(22): Illuminate/Pipeline/Pipeline->Illuminate/Pipeline/{closure}(Object(Illuminate/Http/Request))
#27 E:/EliteMark/base-api/vendor/laravel/framework/src/Illuminate/Pipeline/Pipeline.php(209): Illuminate/Foundation/Http/Middleware/InvokeDeferredCallbacks->handle(Object(Illuminate/Http/Request), Object(Closure))
#28 E:/EliteMark/base-api/vendor/laravel/framework/src/Illuminate/Pipeline/Pipeline.php(127): Illuminate/Pipeline/Pipeline->Illuminate/Pipeline/{closure}(Object(Illuminate/Http/Request))
#29 E:/EliteMark/base-api/vendor/laravel/framework/src/Illuminate/Foundation/Http/Kernel.php(176): Illuminate/Pipeline/Pipeline->then(Object(Closure))
#30 E:/EliteMark/base-api/vendor/laravel/framework/src/Illuminate/Foundation/Http/Kernel.php(145): Illuminate/Foundation/Http/Kernel->sendRequestThroughRouter(Object(Illuminate/Http/Request))
#31 E:/EliteMark/base-api/vendor/laravel/framework/src/Illuminate/Foundation/Application.php(1220): Illuminate/Foundation/Http/Kernel->handle(Object(Illuminate/Http/Request))
#32 E:/EliteMark/base-api/public/index.php(16): Illuminate/Foundation/Application->handleRequest(Object(Illuminate/Http/Request))
#33 E:/EliteMark/base-api/vendor/laravel/framework/src/Illuminate/Foundation/resources/server.php(23): require_once('E://EliteMark//ba...')
#34 {main}
"} 
[2026-04-20 01:42:59] local.ERROR: {closure}(): Argument #1 ($request) must be of type Request, Illuminate\Http\Request given, called in E:\EliteMark\base-api\vendor\laravel\framework\src\Illuminate\Cache\RateLimiter.php on line 75 {"exception":"[object] (TypeError(code: 0): {closure}(): Argument #1 ($request) must be of type Request, Illuminate\\Http\\Request given, called in E:\\EliteMark\\base-api\\vendor\\laravel\\framework\\src\\Illuminate\\Cache\\RateLimiter.php on line 75 at E:/EliteMark/base-api/bootstrap/app.php:43)
[stacktrace]
#0 E:/EliteMark/base-api/vendor/laravel/framework/src/Illuminate/Cache/RateLimiter.php(75): {closure}(Object(Illuminate/Http/Request))
#1 E:/EliteMark/base-api/vendor/laravel/framework/src/Illuminate/Routing/Middleware/ThrottleRequests.php(119): Illuminate/Cache/RateLimiter->Illuminate/Cache/{closure}(Object(Illuminate/Http/Request))
#2 E:/EliteMark/base-api/vendor/laravel/framework/src/Illuminate/Routing/Middleware/ThrottleRequests.php(89): Illuminate/Routing/Middleware/ThrottleRequests->handleRequestUsingNamedLimiter(Object(Illuminate/Http/Request), Object(Closure), 'login', Object(Closure))
#3 E:/EliteMark/base-api/vendor/laravel/framework/src/Illuminate/Pipeline/Pipeline.php(209): Illuminate/Routing/Middleware/ThrottleRequests->handle(Object(Illuminate/Http/Request), Object(Closure), 'login')
#4 E:/EliteMark/base-api/app/Http/Middleware/ForceJsonResponse.php(18): Illuminate/Pipeline/Pipeline->Illuminate/Pipeline/{closure}(Object(Illuminate/Http/Request))
#5 E:/EliteMark/base-api/vendor/laravel/framework/src/Illuminate/Pipeline/Pipeline.php(209): App/Http/Middleware/ForceJsonResponse->handle(Object(Illuminate/Http/Request), Object(Closure))
#6 E:/EliteMark/base-api/vendor/laravel/framework/src/Illuminate/Pipeline/Pipeline.php(127): Illuminate/Pipeline/Pipeline->Illuminate/Pipeline/{closure}(Object(Illuminate/Http/Request))
#7 E:/EliteMark/base-api/vendor/laravel/framework/src/Illuminate/Routing/Router.php(807): Illuminate/Pipeline/Pipeline->then(Object(Closure))
#8 E:/EliteMark/base-api/vendor/laravel/framework/src/Illuminate/Routing/Router.php(786): Illuminate/Routing/Router->runRouteWithinStack(Object(Illuminate/Routing/Route), Object(Illuminate/Http/Request))
#9 E:/EliteMark/base-api/vendor/laravel/framework/src/Illuminate/Routing/Router.php(750): Illuminate/Routing/Router->runRoute(Object(Illuminate/Http/Request), Object(Illuminate/Routing/Route))
#10 E:/EliteMark/base-api/vendor/laravel/framework/src/Illuminate/Routing/Router.php(739): Illuminate/Routing/Router->dispatchToRoute(Object(Illuminate/Http/Request))
#11 E:/EliteMark/base-api/vendor/laravel/framework/src/Illuminate/Foundation/Http/Kernel.php(201): Illuminate/Routing/Router->dispatch(Object(Illuminate/Http/Request))
#12 E:/EliteMark/base-api/vendor/laravel/framework/src/Illuminate/Pipeline/Pipeline.php(170): Illuminate/Foundation/Http/Kernel->Illuminate/Foundation/Http/{closure}(Object(Illuminate/Http/Request))
#13 E:/EliteMark/base-api/vendor/laravel/framework/src/Illuminate/Foundation/Http/Middleware/TransformsRequest.php(21): Illuminate/Pipeline/Pipeline->Illuminate/Pipeline/{closure}(Object(Illuminate/Http/Request))
#14 E:/EliteMark/base-api/vendor/laravel/framework/src/Illuminate/Foundation/Http/Middleware/ConvertEmptyStringsToNull.php(31): Illuminate/Foundation/Http/Middleware/TransformsRequest->handle(Object(Illuminate/Http/Request), Object(Closure))
#15 E:/EliteMark/base-api/vendor/laravel/framework/src/Illuminate/Pipeline/Pipeline.php(209): Illuminate/Foundation/Http/Middleware/ConvertEmptyStringsToNull->handle(Object(Illuminate/Http/Request), Object(Closure))
#16 E:/EliteMark/base-api/vendor/laravel/framework/src/Illuminate/Foundation/Http/Middleware/TransformsRequest.php(21): Illuminate/Pipeline/Pipeline->Illuminate/Pipeline/{closure}(Object(Illuminate/Http/Request))
#17 E:/EliteMark/base-api/vendor/laravel/framework/src/Illuminate/Foundation/Http/Middleware/TrimStrings.php(51): Illuminate/Foundation/Http/Middleware/TransformsRequest->handle(Object(Illuminate/Http/Request), Object(Closure))
#18 E:/EliteMark/base-api/vendor/laravel/framework/src/Illuminate/Pipeline/Pipeline.php(209): Illuminate/Foundation/Http/Middleware/TrimStrings->handle(Object(Illuminate/Http/Request), Object(Closure))
#19 E:/EliteMark/base-api/vendor/laravel/framework/src/Illuminate/Http/Middleware/ValidatePostSize.php(27): Illuminate/Pipeline/Pipeline->Illuminate/Pipeline/{closure}(Object(Illuminate/Http/Request))
#20 E:/EliteMark/base-api/vendor/laravel/framework/src/Illuminate/Pipeline/Pipeline.php(209): Illuminate/Http/Middleware/ValidatePostSize->handle(Object(Illuminate/Http/Request), Object(Closure))
#21 E:/EliteMark/base-api/vendor/laravel/framework/src/Illuminate/Foundation/Http/Middleware/PreventRequestsDuringMaintenance.php(110): Illuminate/Pipeline/Pipeline->Illuminate/Pipeline/{closure}(Object(Illuminate/Http/Request))
#22 E:/EliteMark/base-api/vendor/laravel/framework/src/Illuminate/Pipeline/Pipeline.php(209): Illuminate/Foundation/Http/Middleware/PreventRequestsDuringMaintenance->handle(Object(Illuminate/Http/Request), Object(Closure))
#23 E:/EliteMark/base-api/vendor/laravel/framework/src/Illuminate/Http/Middleware/HandleCors.php(62): Illuminate/Pipeline/Pipeline->Illuminate/Pipeline/{closure}(Object(Illuminate/Http/Request))
#24 E:/EliteMark/base-api/vendor/laravel/framework/src/Illuminate/Pipeline/Pipeline.php(209): Illuminate/Http/Middleware/HandleCors->handle(Object(Illuminate/Http/Request), Object(Closure))
#25 E:/EliteMark/base-api/vendor/laravel/framework/src/Illuminate/Http/Middleware/TrustProxies.php(58): Illuminate/Pipeline/Pipeline->Illuminate/Pipeline/{closure}(Object(Illuminate/Http/Request))
#26 E:/EliteMark/base-api/vendor/laravel/framework/src/Illuminate/Pipeline/Pipeline.php(209): Illuminate/Http/Middleware/TrustProxies->handle(Object(Illuminate/Http/Request), Object(Closure))
#27 E:/EliteMark/base-api/vendor/laravel/framework/src/Illuminate/Foundation/Http/Middleware/InvokeDeferredCallbacks.php(22): Illuminate/Pipeline/Pipeline->Illuminate/Pipeline/{closure}(Object(Illuminate/Http/Request))
#28 E:/EliteMark/base-api/vendor/laravel/framework/src/Illuminate/Pipeline/Pipeline.php(209): Illuminate/Foundation/Http/Middleware/InvokeDeferredCallbacks->handle(Object(Illuminate/Http/Request), Object(Closure))
#29 E:/EliteMark/base-api/vendor/laravel/framework/src/Illuminate/Pipeline/Pipeline.php(127): Illuminate/Pipeline/Pipeline->Illuminate/Pipeline/{closure}(Object(Illuminate/Http/Request))
#30 E:/EliteMark/base-api/vendor/laravel/framework/src/Illuminate/Foundation/Http/Kernel.php(176): Illuminate/Pipeline/Pipeline->then(Object(Closure))
#31 E:/EliteMark/base-api/vendor/laravel/framework/src/Illuminate/Foundation/Http/Kernel.php(145): Illuminate/Foundation/Http/Kernel->sendRequestThroughRouter(Object(Illuminate/Http/Request))
#32 E:/EliteMark/base-api/vendor/laravel/framework/src/Illuminate/Foundation/Application.php(1220): Illuminate/Foundation/Http/Kernel->handle(Object(Illuminate/Http/Request))
#33 E:/EliteMark/base-api/public/index.php(16): Illuminate/Foundation/Application->handleRequest(Object(Illuminate/Http/Request))
#34 E:/EliteMark/base-api/vendor/laravel/framework/src/Illuminate/Foundation/resources/server.php(23): require_once('E://EliteMark//ba...')
#35 {main}
"} 
[2026-04-20 01:44:05] local.ERROR: SQLSTATE[42S02]: Base table or view not found: 1146 Table 'laravel_api.personal_access_tokens' doesn't exist (Connection: mysql, SQL: insert into `personal_access_tokens` (`name`, `token`, `abilities`, `expires_at`, `tokenable_id`, `updated_at`, `created_at`) values (PostmanRuntime/7.37.3, 32b80ab9ce5a17b14a03399d77da9d9d52c94c414cd8580a9171875fe1be3160, ["*"], 2026-04-27 01:44:05, 2, 2026-04-20 01:44:05, 2026-04-20 01:44:05)) {"exception":"[object] (Illuminate\\Database\\QueryException(code: 42S02): SQLSTATE[42S02]: Base table or view not found: 1146 Table 'laravel_api.personal_access_tokens' doesn't exist (Connection: mysql, SQL: insert into `personal_access_tokens` (`name`, `token`, `abilities`, `expires_at`, `tokenable_id`, `updated_at`, `created_at`) values (PostmanRuntime/7.37.3, 32b80ab9ce5a17b14a03399d77da9d9d52c94c414cd8580a9171875fe1be3160, [\"*\"], 2026-04-27 01:44:05, 2, 2026-04-20 01:44:05, 2026-04-20 01:44:05)) at E:/EliteMark/base-api/vendor/laravel/framework/src/Illuminate/Database/Connection.php:825)
[stacktrace]
#0 E:/EliteMark/base-api/vendor/laravel/framework/src/Illuminate/Database/Connection.php(779): Illuminate/Database/Connection->runQueryCallback('insert into `pe...', Array, Object(Closure))
#1 E:/EliteMark/base-api/vendor/laravel/framework/src/Illuminate/Database/MySqlConnection.php(42): Illuminate/Database/Connection->run('insert into `pe...', Array, Object(Closure))
#2 E:/EliteMark/base-api/vendor/laravel/framework/src/Illuminate/Database/Query/Processors/MySqlProcessor.php(35): Illuminate/Database/MySqlConnection->insert('insert into `pe...', Array, 'id')
#3 E:/EliteMark/base-api/vendor/laravel/framework/src/Illuminate/Database/Query/Builder.php(3766): Illuminate/Database/Query/Processors/MySqlProcessor->processInsertGetId(Object(Illuminate/Database/Query/Builder), 'insert into `pe...', Array, 'id')
#4 E:/EliteMark/base-api/vendor/laravel/framework/src/Illuminate/Database/Eloquent/Builder.php(2120): Illuminate/Database/Query/Builder->insertGetId(Array, 'id')
#5 E:/EliteMark/base-api/vendor/laravel/framework/src/Illuminate/Database/Eloquent/Model.php(1359): Illuminate/Database/Eloquent/Builder->__call('insertGetId', Array)
#6 E:/EliteMark/base-api/vendor/laravel/framework/src/Illuminate/Database/Eloquent/Model.php(1324): Illuminate/Database/Eloquent/Model->insertAndSetId(Object(Illuminate/Database/Eloquent/Builder), Array)
#7 E:/EliteMark/base-api/vendor/laravel/framework/src/Illuminate/Database/Eloquent/Model.php(1163): Illuminate/Database/Eloquent/Model->performInsert(Object(Illuminate/Database/Eloquent/Builder))
#8 E:/EliteMark/base-api/vendor/laravel/framework/src/Illuminate/Database/Eloquent/Relations/HasOneOrMany.php(371): Illuminate/Database/Eloquent/Model->save()
#9 E:/EliteMark/base-api/vendor/laravel/framework/src/Illuminate/Support/helpers.php(399): Illuminate/Database/Eloquent/Relations/HasOneOrMany->Illuminate/Database/Eloquent/Relations/{closure}(Object(Laravel/Sanctum/PersonalAccessToken))
#10 E:/EliteMark/base-api/vendor/laravel/framework/src/Illuminate/Database/Eloquent/Relations/HasOneOrMany.php(368): tap(Object(Laravel/Sanctum/PersonalAccessToken), Object(Closure))
#11 E:/EliteMark/base-api/vendor/laravel/sanctum/src/HasApiTokens.php(64): Illuminate/Database/Eloquent/Relations/HasOneOrMany->create(Array)
#12 E:/EliteMark/base-api/app/Services/TokenService.php(16): App/Models/User->createToken('PostmanRuntime/...', Array, Object(Illuminate/Support/Carbon))
#13 E:/EliteMark/base-api/app/Services/AuthService.php(68): App/Services/TokenService->createToken(Object(App/Models/User), 'auth-token', 'PostmanRuntime/...')
#14 E:/EliteMark/base-api/app/Http/Controllers/Api/V1/Auth/AuthController.php(46): App/Services/AuthService->login(Array)
#15 E:/EliteMark/base-api/vendor/laravel/framework/src/Illuminate/Routing/ControllerDispatcher.php(47): App/Http/Controllers/Api/V1/Auth/AuthController->login(Object(App/Http/Requests/Auth/LoginRequest))
#16 E:/EliteMark/base-api/vendor/laravel/framework/src/Illuminate/Routing/Route.php(266): Illuminate/Routing/ControllerDispatcher->dispatch(Object(Illuminate/Routing/Route), Object(App/Http/Controllers/Api/V1/Auth/AuthController), 'login')
#17 E:/EliteMark/base-api/vendor/laravel/framework/src/Illuminate/Routing/Route.php(212): Illuminate/Routing/Route->runController()
#18 E:/EliteMark/base-api/vendor/laravel/framework/src/Illuminate/Routing/Router.php(808): Illuminate/Routing/Route->run()
#19 E:/EliteMark/base-api/vendor/laravel/framework/src/Illuminate/Pipeline/Pipeline.php(170): Illuminate/Routing/Router->Illuminate/Routing/{closure}(Object(Illuminate/Http/Request))
#20 E:/EliteMark/base-api/vendor/laravel/framework/src/Illuminate/Routing/Middleware/SubstituteBindings.php(51): Illuminate/Pipeline/Pipeline->Illuminate/Pipeline/{closure}(Object(Illuminate/Http/Request))
#21 E:/EliteMark/base-api/vendor/laravel/framework/src/Illuminate/Pipeline/Pipeline.php(209): Illuminate/Routing/Middleware/SubstituteBindings->handle(Object(Illuminate/Http/Request), Object(Closure))
#22 E:/EliteMark/base-api/vendor/laravel/framework/src/Illuminate/Routing/Middleware/ThrottleRequests.php(161): Illuminate/Pipeline/Pipeline->Illuminate/Pipeline/{closure}(Object(Illuminate/Http/Request))
#23 E:/EliteMark/base-api/vendor/laravel/framework/src/Illuminate/Routing/Middleware/ThrottleRequests.php(127): Illuminate/Routing/Middleware/ThrottleRequests->handleRequest(Object(Illuminate/Http/Request), Object(Closure), Array)
#24 E:/EliteMark/base-api/vendor/laravel/framework/src/Illuminate/Routing/Middleware/ThrottleRequests.php(89): Illuminate/Routing/Middleware/ThrottleRequests->handleRequestUsingNamedLimiter(Object(Illuminate/Http/Request), Object(Closure), 'login', Object(Closure))
#25 E:/EliteMark/base-api/vendor/laravel/framework/src/Illuminate/Pipeline/Pipeline.php(209): Illuminate/Routing/Middleware/ThrottleRequests->handle(Object(Illuminate/Http/Request), Object(Closure), 'login')
#26 E:/EliteMark/base-api/app/Http/Middleware/ForceJsonResponse.php(18): Illuminate/Pipeline/Pipeline->Illuminate/Pipeline/{closure}(Object(Illuminate/Http/Request))
#27 E:/EliteMark/base-api/vendor/laravel/framework/src/Illuminate/Pipeline/Pipeline.php(209): App/Http/Middleware/ForceJsonResponse->handle(Object(Illuminate/Http/Request), Object(Closure))
#28 E:/EliteMark/base-api/vendor/laravel/framework/src/Illuminate/Pipeline/Pipeline.php(127): Illuminate/Pipeline/Pipeline->Illuminate/Pipeline/{closure}(Object(Illuminate/Http/Request))
#29 E:/EliteMark/base-api/vendor/laravel/framework/src/Illuminate/Routing/Router.php(807): Illuminate/Pipeline/Pipeline->then(Object(Closure))
#30 E:/EliteMark/base-api/vendor/laravel/framework/src/Illuminate/Routing/Router.php(786): Illuminate/Routing/Router->runRouteWithinStack(Object(Illuminate/Routing/Route), Object(Illuminate/Http/Request))
#31 E:/EliteMark/base-api/vendor/laravel/framework/src/Illuminate/Routing/Router.php(750): Illuminate/Routing/Router->runRoute(Object(Illuminate/Http/Request), Object(Illuminate/Routing/Route))
#32 E:/EliteMark/base-api/vendor/laravel/framework/src/Illuminate/Routing/Router.php(739): Illuminate/Routing/Router->dispatchToRoute(Object(Illuminate/Http/Request))
#33 E:/EliteMark/base-api/vendor/laravel/framework/src/Illuminate/Foundation/Http/Kernel.php(201): Illuminate/Routing/Router->dispatch(Object(Illuminate/Http/Request))
#34 E:/EliteMark/base-api/vendor/laravel/framework/src/Illuminate/Pipeline/Pipeline.php(170): Illuminate/Foundation/Http/Kernel->Illuminate/Foundation/Http/{closure}(Object(Illuminate/Http/Request))
#35 E:/EliteMark/base-api/vendor/laravel/framework/src/Illuminate/Foundation/Http/Middleware/TransformsRequest.php(21): Illuminate/Pipeline/Pipeline->Illuminate/Pipeline/{closure}(Object(Illuminate/Http/Request))
#36 E:/EliteMark/base-api/vendor/laravel/framework/src/Illuminate/Foundation/Http/Middleware/ConvertEmptyStringsToNull.php(31): Illuminate/Foundation/Http/Middleware/TransformsRequest->handle(Object(Illuminate/Http/Request), Object(Closure))
#37 E:/EliteMark/base-api/vendor/laravel/framework/src/Illuminate/Pipeline/Pipeline.php(209): Illuminate/Foundation/Http/Middleware/ConvertEmptyStringsToNull->handle(Object(Illuminate/Http/Request), Object(Closure))
#38 E:/EliteMark/base-api/vendor/laravel/framework/src/Illuminate/Foundation/Http/Middleware/TransformsRequest.php(21): Illuminate/Pipeline/Pipeline->Illuminate/Pipeline/{closure}(Object(Illuminate/Http/Request))
#39 E:/EliteMark/base-api/vendor/laravel/framework/src/Illuminate/Foundation/Http/Middleware/TrimStrings.php(51): Illuminate/Foundation/Http/Middleware/TransformsRequest->handle(Object(Illuminate/Http/Request), Object(Closure))
#40 E:/EliteMark/base-api/vendor/laravel/framework/src/Illuminate/Pipeline/Pipeline.php(209): Illuminate/Foundation/Http/Middleware/TrimStrings->handle(Object(Illuminate/Http/Request), Object(Closure))
#41 E:/EliteMark/base-api/vendor/laravel/framework/src/Illuminate/Http/Middleware/ValidatePostSize.php(27): Illuminate/Pipeline/Pipeline->Illuminate/Pipeline/{closure}(Object(Illuminate/Http/Request))
#42 E:/EliteMark/base-api/vendor/laravel/framework/src/Illuminate/Pipeline/Pipeline.php(209): Illuminate/Http/Middleware/ValidatePostSize->handle(Object(Illuminate/Http/Request), Object(Closure))
#43 E:/EliteMark/base-api/vendor/laravel/framework/src/Illuminate/Foundation/Http/Middleware/PreventRequestsDuringMaintenance.php(110): Illuminate/Pipeline/Pipeline->Illuminate/Pipeline/{closure}(Object(Illuminate/Http/Request))
#44 E:/EliteMark/base-api/vendor/laravel/framework/src/Illuminate/Pipeline/Pipeline.php(209): Illuminate/Foundation/Http/Middleware/PreventRequestsDuringMaintenance->handle(Object(Illuminate/Http/Request), Object(Closure))
#45 E:/EliteMark/base-api/vendor/laravel/framework/src/Illuminate/Http/Middleware/HandleCors.php(62): Illuminate/Pipeline/Pipeline->Illuminate/Pipeline/{closure}(Object(Illuminate/Http/Request))
#46 E:/EliteMark/base-api/vendor/laravel/framework/src/Illuminate/Pipeline/Pipeline.php(209): Illuminate/Http/Middleware/HandleCors->handle(Object(Illuminate/Http/Request), Object(Closure))
#47 E:/EliteMark/base-api/vendor/laravel/framework/src/Illuminate/Http/Middleware/TrustProxies.php(58): Illuminate/Pipeline/Pipeline->Illuminate/Pipeline/{closure}(Object(Illuminate/Http/Request))
#48 E:/EliteMark/base-api/vendor/laravel/framework/src/Illuminate/Pipeline/Pipeline.php(209): Illuminate/Http/Middleware/TrustProxies->handle(Object(Illuminate/Http/Request), Object(Closure))
#49 E:/EliteMark/base-api/vendor/laravel/framework/src/Illuminate/Foundation/Http/Middleware/InvokeDeferredCallbacks.php(22): Illuminate/Pipeline/Pipeline->Illuminate/Pipeline/{closure}(Object(Illuminate/Http/Request))
#50 E:/EliteMark/base-api/vendor/laravel/framework/src/Illuminate/Pipeline/Pipeline.php(209): Illuminate/Foundation/Http/Middleware/InvokeDeferredCallbacks->handle(Object(Illuminate/Http/Request), Object(Closure))
#51 E:/EliteMark/base-api/vendor/laravel/framework/src/Illuminate/Pipeline/Pipeline.php(127): Illuminate/Pipeline/Pipeline->Illuminate/Pipeline/{closure}(Object(Illuminate/Http/Request))
#52 E:/EliteMark/base-api/vendor/laravel/framework/src/Illuminate/Foundation/Http/Kernel.php(176): Illuminate/Pipeline/Pipeline->then(Object(Closure))
#53 E:/EliteMark/base-api/vendor/laravel/framework/src/Illuminate/Foundation/Http/Kernel.php(145): Illuminate/Foundation/Http/Kernel->sendRequestThroughRouter(Object(Illuminate/Http/Request))
#54 E:/EliteMark/base-api/vendor/laravel/framework/src/Illuminate/Foundation/Application.php(1220): Illuminate/Foundation/Http/Kernel->handle(Object(Illuminate/Http/Request))
#55 E:/EliteMark/base-api/public/index.php(16): Illuminate/Foundation/Application->handleRequest(Object(Illuminate/Http/Request))
#56 E:/EliteMark/base-api/vendor/laravel/framework/src/Illuminate/Foundation/resources/server.php(23): require_once('E://EliteMark//ba...')
#57 {main}

[previous exception] [object] (PDOException(code: 42S02): SQLSTATE[42S02]: Base table or view not found: 1146 Table 'laravel_api.personal_access_tokens' doesn't exist at E:/EliteMark/base-api/vendor/laravel/framework/src/Illuminate/Database/MySqlConnection.php:47)
[stacktrace]
#0 E:/EliteMark/base-api/vendor/laravel/framework/src/Illuminate/Database/MySqlConnection.php(47): PDO->prepare('insert into `pe...')
#1 E:/EliteMark/base-api/vendor/laravel/framework/src/Illuminate/Database/Connection.php(812): Illuminate/Database/MySqlConnection->Illuminate/Database/{closure}('insert into `pe...', Array)
#2 E:/EliteMark/base-api/vendor/laravel/framework/src/Illuminate/Database/Connection.php(779): Illuminate/Database/Connection->runQueryCallback('insert into `pe...', Array, Object(Closure))
#3 E:/EliteMark/base-api/vendor/laravel/framework/src/Illuminate/Database/MySqlConnection.php(42): Illuminate/Database/Connection->run('insert into `pe...', Array, Object(Closure))
#4 E:/EliteMark/base-api/vendor/laravel/framework/src/Illuminate/Database/Query/Processors/MySqlProcessor.php(35): Illuminate/Database/MySqlConnection->insert('insert into `pe...', Array, 'id')
#5 E:/EliteMark/base-api/vendor/laravel/framework/src/Illuminate/Database/Query/Builder.php(3766): Illuminate/Database/Query/Processors/MySqlProcessor->processInsertGetId(Object(Illuminate/Database/Query/Builder), 'insert into `pe...', Array, 'id')
#6 E:/EliteMark/base-api/vendor/laravel/framework/src/Illuminate/Database/Eloquent/Builder.php(2120): Illuminate/Database/Query/Builder->insertGetId(Array, 'id')
#7 E:/EliteMark/base-api/vendor/laravel/framework/src/Illuminate/Database/Eloquent/Model.php(1359): Illuminate/Database/Eloquent/Builder->__call('insertGetId', Array)
#8 E:/EliteMark/base-api/vendor/laravel/framework/src/Illuminate/Database/Eloquent/Model.php(1324): Illuminate/Database/Eloquent/Model->insertAndSetId(Object(Illuminate/Database/Eloquent/Builder), Array)
#9 E:/EliteMark/base-api/vendor/laravel/framework/src/Illuminate/Database/Eloquent/Model.php(1163): Illuminate/Database/Eloquent/Model->performInsert(Object(Illuminate/Database/Eloquent/Builder))
#10 E:/EliteMark/base-api/vendor/laravel/framework/src/Illuminate/Database/Eloquent/Relations/HasOneOrMany.php(371): Illuminate/Database/Eloquent/Model->save()
#11 E:/EliteMark/base-api/vendor/laravel/framework/src/Illuminate/Support/helpers.php(399): Illuminate/Database/Eloquent/Relations/HasOneOrMany->Illuminate/Database/Eloquent/Relations/{closure}(Object(Laravel/Sanctum/PersonalAccessToken))
#12 E:/EliteMark/base-api/vendor/laravel/framework/src/Illuminate/Database/Eloquent/Relations/HasOneOrMany.php(368): tap(Object(Laravel/Sanctum/PersonalAccessToken), Object(Closure))
#13 E:/EliteMark/base-api/vendor/laravel/sanctum/src/HasApiTokens.php(64): Illuminate/Database/Eloquent/Relations/HasOneOrMany->create(Array)
#14 E:/EliteMark/base-api/app/Services/TokenService.php(16): App/Models/User->createToken('PostmanRuntime/...', Array, Object(Illuminate/Support/Carbon))
#15 E:/EliteMark/base-api/app/Services/AuthService.php(68): App/Services/TokenService->createToken(Object(App/Models/User), 'auth-token', 'PostmanRuntime/...')
#16 E:/EliteMark/base-api/app/Http/Controllers/Api/V1/Auth/AuthController.php(46): App/Services/AuthService->login(Array)
#17 E:/EliteMark/base-api/vendor/laravel/framework/src/Illuminate/Routing/ControllerDispatcher.php(47): App/Http/Controllers/Api/V1/Auth/AuthController->login(Object(App/Http/Requests/Auth/LoginRequest))
#18 E:/EliteMark/base-api/vendor/laravel/framework/src/Illuminate/Routing/Route.php(266): Illuminate/Routing/ControllerDispatcher->dispatch(Object(Illuminate/Routing/Route), Object(App/Http/Controllers/Api/V1/Auth/AuthController), 'login')
#19 E:/EliteMark/base-api/vendor/laravel/framework/src/Illuminate/Routing/Route.php(212): Illuminate/Routing/Route->runController()
#20 E:/EliteMark/base-api/vendor/laravel/framework/src/Illuminate/Routing/Router.php(808): Illuminate/Routing/Route->run()
#21 E:/EliteMark/base-api/vendor/laravel/framework/src/Illuminate/Pipeline/Pipeline.php(170): Illuminate/Routing/Router->Illuminate/Routing/{closure}(Object(Illuminate/Http/Request))
#22 E:/EliteMark/base-api/vendor/laravel/framework/src/Illuminate/Routing/Middleware/SubstituteBindings.php(51): Illuminate/Pipeline/Pipeline->Illuminate/Pipeline/{closure}(Object(Illuminate/Http/Request))
#23 E:/EliteMark/base-api/vendor/laravel/framework/src/Illuminate/Pipeline/Pipeline.php(209): Illuminate/Routing/Middleware/SubstituteBindings->handle(Object(Illuminate/Http/Request), Object(Closure))
#24 E:/EliteMark/base-api/vendor/laravel/framework/src/Illuminate/Routing/Middleware/ThrottleRequests.php(161): Illuminate/Pipeline/Pipeline->Illuminate/Pipeline/{closure}(Object(Illuminate/Http/Request))
#25 E:/EliteMark/base-api/vendor/laravel/framework/src/Illuminate/Routing/Middleware/ThrottleRequests.php(127): Illuminate/Routing/Middleware/ThrottleRequests->handleRequest(Object(Illuminate/Http/Request), Object(Closure), Array)
#26 E:/EliteMark/base-api/vendor/laravel/framework/src/Illuminate/Routing/Middleware/ThrottleRequests.php(89): Illuminate/Routing/Middleware/ThrottleRequests->handleRequestUsingNamedLimiter(Object(Illuminate/Http/Request), Object(Closure), 'login', Object(Closure))
#27 E:/EliteMark/base-api/vendor/laravel/framework/src/Illuminate/Pipeline/Pipeline.php(209): Illuminate/Routing/Middleware/ThrottleRequests->handle(Object(Illuminate/Http/Request), Object(Closure), 'login')
#28 E:/EliteMark/base-api/app/Http/Middleware/ForceJsonResponse.php(18): Illuminate/Pipeline/Pipeline->Illuminate/Pipeline/{closure}(Object(Illuminate/Http/Request))
#29 E:/EliteMark/base-api/vendor/laravel/framework/src/Illuminate/Pipeline/Pipeline.php(209): App/Http/Middleware/ForceJsonResponse->handle(Object(Illuminate/Http/Request), Object(Closure))
#30 E:/EliteMark/base-api/vendor/laravel/framework/src/Illuminate/Pipeline/Pipeline.php(127): Illuminate/Pipeline/Pipeline->Illuminate/Pipeline/{closure}(Object(Illuminate/Http/Request))
#31 E:/EliteMark/base-api/vendor/laravel/framework/src/Illuminate/Routing/Router.php(807): Illuminate/Pipeline/Pipeline->then(Object(Closure))
#32 E:/EliteMark/base-api/vendor/laravel/framework/src/Illuminate/Routing/Router.php(786): Illuminate/Routing/Router->runRouteWithinStack(Object(Illuminate/Routing/Route), Object(Illuminate/Http/Request))
#33 E:/EliteMark/base-api/vendor/laravel/framework/src/Illuminate/Routing/Router.php(750): Illuminate/Routing/Router->runRoute(Object(Illuminate/Http/Request), Object(Illuminate/Routing/Route))
#34 E:/EliteMark/base-api/vendor/laravel/framework/src/Illuminate/Routing/Router.php(739): Illuminate/Routing/Router->dispatchToRoute(Object(Illuminate/Http/Request))
#35 E:/EliteMark/base-api/vendor/laravel/framework/src/Illuminate/Foundation/Http/Kernel.php(201): Illuminate/Routing/Router->dispatch(Object(Illuminate/Http/Request))
#36 E:/EliteMark/base-api/vendor/laravel/framework/src/Illuminate/Pipeline/Pipeline.php(170): Illuminate/Foundation/Http/Kernel->Illuminate/Foundation/Http/{closure}(Object(Illuminate/Http/Request))
#37 E:/EliteMark/base-api/vendor/laravel/framework/src/Illuminate/Foundation/Http/Middleware/TransformsRequest.php(21): Illuminate/Pipeline/Pipeline->Illuminate/Pipeline/{closure}(Object(Illuminate/Http/Request))
#38 E:/EliteMark/base-api/vendor/laravel/framework/src/Illuminate/Foundation/Http/Middleware/ConvertEmptyStringsToNull.php(31): Illuminate/Foundation/Http/Middleware/TransformsRequest->handle(Object(Illuminate/Http/Request), Object(Closure))
#39 E:/EliteMark/base-api/vendor/laravel/framework/src/Illuminate/Pipeline/Pipeline.php(209): Illuminate/Foundation/Http/Middleware/ConvertEmptyStringsToNull->handle(Object(Illuminate/Http/Request), Object(Closure))
#40 E:/EliteMark/base-api/vendor/laravel/framework/src/Illuminate/Foundation/Http/Middleware/TransformsRequest.php(21): Illuminate/Pipeline/Pipeline->Illuminate/Pipeline/{closure}(Object(Illuminate/Http/Request))
#41 E:/EliteMark/base-api/vendor/laravel/framework/src/Illuminate/Foundation/Http/Middleware/TrimStrings.php(51): Illuminate/Foundation/Http/Middleware/TransformsRequest->handle(Object(Illuminate/Http/Request), Object(Closure))
#42 E:/EliteMark/base-api/vendor/laravel/framework/src/Illuminate/Pipeline/Pipeline.php(209): Illuminate/Foundation/Http/Middleware/TrimStrings->handle(Object(Illuminate/Http/Request), Object(Closure))
#43 E:/EliteMark/base-api/vendor/laravel/framework/src/Illuminate/Http/Middleware/ValidatePostSize.php(27): Illuminate/Pipeline/Pipeline->Illuminate/Pipeline/{closure}(Object(Illuminate/Http/Request))
#44 E:/EliteMark/base-api/vendor/laravel/framework/src/Illuminate/Pipeline/Pipeline.php(209): Illuminate/Http/Middleware/ValidatePostSize->handle(Object(Illuminate/Http/Request), Object(Closure))
#45 E:/EliteMark/base-api/vendor/laravel/framework/src/Illuminate/Foundation/Http/Middleware/PreventRequestsDuringMaintenance.php(110): Illuminate/Pipeline/Pipeline->Illuminate/Pipeline/{closure}(Object(Illuminate/Http/Request))
#46 E:/EliteMark/base-api/vendor/laravel/framework/src/Illuminate/Pipeline/Pipeline.php(209): Illuminate/Foundation/Http/Middleware/PreventRequestsDuringMaintenance->handle(Object(Illuminate/Http/Request), Object(Closure))
#47 E:/EliteMark/base-api/vendor/laravel/framework/src/Illuminate/Http/Middleware/HandleCors.php(62): Illuminate/Pipeline/Pipeline->Illuminate/Pipeline/{closure}(Object(Illuminate/Http/Request))
#48 E:/EliteMark/base-api/vendor/laravel/framework/src/Illuminate/Pipeline/Pipeline.php(209): Illuminate/Http/Middleware/HandleCors->handle(Object(Illuminate/Http/Request), Object(Closure))
#49 E:/EliteMark/base-api/vendor/laravel/framework/src/Illuminate/Http/Middleware/TrustProxies.php(58): Illuminate/Pipeline/Pipeline->Illuminate/Pipeline/{closure}(Object(Illuminate/Http/Request))
#50 E:/EliteMark/base-api/vendor/laravel/framework/src/Illuminate/Pipeline/Pipeline.php(209): Illuminate/Http/Middleware/TrustProxies->handle(Object(Illuminate/Http/Request), Object(Closure))
#51 E:/EliteMark/base-api/vendor/laravel/framework/src/Illuminate/Foundation/Http/Middleware/InvokeDeferredCallbacks.php(22): Illuminate/Pipeline/Pipeline->Illuminate/Pipeline/{closure}(Object(Illuminate/Http/Request))
#52 E:/EliteMark/base-api/vendor/laravel/framework/src/Illuminate/Pipeline/Pipeline.php(209): Illuminate/Foundation/Http/Middleware/InvokeDeferredCallbacks->handle(Object(Illuminate/Http/Request), Object(Closure))
#53 E:/EliteMark/base-api/vendor/laravel/framework/src/Illuminate/Pipeline/Pipeline.php(127): Illuminate/Pipeline/Pipeline->Illuminate/Pipeline/{closure}(Object(Illuminate/Http/Request))
#54 E:/EliteMark/base-api/vendor/laravel/framework/src/Illuminate/Foundation/Http/Kernel.php(176): Illuminate/Pipeline/Pipeline->then(Object(Closure))
#55 E:/EliteMark/base-api/vendor/laravel/framework/src/Illuminate/Foundation/Http/Kernel.php(145): Illuminate/Foundation/Http/Kernel->sendRequestThroughRouter(Object(Illuminate/Http/Request))
#56 E:/EliteMark/base-api/vendor/laravel/framework/src/Illuminate/Foundation/Application.php(1220): Illuminate/Foundation/Http/Kernel->handle(Object(Illuminate/Http/Request))
#57 E:/EliteMark/base-api/public/index.php(16): Illuminate/Foundation/Application->handleRequest(Object(Illuminate/Http/Request))
#58 E:/EliteMark/base-api/vendor/laravel/framework/src/Illuminate/Foundation/resources/server.php(23): require_once('E://EliteMark//ba...')
#59 {main}
"} 
[2026-04-20 01:44:44] local.ERROR: Command "migratecls" is not defined.

Did you mean one of these?
    migrate
    migrate:fresh
    migrate:install
    migrate:refresh
    migrate:reset
    migrate:rollback
    migrate:status {"exception":"[object] (Symfony\\Component\\Console\\Exception\\CommandNotFoundException(code: 0): Command \"migratecls\" is not defined.

Did you mean one of these?
    migrate
    migrate:fresh
    migrate:install
    migrate:refresh
    migrate:reset
    migrate:rollback
    migrate:status at E:/EliteMark/base-api/vendor/symfony/console/Application.php:759)
[stacktrace]
#0 E:/EliteMark/base-api/vendor/symfony/console/Application.php(298): Symfony/Component/Console/Application->find('migratecls')
#1 E:/EliteMark/base-api/vendor/symfony/console/Application.php(195): Symfony/Component/Console/Application->doRun(Object(Symfony/Component/Console/Input/ArgvInput), Object(Symfony/Component/Console/Output/ConsoleOutput))
#2 E:/EliteMark/base-api/vendor/laravel/framework/src/Illuminate/Foundation/Console/Kernel.php(198): Symfony/Component/Console/Application->run(Object(Symfony/Component/Console/Input/ArgvInput), Object(Symfony/Component/Console/Output/ConsoleOutput))
#3 E:/EliteMark/base-api/vendor/laravel/framework/src/Illuminate/Foundation/Application.php(1235): Illuminate/Foundation/Console/Kernel->handle(Object(Symfony/Component/Console/Input/ArgvInput), Object(Symfony/Component/Console/Output/ConsoleOutput))
#4 E:/EliteMark/base-api/artisan(16): Illuminate/Foundation/Application->handleCommand(Object(Symfony/Component/Console/Input/ArgvInput))
#5 {main}
"} 
[2026-04-20 01:45:06] local.ERROR: SQLSTATE[HY000]: General error: 1364 Field 'tokenable_type' doesn't have a default value (Connection: mysql, SQL: insert into `personal_access_tokens` (`name`, `token`, `abilities`, `expires_at`, `tokenable_id`, `updated_at`, `created_at`) values (PostmanRuntime/7.37.3, 7e651ca2c2bf3d5f4ea1815c393eca3e9bca0697fca161fe06f681d0b09db7b8, ["*"], 2026-04-27 01:45:06, 2, 2026-04-20 01:45:06, 2026-04-20 01:45:06)) {"exception":"[object] (Illuminate\\Database\\QueryException(code: HY000): SQLSTATE[HY000]: General error: 1364 Field 'tokenable_type' doesn't have a default value (Connection: mysql, SQL: insert into `personal_access_tokens` (`name`, `token`, `abilities`, `expires_at`, `tokenable_id`, `updated_at`, `created_at`) values (PostmanRuntime/7.37.3, 7e651ca2c2bf3d5f4ea1815c393eca3e9bca0697fca161fe06f681d0b09db7b8, [\"*\"], 2026-04-27 01:45:06, 2, 2026-04-20 01:45:06, 2026-04-20 01:45:06)) at E:/EliteMark/base-api/vendor/laravel/framework/src/Illuminate/Database/Connection.php:825)
[stacktrace]
#0 E:/EliteMark/base-api/vendor/laravel/framework/src/Illuminate/Database/Connection.php(779): Illuminate/Database/Connection->runQueryCallback('insert into `pe...', Array, Object(Closure))
#1 E:/EliteMark/base-api/vendor/laravel/framework/src/Illuminate/Database/MySqlConnection.php(42): Illuminate/Database/Connection->run('insert into `pe...', Array, Object(Closure))
#2 E:/EliteMark/base-api/vendor/laravel/framework/src/Illuminate/Database/Query/Processors/MySqlProcessor.php(35): Illuminate/Database/MySqlConnection->insert('insert into `pe...', Array, 'id')
#3 E:/EliteMark/base-api/vendor/laravel/framework/src/Illuminate/Database/Query/Builder.php(3766): Illuminate/Database/Query/Processors/MySqlProcessor->processInsertGetId(Object(Illuminate/Database/Query/Builder), 'insert into `pe...', Array, 'id')
#4 E:/EliteMark/base-api/vendor/laravel/framework/src/Illuminate/Database/Eloquent/Builder.php(2120): Illuminate/Database/Query/Builder->insertGetId(Array, 'id')
#5 E:/EliteMark/base-api/vendor/laravel/framework/src/Illuminate/Database/Eloquent/Model.php(1359): Illuminate/Database/Eloquent/Builder->__call('insertGetId', Array)
#6 E:/EliteMark/base-api/vendor/laravel/framework/src/Illuminate/Database/Eloquent/Model.php(1324): Illuminate/Database/Eloquent/Model->insertAndSetId(Object(Illuminate/Database/Eloquent/Builder), Array)
#7 E:/EliteMark/base-api/vendor/laravel/framework/src/Illuminate/Database/Eloquent/Model.php(1163): Illuminate/Database/Eloquent/Model->performInsert(Object(Illuminate/Database/Eloquent/Builder))
#8 E:/EliteMark/base-api/vendor/laravel/framework/src/Illuminate/Database/Eloquent/Relations/HasOneOrMany.php(371): Illuminate/Database/Eloquent/Model->save()
#9 E:/EliteMark/base-api/vendor/laravel/framework/src/Illuminate/Support/helpers.php(399): Illuminate/Database/Eloquent/Relations/HasOneOrMany->Illuminate/Database/Eloquent/Relations/{closure}(Object(Laravel/Sanctum/PersonalAccessToken))
#10 E:/EliteMark/base-api/vendor/laravel/framework/src/Illuminate/Database/Eloquent/Relations/HasOneOrMany.php(368): tap(Object(Laravel/Sanctum/PersonalAccessToken), Object(Closure))
#11 E:/EliteMark/base-api/vendor/laravel/sanctum/src/HasApiTokens.php(64): Illuminate/Database/Eloquent/Relations/HasOneOrMany->create(Array)
#12 E:/EliteMark/base-api/app/Services/TokenService.php(16): App/Models/User->createToken('PostmanRuntime/...', Array, Object(Illuminate/Support/Carbon))
#13 E:/EliteMark/base-api/app/Services/AuthService.php(68): App/Services/TokenService->createToken(Object(App/Models/User), 'auth-token', 'PostmanRuntime/...')
#14 E:/EliteMark/base-api/app/Http/Controllers/Api/V1/Auth/AuthController.php(46): App/Services/AuthService->login(Array)
#15 E:/EliteMark/base-api/vendor/laravel/framework/src/Illuminate/Routing/ControllerDispatcher.php(47): App/Http/Controllers/Api/V1/Auth/AuthController->login(Object(App/Http/Requests/Auth/LoginRequest))
#16 E:/EliteMark/base-api/vendor/laravel/framework/src/Illuminate/Routing/Route.php(266): Illuminate/Routing/ControllerDispatcher->dispatch(Object(Illuminate/Routing/Route), Object(App/Http/Controllers/Api/V1/Auth/AuthController), 'login')
#17 E:/EliteMark/base-api/vendor/laravel/framework/src/Illuminate/Routing/Route.php(212): Illuminate/Routing/Route->runController()
#18 E:/EliteMark/base-api/vendor/laravel/framework/src/Illuminate/Routing/Router.php(808): Illuminate/Routing/Route->run()
#19 E:/EliteMark/base-api/vendor/laravel/framework/src/Illuminate/Pipeline/Pipeline.php(170): Illuminate/Routing/Router->Illuminate/Routing/{closure}(Object(Illuminate/Http/Request))
#20 E:/EliteMark/base-api/vendor/laravel/framework/src/Illuminate/Routing/Middleware/SubstituteBindings.php(51): Illuminate/Pipeline/Pipeline->Illuminate/Pipeline/{closure}(Object(Illuminate/Http/Request))
#21 E:/EliteMark/base-api/vendor/laravel/framework/src/Illuminate/Pipeline/Pipeline.php(209): Illuminate/Routing/Middleware/SubstituteBindings->handle(Object(Illuminate/Http/Request), Object(Closure))
#22 E:/EliteMark/base-api/vendor/laravel/framework/src/Illuminate/Routing/Middleware/ThrottleRequests.php(161): Illuminate/Pipeline/Pipeline->Illuminate/Pipeline/{closure}(Object(Illuminate/Http/Request))
#23 E:/EliteMark/base-api/vendor/laravel/framework/src/Illuminate/Routing/Middleware/ThrottleRequests.php(127): Illuminate/Routing/Middleware/ThrottleRequests->handleRequest(Object(Illuminate/Http/Request), Object(Closure), Array)
#24 E:/EliteMark/base-api/vendor/laravel/framework/src/Illuminate/Routing/Middleware/ThrottleRequests.php(89): Illuminate/Routing/Middleware/ThrottleRequests->handleRequestUsingNamedLimiter(Object(Illuminate/Http/Request), Object(Closure), 'login', Object(Closure))
#25 E:/EliteMark/base-api/vendor/laravel/framework/src/Illuminate/Pipeline/Pipeline.php(209): Illuminate/Routing/Middleware/ThrottleRequests->handle(Object(Illuminate/Http/Request), Object(Closure), 'login')
#26 E:/EliteMark/base-api/app/Http/Middleware/ForceJsonResponse.php(18): Illuminate/Pipeline/Pipeline->Illuminate/Pipeline/{closure}(Object(Illuminate/Http/Request))
#27 E:/EliteMark/base-api/vendor/laravel/framework/src/Illuminate/Pipeline/Pipeline.php(209): App/Http/Middleware/ForceJsonResponse->handle(Object(Illuminate/Http/Request), Object(Closure))
#28 E:/EliteMark/base-api/vendor/laravel/framework/src/Illuminate/Pipeline/Pipeline.php(127): Illuminate/Pipeline/Pipeline->Illuminate/Pipeline/{closure}(Object(Illuminate/Http/Request))
#29 E:/EliteMark/base-api/vendor/laravel/framework/src/Illuminate/Routing/Router.php(807): Illuminate/Pipeline/Pipeline->then(Object(Closure))
#30 E:/EliteMark/base-api/vendor/laravel/framework/src/Illuminate/Routing/Router.php(786): Illuminate/Routing/Router->runRouteWithinStack(Object(Illuminate/Routing/Route), Object(Illuminate/Http/Request))
#31 E:/EliteMark/base-api/vendor/laravel/framework/src/Illuminate/Routing/Router.php(750): Illuminate/Routing/Router->runRoute(Object(Illuminate/Http/Request), Object(Illuminate/Routing/Route))
#32 E:/EliteMark/base-api/vendor/laravel/framework/src/Illuminate/Routing/Router.php(739): Illuminate/Routing/Router->dispatchToRoute(Object(Illuminate/Http/Request))
#33 E:/EliteMark/base-api/vendor/laravel/framework/src/Illuminate/Foundation/Http/Kernel.php(201): Illuminate/Routing/Router->dispatch(Object(Illuminate/Http/Request))
#34 E:/EliteMark/base-api/vendor/laravel/framework/src/Illuminate/Pipeline/Pipeline.php(170): Illuminate/Foundation/Http/Kernel->Illuminate/Foundation/Http/{closure}(Object(Illuminate/Http/Request))
#35 E:/EliteMark/base-api/vendor/laravel/framework/src/Illuminate/Foundation/Http/Middleware/TransformsRequest.php(21): Illuminate/Pipeline/Pipeline->Illuminate/Pipeline/{closure}(Object(Illuminate/Http/Request))
#36 E:/EliteMark/base-api/vendor/laravel/framework/src/Illuminate/Foundation/Http/Middleware/ConvertEmptyStringsToNull.php(31): Illuminate/Foundation/Http/Middleware/TransformsRequest->handle(Object(Illuminate/Http/Request), Object(Closure))
#37 E:/EliteMark/base-api/vendor/laravel/framework/src/Illuminate/Pipeline/Pipeline.php(209): Illuminate/Foundation/Http/Middleware/ConvertEmptyStringsToNull->handle(Object(Illuminate/Http/Request), Object(Closure))
#38 E:/EliteMark/base-api/vendor/laravel/framework/src/Illuminate/Foundation/Http/Middleware/TransformsRequest.php(21): Illuminate/Pipeline/Pipeline->Illuminate/Pipeline/{closure}(Object(Illuminate/Http/Request))
#39 E:/EliteMark/base-api/vendor/laravel/framework/src/Illuminate/Foundation/Http/Middleware/TrimStrings.php(51): Illuminate/Foundation/Http/Middleware/TransformsRequest->handle(Object(Illuminate/Http/Request), Object(Closure))
#40 E:/EliteMark/base-api/vendor/laravel/framework/src/Illuminate/Pipeline/Pipeline.php(209): Illuminate/Foundation/Http/Middleware/TrimStrings->handle(Object(Illuminate/Http/Request), Object(Closure))
#41 E:/EliteMark/base-api/vendor/laravel/framework/src/Illuminate/Http/Middleware/ValidatePostSize.php(27): Illuminate/Pipeline/Pipeline->Illuminate/Pipeline/{closure}(Object(Illuminate/Http/Request))
#42 E:/EliteMark/base-api/vendor/laravel/framework/src/Illuminate/Pipeline/Pipeline.php(209): Illuminate/Http/Middleware/ValidatePostSize->handle(Object(Illuminate/Http/Request), Object(Closure))
#43 E:/EliteMark/base-api/vendor/laravel/framework/src/Illuminate/Foundation/Http/Middleware/PreventRequestsDuringMaintenance.php(110): Illuminate/Pipeline/Pipeline->Illuminate/Pipeline/{closure}(Object(Illuminate/Http/Request))
#44 E:/EliteMark/base-api/vendor/laravel/framework/src/Illuminate/Pipeline/Pipeline.php(209): Illuminate/Foundation/Http/Middleware/PreventRequestsDuringMaintenance->handle(Object(Illuminate/Http/Request), Object(Closure))
#45 E:/EliteMark/base-api/vendor/laravel/framework/src/Illuminate/Http/Middleware/HandleCors.php(62): Illuminate/Pipeline/Pipeline->Illuminate/Pipeline/{closure}(Object(Illuminate/Http/Request))
#46 E:/EliteMark/base-api/vendor/laravel/framework/src/Illuminate/Pipeline/Pipeline.php(209): Illuminate/Http/Middleware/HandleCors->handle(Object(Illuminate/Http/Request), Object(Closure))
#47 E:/EliteMark/base-api/vendor/laravel/framework/src/Illuminate/Http/Middleware/TrustProxies.php(58): Illuminate/Pipeline/Pipeline->Illuminate/Pipeline/{closure}(Object(Illuminate/Http/Request))
#48 E:/EliteMark/base-api/vendor/laravel/framework/src/Illuminate/Pipeline/Pipeline.php(209): Illuminate/Http/Middleware/TrustProxies->handle(Object(Illuminate/Http/Request), Object(Closure))
#49 E:/EliteMark/base-api/vendor/laravel/framework/src/Illuminate/Foundation/Http/Middleware/InvokeDeferredCallbacks.php(22): Illuminate/Pipeline/Pipeline->Illuminate/Pipeline/{closure}(Object(Illuminate/Http/Request))
#50 E:/EliteMark/base-api/vendor/laravel/framework/src/Illuminate/Pipeline/Pipeline.php(209): Illuminate/Foundation/Http/Middleware/InvokeDeferredCallbacks->handle(Object(Illuminate/Http/Request), Object(Closure))
#51 E:/EliteMark/base-api/vendor/laravel/framework/src/Illuminate/Pipeline/Pipeline.php(127): Illuminate/Pipeline/Pipeline->Illuminate/Pipeline/{closure}(Object(Illuminate/Http/Request))
#52 E:/EliteMark/base-api/vendor/laravel/framework/src/Illuminate/Foundation/Http/Kernel.php(176): Illuminate/Pipeline/Pipeline->then(Object(Closure))
#53 E:/EliteMark/base-api/vendor/laravel/framework/src/Illuminate/Foundation/Http/Kernel.php(145): Illuminate/Foundation/Http/Kernel->sendRequestThroughRouter(Object(Illuminate/Http/Request))
#54 E:/EliteMark/base-api/vendor/laravel/framework/src/Illuminate/Foundation/Application.php(1220): Illuminate/Foundation/Http/Kernel->handle(Object(Illuminate/Http/Request))
#55 E:/EliteMark/base-api/public/index.php(16): Illuminate/Foundation/Application->handleRequest(Object(Illuminate/Http/Request))
#56 E:/EliteMark/base-api/vendor/laravel/framework/src/Illuminate/Foundation/resources/server.php(23): require_once('E://EliteMark//ba...')
#57 {main}

[previous exception] [object] (PDOException(code: HY000): SQLSTATE[HY000]: General error: 1364 Field 'tokenable_type' doesn't have a default value at E:/EliteMark/base-api/vendor/laravel/framework/src/Illuminate/Database/MySqlConnection.php:53)
[stacktrace]
#0 E:/EliteMark/base-api/vendor/laravel/framework/src/Illuminate/Database/MySqlConnection.php(53): PDOStatement->execute()
#1 E:/EliteMark/base-api/vendor/laravel/framework/src/Illuminate/Database/Connection.php(812): Illuminate/Database/MySqlConnection->Illuminate/Database/{closure}('insert into `pe...', Array)
#2 E:/EliteMark/base-api/vendor/laravel/framework/src/Illuminate/Database/Connection.php(779): Illuminate/Database/Connection->runQueryCallback('insert into `pe...', Array, Object(Closure))
#3 E:/EliteMark/base-api/vendor/laravel/framework/src/Illuminate/Database/MySqlConnection.php(42): Illuminate/Database/Connection->run('insert into `pe...', Array, Object(Closure))
#4 E:/EliteMark/base-api/vendor/laravel/framework/src/Illuminate/Database/Query/Processors/MySqlProcessor.php(35): Illuminate/Database/MySqlConnection->insert('insert into `pe...', Array, 'id')
#5 E:/EliteMark/base-api/vendor/laravel/framework/src/Illuminate/Database/Query/Builder.php(3766): Illuminate/Database/Query/Processors/MySqlProcessor->processInsertGetId(Object(Illuminate/Database/Query/Builder), 'insert into `pe...', Array, 'id')
#6 E:/EliteMark/base-api/vendor/laravel/framework/src/Illuminate/Database/Eloquent/Builder.php(2120): Illuminate/Database/Query/Builder->insertGetId(Array, 'id')
#7 E:/EliteMark/base-api/vendor/laravel/framework/src/Illuminate/Database/Eloquent/Model.php(1359): Illuminate/Database/Eloquent/Builder->__call('insertGetId', Array)
#8 E:/EliteMark/base-api/vendor/laravel/framework/src/Illuminate/Database/Eloquent/Model.php(1324): Illuminate/Database/Eloquent/Model->insertAndSetId(Object(Illuminate/Database/Eloquent/Builder), Array)
#9 E:/EliteMark/base-api/vendor/laravel/framework/src/Illuminate/Database/Eloquent/Model.php(1163): Illuminate/Database/Eloquent/Model->performInsert(Object(Illuminate/Database/Eloquent/Builder))
#10 E:/EliteMark/base-api/vendor/laravel/framework/src/Illuminate/Database/Eloquent/Relations/HasOneOrMany.php(371): Illuminate/Database/Eloquent/Model->save()
#11 E:/EliteMark/base-api/vendor/laravel/framework/src/Illuminate/Support/helpers.php(399): Illuminate/Database/Eloquent/Relations/HasOneOrMany->Illuminate/Database/Eloquent/Relations/{closure}(Object(Laravel/Sanctum/PersonalAccessToken))
#12 E:/EliteMark/base-api/vendor/laravel/framework/src/Illuminate/Database/Eloquent/Relations/HasOneOrMany.php(368): tap(Object(Laravel/Sanctum/PersonalAccessToken), Object(Closure))
#13 E:/EliteMark/base-api/vendor/laravel/sanctum/src/HasApiTokens.php(64): Illuminate/Database/Eloquent/Relations/HasOneOrMany->create(Array)
#14 E:/EliteMark/base-api/app/Services/TokenService.php(16): App/Models/User->createToken('PostmanRuntime/...', Array, Object(Illuminate/Support/Carbon))
#15 E:/EliteMark/base-api/app/Services/AuthService.php(68): App/Services/TokenService->createToken(Object(App/Models/User), 'auth-token', 'PostmanRuntime/...')
#16 E:/EliteMark/base-api/app/Http/Controllers/Api/V1/Auth/AuthController.php(46): App/Services/AuthService->login(Array)
#17 E:/EliteMark/base-api/vendor/laravel/framework/src/Illuminate/Routing/ControllerDispatcher.php(47): App/Http/Controllers/Api/V1/Auth/AuthController->login(Object(App/Http/Requests/Auth/LoginRequest))
#18 E:/EliteMark/base-api/vendor/laravel/framework/src/Illuminate/Routing/Route.php(266): Illuminate/Routing/ControllerDispatcher->dispatch(Object(Illuminate/Routing/Route), Object(App/Http/Controllers/Api/V1/Auth/AuthController), 'login')
#19 E:/EliteMark/base-api/vendor/laravel/framework/src/Illuminate/Routing/Route.php(212): Illuminate/Routing/Route->runController()
#20 E:/EliteMark/base-api/vendor/laravel/framework/src/Illuminate/Routing/Router.php(808): Illuminate/Routing/Route->run()
#21 E:/EliteMark/base-api/vendor/laravel/framework/src/Illuminate/Pipeline/Pipeline.php(170): Illuminate/Routing/Router->Illuminate/Routing/{closure}(Object(Illuminate/Http/Request))
#22 E:/EliteMark/base-api/vendor/laravel/framework/src/Illuminate/Routing/Middleware/SubstituteBindings.php(51): Illuminate/Pipeline/Pipeline->Illuminate/Pipeline/{closure}(Object(Illuminate/Http/Request))
#23 E:/EliteMark/base-api/vendor/laravel/framework/src/Illuminate/Pipeline/Pipeline.php(209): Illuminate/Routing/Middleware/SubstituteBindings->handle(Object(Illuminate/Http/Request), Object(Closure))
#24 E:/EliteMark/base-api/vendor/laravel/framework/src/Illuminate/Routing/Middleware/ThrottleRequests.php(161): Illuminate/Pipeline/Pipeline->Illuminate/Pipeline/{closure}(Object(Illuminate/Http/Request))
#25 E:/EliteMark/base-api/vendor/laravel/framework/src/Illuminate/Routing/Middleware/ThrottleRequests.php(127): Illuminate/Routing/Middleware/ThrottleRequests->handleRequest(Object(Illuminate/Http/Request), Object(Closure), Array)
#26 E:/EliteMark/base-api/vendor/laravel/framework/src/Illuminate/Routing/Middleware/ThrottleRequests.php(89): Illuminate/Routing/Middleware/ThrottleRequests->handleRequestUsingNamedLimiter(Object(Illuminate/Http/Request), Object(Closure), 'login', Object(Closure))
#27 E:/EliteMark/base-api/vendor/laravel/framework/src/Illuminate/Pipeline/Pipeline.php(209): Illuminate/Routing/Middleware/ThrottleRequests->handle(Object(Illuminate/Http/Request), Object(Closure), 'login')
#28 E:/EliteMark/base-api/app/Http/Middleware/ForceJsonResponse.php(18): Illuminate/Pipeline/Pipeline->Illuminate/Pipeline/{closure}(Object(Illuminate/Http/Request))
#29 E:/EliteMark/base-api/vendor/laravel/framework/src/Illuminate/Pipeline/Pipeline.php(209): App/Http/Middleware/ForceJsonResponse->handle(Object(Illuminate/Http/Request), Object(Closure))
#30 E:/EliteMark/base-api/vendor/laravel/framework/src/Illuminate/Pipeline/Pipeline.php(127): Illuminate/Pipeline/Pipeline->Illuminate/Pipeline/{closure}(Object(Illuminate/Http/Request))
#31 E:/EliteMark/base-api/vendor/laravel/framework/src/Illuminate/Routing/Router.php(807): Illuminate/Pipeline/Pipeline->then(Object(Closure))
#32 E:/EliteMark/base-api/vendor/laravel/framework/src/Illuminate/Routing/Router.php(786): Illuminate/Routing/Router->runRouteWithinStack(Object(Illuminate/Routing/Route), Object(Illuminate/Http/Request))
#33 E:/EliteMark/base-api/vendor/laravel/framework/src/Illuminate/Routing/Router.php(750): Illuminate/Routing/Router->runRoute(Object(Illuminate/Http/Request), Object(Illuminate/Routing/Route))
#34 E:/EliteMark/base-api/vendor/laravel/framework/src/Illuminate/Routing/Router.php(739): Illuminate/Routing/Router->dispatchToRoute(Object(Illuminate/Http/Request))
#35 E:/EliteMark/base-api/vendor/laravel/framework/src/Illuminate/Foundation/Http/Kernel.php(201): Illuminate/Routing/Router->dispatch(Object(Illuminate/Http/Request))
#36 E:/EliteMark/base-api/vendor/laravel/framework/src/Illuminate/Pipeline/Pipeline.php(170): Illuminate/Foundation/Http/Kernel->Illuminate/Foundation/Http/{closure}(Object(Illuminate/Http/Request))
#37 E:/EliteMark/base-api/vendor/laravel/framework/src/Illuminate/Foundation/Http/Middleware/TransformsRequest.php(21): Illuminate/Pipeline/Pipeline->Illuminate/Pipeline/{closure}(Object(Illuminate/Http/Request))
#38 E:/EliteMark/base-api/vendor/laravel/framework/src/Illuminate/Foundation/Http/Middleware/ConvertEmptyStringsToNull.php(31): Illuminate/Foundation/Http/Middleware/TransformsRequest->handle(Object(Illuminate/Http/Request), Object(Closure))
#39 E:/EliteMark/base-api/vendor/laravel/framework/src/Illuminate/Pipeline/Pipeline.php(209): Illuminate/Foundation/Http/Middleware/ConvertEmptyStringsToNull->handle(Object(Illuminate/Http/Request), Object(Closure))
#40 E:/EliteMark/base-api/vendor/laravel/framework/src/Illuminate/Foundation/Http/Middleware/TransformsRequest.php(21): Illuminate/Pipeline/Pipeline->Illuminate/Pipeline/{closure}(Object(Illuminate/Http/Request))
#41 E:/EliteMark/base-api/vendor/laravel/framework/src/Illuminate/Foundation/Http/Middleware/TrimStrings.php(51): Illuminate/Foundation/Http/Middleware/TransformsRequest->handle(Object(Illuminate/Http/Request), Object(Closure))
#42 E:/EliteMark/base-api/vendor/laravel/framework/src/Illuminate/Pipeline/Pipeline.php(209): Illuminate/Foundation/Http/Middleware/TrimStrings->handle(Object(Illuminate/Http/Request), Object(Closure))
#43 E:/EliteMark/base-api/vendor/laravel/framework/src/Illuminate/Http/Middleware/ValidatePostSize.php(27): Illuminate/Pipeline/Pipeline->Illuminate/Pipeline/{closure}(Object(Illuminate/Http/Request))
#44 E:/EliteMark/base-api/vendor/laravel/framework/src/Illuminate/Pipeline/Pipeline.php(209): Illuminate/Http/Middleware/ValidatePostSize->handle(Object(Illuminate/Http/Request), Object(Closure))
#45 E:/EliteMark/base-api/vendor/laravel/framework/src/Illuminate/Foundation/Http/Middleware/PreventRequestsDuringMaintenance.php(110): Illuminate/Pipeline/Pipeline->Illuminate/Pipeline/{closure}(Object(Illuminate/Http/Request))
#46 E:/EliteMark/base-api/vendor/laravel/framework/src/Illuminate/Pipeline/Pipeline.php(209): Illuminate/Foundation/Http/Middleware/PreventRequestsDuringMaintenance->handle(Object(Illuminate/Http/Request), Object(Closure))
#47 E:/EliteMark/base-api/vendor/laravel/framework/src/Illuminate/Http/Middleware/HandleCors.php(62): Illuminate/Pipeline/Pipeline->Illuminate/Pipeline/{closure}(Object(Illuminate/Http/Request))
#48 E:/EliteMark/base-api/vendor/laravel/framework/src/Illuminate/Pipeline/Pipeline.php(209): Illuminate/Http/Middleware/HandleCors->handle(Object(Illuminate/Http/Request), Object(Closure))
#49 E:/EliteMark/base-api/vendor/laravel/framework/src/Illuminate/Http/Middleware/TrustProxies.php(58): Illuminate/Pipeline/Pipeline->Illuminate/Pipeline/{closure}(Object(Illuminate/Http/Request))
#50 E:/EliteMark/base-api/vendor/laravel/framework/src/Illuminate/Pipeline/Pipeline.php(209): Illuminate/Http/Middleware/TrustProxies->handle(Object(Illuminate/Http/Request), Object(Closure))
#51 E:/EliteMark/base-api/vendor/laravel/framework/src/Illuminate/Foundation/Http/Middleware/InvokeDeferredCallbacks.php(22): Illuminate/Pipeline/Pipeline->Illuminate/Pipeline/{closure}(Object(Illuminate/Http/Request))
#52 E:/EliteMark/base-api/vendor/laravel/framework/src/Illuminate/Pipeline/Pipeline.php(209): Illuminate/Foundation/Http/Middleware/InvokeDeferredCallbacks->handle(Object(Illuminate/Http/Request), Object(Closure))
#53 E:/EliteMark/base-api/vendor/laravel/framework/src/Illuminate/Pipeline/Pipeline.php(127): Illuminate/Pipeline/Pipeline->Illuminate/Pipeline/{closure}(Object(Illuminate/Http/Request))
#54 E:/EliteMark/base-api/vendor/laravel/framework/src/Illuminate/Foundation/Http/Kernel.php(176): Illuminate/Pipeline/Pipeline->then(Object(Closure))
#55 E:/EliteMark/base-api/vendor/laravel/framework/src/Illuminate/Foundation/Http/Kernel.php(145): Illuminate/Foundation/Http/Kernel->sendRequestThroughRouter(Object(Illuminate/Http/Request))
#56 E:/EliteMark/base-api/vendor/laravel/framework/src/Illuminate/Foundation/Application.php(1220): Illuminate/Foundation/Http/Kernel->handle(Object(Illuminate/Http/Request))
#57 E:/EliteMark/base-api/public/index.php(16): Illuminate/Foundation/Application->handleRequest(Object(Illuminate/Http/Request))
#58 E:/EliteMark/base-api/vendor/laravel/framework/src/Illuminate/Foundation/resources/server.php(23): require_once('E://EliteMark//ba...')
#59 {main}
"} 
[2026-04-20 01:45:45] local.ERROR: SQLSTATE[HY000]: General error: 1364 Field 'tokenable_type' doesn't have a default value (Connection: mysql, SQL: insert into `personal_access_tokens` (`name`, `token`, `abilities`, `expires_at`, `tokenable_id`, `updated_at`, `created_at`) values (PostmanRuntime/7.37.3, 39ec59284e90267e8a1e0b7af2e36d77256a079c8f40333243292dc2182d9bb3, ["*"], 2026-04-27 01:45:45, 2, 2026-04-20 01:45:45, 2026-04-20 01:45:45)) {"exception":"[object] (Illuminate\\Database\\QueryException(code: HY000): SQLSTATE[HY000]: General error: 1364 Field 'tokenable_type' doesn't have a default value (Connection: mysql, SQL: insert into `personal_access_tokens` (`name`, `token`, `abilities`, `expires_at`, `tokenable_id`, `updated_at`, `created_at`) values (PostmanRuntime/7.37.3, 39ec59284e90267e8a1e0b7af2e36d77256a079c8f40333243292dc2182d9bb3, [\"*\"], 2026-04-27 01:45:45, 2, 2026-04-20 01:45:45, 2026-04-20 01:45:45)) at E:/EliteMark/base-api/vendor/laravel/framework/src/Illuminate/Database/Connection.php:825)
[stacktrace]
#0 E:/EliteMark/base-api/vendor/laravel/framework/src/Illuminate/Database/Connection.php(779): Illuminate/Database/Connection->runQueryCallback('insert into `pe...', Array, Object(Closure))
#1 E:/EliteMark/base-api/vendor/laravel/framework/src/Illuminate/Database/MySqlConnection.php(42): Illuminate/Database/Connection->run('insert into `pe...', Array, Object(Closure))
#2 E:/EliteMark/base-api/vendor/laravel/framework/src/Illuminate/Database/Query/Processors/MySqlProcessor.php(35): Illuminate/Database/MySqlConnection->insert('insert into `pe...', Array, 'id')
#3 E:/EliteMark/base-api/vendor/laravel/framework/src/Illuminate/Database/Query/Builder.php(3766): Illuminate/Database/Query/Processors/MySqlProcessor->processInsertGetId(Object(Illuminate/Database/Query/Builder), 'insert into `pe...', Array, 'id')
#4 E:/EliteMark/base-api/vendor/laravel/framework/src/Illuminate/Database/Eloquent/Builder.php(2120): Illuminate/Database/Query/Builder->insertGetId(Array, 'id')
#5 E:/EliteMark/base-api/vendor/laravel/framework/src/Illuminate/Database/Eloquent/Model.php(1359): Illuminate/Database/Eloquent/Builder->__call('insertGetId', Array)
#6 E:/EliteMark/base-api/vendor/laravel/framework/src/Illuminate/Database/Eloquent/Model.php(1324): Illuminate/Database/Eloquent/Model->insertAndSetId(Object(Illuminate/Database/Eloquent/Builder), Array)
#7 E:/EliteMark/base-api/vendor/laravel/framework/src/Illuminate/Database/Eloquent/Model.php(1163): Illuminate/Database/Eloquent/Model->performInsert(Object(Illuminate/Database/Eloquent/Builder))
#8 E:/EliteMark/base-api/vendor/laravel/framework/src/Illuminate/Database/Eloquent/Relations/HasOneOrMany.php(371): Illuminate/Database/Eloquent/Model->save()
#9 E:/EliteMark/base-api/vendor/laravel/framework/src/Illuminate/Support/helpers.php(399): Illuminate/Database/Eloquent/Relations/HasOneOrMany->Illuminate/Database/Eloquent/Relations/{closure}(Object(Laravel/Sanctum/PersonalAccessToken))
#10 E:/EliteMark/base-api/vendor/laravel/framework/src/Illuminate/Database/Eloquent/Relations/HasOneOrMany.php(368): tap(Object(Laravel/Sanctum/PersonalAccessToken), Object(Closure))
#11 E:/EliteMark/base-api/vendor/laravel/sanctum/src/HasApiTokens.php(64): Illuminate/Database/Eloquent/Relations/HasOneOrMany->create(Array)
#12 E:/EliteMark/base-api/app/Services/TokenService.php(16): App/Models/User->createToken('PostmanRuntime/...', Array, Object(Illuminate/Support/Carbon))
#13 E:/EliteMark/base-api/app/Services/AuthService.php(68): App/Services/TokenService->createToken(Object(App/Models/User), 'auth-token', 'PostmanRuntime/...')
#14 E:/EliteMark/base-api/app/Http/Controllers/Api/V1/Auth/AuthController.php(46): App/Services/AuthService->login(Array)
#15 E:/EliteMark/base-api/vendor/laravel/framework/src/Illuminate/Routing/ControllerDispatcher.php(47): App/Http/Controllers/Api/V1/Auth/AuthController->login(Object(App/Http/Requests/Auth/LoginRequest))
#16 E:/EliteMark/base-api/vendor/laravel/framework/src/Illuminate/Routing/Route.php(266): Illuminate/Routing/ControllerDispatcher->dispatch(Object(Illuminate/Routing/Route), Object(App/Http/Controllers/Api/V1/Auth/AuthController), 'login')
#17 E:/EliteMark/base-api/vendor/laravel/framework/src/Illuminate/Routing/Route.php(212): Illuminate/Routing/Route->runController()
#18 E:/EliteMark/base-api/vendor/laravel/framework/src/Illuminate/Routing/Router.php(808): Illuminate/Routing/Route->run()
#19 E:/EliteMark/base-api/vendor/laravel/framework/src/Illuminate/Pipeline/Pipeline.php(170): Illuminate/Routing/Router->Illuminate/Routing/{closure}(Object(Illuminate/Http/Request))
#20 E:/EliteMark/base-api/vendor/laravel/framework/src/Illuminate/Routing/Middleware/SubstituteBindings.php(51): Illuminate/Pipeline/Pipeline->Illuminate/Pipeline/{closure}(Object(Illuminate/Http/Request))
#21 E:/EliteMark/base-api/vendor/laravel/framework/src/Illuminate/Pipeline/Pipeline.php(209): Illuminate/Routing/Middleware/SubstituteBindings->handle(Object(Illuminate/Http/Request), Object(Closure))
#22 E:/EliteMark/base-api/vendor/laravel/framework/src/Illuminate/Routing/Middleware/ThrottleRequests.php(161): Illuminate/Pipeline/Pipeline->Illuminate/Pipeline/{closure}(Object(Illuminate/Http/Request))
#23 E:/EliteMark/base-api/vendor/laravel/framework/src/Illuminate/Routing/Middleware/ThrottleRequests.php(127): Illuminate/Routing/Middleware/ThrottleRequests->handleRequest(Object(Illuminate/Http/Request), Object(Closure), Array)
#24 E:/EliteMark/base-api/vendor/laravel/framework/src/Illuminate/Routing/Middleware/ThrottleRequests.php(89): Illuminate/Routing/Middleware/ThrottleRequests->handleRequestUsingNamedLimiter(Object(Illuminate/Http/Request), Object(Closure), 'login', Object(Closure))
#25 E:/EliteMark/base-api/vendor/laravel/framework/src/Illuminate/Pipeline/Pipeline.php(209): Illuminate/Routing/Middleware/ThrottleRequests->handle(Object(Illuminate/Http/Request), Object(Closure), 'login')
#26 E:/EliteMark/base-api/app/Http/Middleware/ForceJsonResponse.php(18): Illuminate/Pipeline/Pipeline->Illuminate/Pipeline/{closure}(Object(Illuminate/Http/Request))
#27 E:/EliteMark/base-api/vendor/laravel/framework/src/Illuminate/Pipeline/Pipeline.php(209): App/Http/Middleware/ForceJsonResponse->handle(Object(Illuminate/Http/Request), Object(Closure))
#28 E:/EliteMark/base-api/vendor/laravel/framework/src/Illuminate/Pipeline/Pipeline.php(127): Illuminate/Pipeline/Pipeline->Illuminate/Pipeline/{closure}(Object(Illuminate/Http/Request))
#29 E:/EliteMark/base-api/vendor/laravel/framework/src/Illuminate/Routing/Router.php(807): Illuminate/Pipeline/Pipeline->then(Object(Closure))
#30 E:/EliteMark/base-api/vendor/laravel/framework/src/Illuminate/Routing/Router.php(786): Illuminate/Routing/Router->runRouteWithinStack(Object(Illuminate/Routing/Route), Object(Illuminate/Http/Request))
#31 E:/EliteMark/base-api/vendor/laravel/framework/src/Illuminate/Routing/Router.php(750): Illuminate/Routing/Router->runRoute(Object(Illuminate/Http/Request), Object(Illuminate/Routing/Route))
#32 E:/EliteMark/base-api/vendor/laravel/framework/src/Illuminate/Routing/Router.php(739): Illuminate/Routing/Router->dispatchToRoute(Object(Illuminate/Http/Request))
#33 E:/EliteMark/base-api/vendor/laravel/framework/src/Illuminate/Foundation/Http/Kernel.php(201): Illuminate/Routing/Router->dispatch(Object(Illuminate/Http/Request))
#34 E:/EliteMark/base-api/vendor/laravel/framework/src/Illuminate/Pipeline/Pipeline.php(170): Illuminate/Foundation/Http/Kernel->Illuminate/Foundation/Http/{closure}(Object(Illuminate/Http/Request))
#35 E:/EliteMark/base-api/vendor/laravel/framework/src/Illuminate/Foundation/Http/Middleware/TransformsRequest.php(21): Illuminate/Pipeline/Pipeline->Illuminate/Pipeline/{closure}(Object(Illuminate/Http/Request))
#36 E:/EliteMark/base-api/vendor/laravel/framework/src/Illuminate/Foundation/Http/Middleware/ConvertEmptyStringsToNull.php(31): Illuminate/Foundation/Http/Middleware/TransformsRequest->handle(Object(Illuminate/Http/Request), Object(Closure))
#37 E:/EliteMark/base-api/vendor/laravel/framework/src/Illuminate/Pipeline/Pipeline.php(209): Illuminate/Foundation/Http/Middleware/ConvertEmptyStringsToNull->handle(Object(Illuminate/Http/Request), Object(Closure))
#38 E:/EliteMark/base-api/vendor/laravel/framework/src/Illuminate/Foundation/Http/Middleware/TransformsRequest.php(21): Illuminate/Pipeline/Pipeline->Illuminate/Pipeline/{closure}(Object(Illuminate/Http/Request))
#39 E:/EliteMark/base-api/vendor/laravel/framework/src/Illuminate/Foundation/Http/Middleware/TrimStrings.php(51): Illuminate/Foundation/Http/Middleware/TransformsRequest->handle(Object(Illuminate/Http/Request), Object(Closure))
#40 E:/EliteMark/base-api/vendor/laravel/framework/src/Illuminate/Pipeline/Pipeline.php(209): Illuminate/Foundation/Http/Middleware/TrimStrings->handle(Object(Illuminate/Http/Request), Object(Closure))
#41 E:/EliteMark/base-api/vendor/laravel/framework/src/Illuminate/Http/Middleware/ValidatePostSize.php(27): Illuminate/Pipeline/Pipeline->Illuminate/Pipeline/{closure}(Object(Illuminate/Http/Request))
#42 E:/EliteMark/base-api/vendor/laravel/framework/src/Illuminate/Pipeline/Pipeline.php(209): Illuminate/Http/Middleware/ValidatePostSize->handle(Object(Illuminate/Http/Request), Object(Closure))
#43 E:/EliteMark/base-api/vendor/laravel/framework/src/Illuminate/Foundation/Http/Middleware/PreventRequestsDuringMaintenance.php(110): Illuminate/Pipeline/Pipeline->Illuminate/Pipeline/{closure}(Object(Illuminate/Http/Request))
#44 E:/EliteMark/base-api/vendor/laravel/framework/src/Illuminate/Pipeline/Pipeline.php(209): Illuminate/Foundation/Http/Middleware/PreventRequestsDuringMaintenance->handle(Object(Illuminate/Http/Request), Object(Closure))
#45 E:/EliteMark/base-api/vendor/laravel/framework/src/Illuminate/Http/Middleware/HandleCors.php(62): Illuminate/Pipeline/Pipeline->Illuminate/Pipeline/{closure}(Object(Illuminate/Http/Request))
#46 E:/EliteMark/base-api/vendor/laravel/framework/src/Illuminate/Pipeline/Pipeline.php(209): Illuminate/Http/Middleware/HandleCors->handle(Object(Illuminate/Http/Request), Object(Closure))
#47 E:/EliteMark/base-api/vendor/laravel/framework/src/Illuminate/Http/Middleware/TrustProxies.php(58): Illuminate/Pipeline/Pipeline->Illuminate/Pipeline/{closure}(Object(Illuminate/Http/Request))
#48 E:/EliteMark/base-api/vendor/laravel/framework/src/Illuminate/Pipeline/Pipeline.php(209): Illuminate/Http/Middleware/TrustProxies->handle(Object(Illuminate/Http/Request), Object(Closure))
#49 E:/EliteMark/base-api/vendor/laravel/framework/src/Illuminate/Foundation/Http/Middleware/InvokeDeferredCallbacks.php(22): Illuminate/Pipeline/Pipeline->Illuminate/Pipeline/{closure}(Object(Illuminate/Http/Request))
#50 E:/EliteMark/base-api/vendor/laravel/framework/src/Illuminate/Pipeline/Pipeline.php(209): Illuminate/Foundation/Http/Middleware/InvokeDeferredCallbacks->handle(Object(Illuminate/Http/Request), Object(Closure))
#51 E:/EliteMark/base-api/vendor/laravel/framework/src/Illuminate/Pipeline/Pipeline.php(127): Illuminate/Pipeline/Pipeline->Illuminate/Pipeline/{closure}(Object(Illuminate/Http/Request))
#52 E:/EliteMark/base-api/vendor/laravel/framework/src/Illuminate/Foundation/Http/Kernel.php(176): Illuminate/Pipeline/Pipeline->then(Object(Closure))
#53 E:/EliteMark/base-api/vendor/laravel/framework/src/Illuminate/Foundation/Http/Kernel.php(145): Illuminate/Foundation/Http/Kernel->sendRequestThroughRouter(Object(Illuminate/Http/Request))
#54 E:/EliteMark/base-api/vendor/laravel/framework/src/Illuminate/Foundation/Application.php(1220): Illuminate/Foundation/Http/Kernel->handle(Object(Illuminate/Http/Request))
#55 E:/EliteMark/base-api/public/index.php(16): Illuminate/Foundation/Application->handleRequest(Object(Illuminate/Http/Request))
#56 E:/EliteMark/base-api/vendor/laravel/framework/src/Illuminate/Foundation/resources/server.php(23): require_once('E://EliteMark//ba...')
#57 {main}

[previous exception] [object] (PDOException(code: HY000): SQLSTATE[HY000]: General error: 1364 Field 'tokenable_type' doesn't have a default value at E:/EliteMark/base-api/vendor/laravel/framework/src/Illuminate/Database/MySqlConnection.php:53)
[stacktrace]
#0 E:/EliteMark/base-api/vendor/laravel/framework/src/Illuminate/Database/MySqlConnection.php(53): PDOStatement->execute()
#1 E:/EliteMark/base-api/vendor/laravel/framework/src/Illuminate/Database/Connection.php(812): Illuminate/Database/MySqlConnection->Illuminate/Database/{closure}('insert into `pe...', Array)
#2 E:/EliteMark/base-api/vendor/laravel/framework/src/Illuminate/Database/Connection.php(779): Illuminate/Database/Connection->runQueryCallback('insert into `pe...', Array, Object(Closure))
#3 E:/EliteMark/base-api/vendor/laravel/framework/src/Illuminate/Database/MySqlConnection.php(42): Illuminate/Database/Connection->run('insert into `pe...', Array, Object(Closure))
#4 E:/EliteMark/base-api/vendor/laravel/framework/src/Illuminate/Database/Query/Processors/MySqlProcessor.php(35): Illuminate/Database/MySqlConnection->insert('insert into `pe...', Array, 'id')
#5 E:/EliteMark/base-api/vendor/laravel/framework/src/Illuminate/Database/Query/Builder.php(3766): Illuminate/Database/Query/Processors/MySqlProcessor->processInsertGetId(Object(Illuminate/Database/Query/Builder), 'insert into `pe...', Array, 'id')
#6 E:/EliteMark/base-api/vendor/laravel/framework/src/Illuminate/Database/Eloquent/Builder.php(2120): Illuminate/Database/Query/Builder->insertGetId(Array, 'id')
#7 E:/EliteMark/base-api/vendor/laravel/framework/src/Illuminate/Database/Eloquent/Model.php(1359): Illuminate/Database/Eloquent/Builder->__call('insertGetId', Array)
#8 E:/EliteMark/base-api/vendor/laravel/framework/src/Illuminate/Database/Eloquent/Model.php(1324): Illuminate/Database/Eloquent/Model->insertAndSetId(Object(Illuminate/Database/Eloquent/Builder), Array)
#9 E:/EliteMark/base-api/vendor/laravel/framework/src/Illuminate/Database/Eloquent/Model.php(1163): Illuminate/Database/Eloquent/Model->performInsert(Object(Illuminate/Database/Eloquent/Builder))
#10 E:/EliteMark/base-api/vendor/laravel/framework/src/Illuminate/Database/Eloquent/Relations/HasOneOrMany.php(371): Illuminate/Database/Eloquent/Model->save()
#11 E:/EliteMark/base-api/vendor/laravel/framework/src/Illuminate/Support/helpers.php(399): Illuminate/Database/Eloquent/Relations/HasOneOrMany->Illuminate/Database/Eloquent/Relations/{closure}(Object(Laravel/Sanctum/PersonalAccessToken))
#12 E:/EliteMark/base-api/vendor/laravel/framework/src/Illuminate/Database/Eloquent/Relations/HasOneOrMany.php(368): tap(Object(Laravel/Sanctum/PersonalAccessToken), Object(Closure))
#13 E:/EliteMark/base-api/vendor/laravel/sanctum/src/HasApiTokens.php(64): Illuminate/Database/Eloquent/Relations/HasOneOrMany->create(Array)
#14 E:/EliteMark/base-api/app/Services/TokenService.php(16): App/Models/User->createToken('PostmanRuntime/...', Array, Object(Illuminate/Support/Carbon))
#15 E:/EliteMark/base-api/app/Services/AuthService.php(68): App/Services/TokenService->createToken(Object(App/Models/User), 'auth-token', 'PostmanRuntime/...')
#16 E:/EliteMark/base-api/app/Http/Controllers/Api/V1/Auth/AuthController.php(46): App/Services/AuthService->login(Array)
#17 E:/EliteMark/base-api/vendor/laravel/framework/src/Illuminate/Routing/ControllerDispatcher.php(47): App/Http/Controllers/Api/V1/Auth/AuthController->login(Object(App/Http/Requests/Auth/LoginRequest))
#18 E:/EliteMark/base-api/vendor/laravel/framework/src/Illuminate/Routing/Route.php(266): Illuminate/Routing/ControllerDispatcher->dispatch(Object(Illuminate/Routing/Route), Object(App/Http/Controllers/Api/V1/Auth/AuthController), 'login')
#19 E:/EliteMark/base-api/vendor/laravel/framework/src/Illuminate/Routing/Route.php(212): Illuminate/Routing/Route->runController()
#20 E:/EliteMark/base-api/vendor/laravel/framework/src/Illuminate/Routing/Router.php(808): Illuminate/Routing/Route->run()
#21 E:/EliteMark/base-api/vendor/laravel/framework/src/Illuminate/Pipeline/Pipeline.php(170): Illuminate/Routing/Router->Illuminate/Routing/{closure}(Object(Illuminate/Http/Request))
#22 E:/EliteMark/base-api/vendor/laravel/framework/src/Illuminate/Routing/Middleware/SubstituteBindings.php(51): Illuminate/Pipeline/Pipeline->Illuminate/Pipeline/{closure}(Object(Illuminate/Http/Request))
#23 E:/EliteMark/base-api/vendor/laravel/framework/src/Illuminate/Pipeline/Pipeline.php(209): Illuminate/Routing/Middleware/SubstituteBindings->handle(Object(Illuminate/Http/Request), Object(Closure))
#24 E:/EliteMark/base-api/vendor/laravel/framework/src/Illuminate/Routing/Middleware/ThrottleRequests.php(161): Illuminate/Pipeline/Pipeline->Illuminate/Pipeline/{closure}(Object(Illuminate/Http/Request))
#25 E:/EliteMark/base-api/vendor/laravel/framework/src/Illuminate/Routing/Middleware/ThrottleRequests.php(127): Illuminate/Routing/Middleware/ThrottleRequests->handleRequest(Object(Illuminate/Http/Request), Object(Closure), Array)
#26 E:/EliteMark/base-api/vendor/laravel/framework/src/Illuminate/Routing/Middleware/ThrottleRequests.php(89): Illuminate/Routing/Middleware/ThrottleRequests->handleRequestUsingNamedLimiter(Object(Illuminate/Http/Request), Object(Closure), 'login', Object(Closure))
#27 E:/EliteMark/base-api/vendor/laravel/framework/src/Illuminate/Pipeline/Pipeline.php(209): Illuminate/Routing/Middleware/ThrottleRequests->handle(Object(Illuminate/Http/Request), Object(Closure), 'login')
#28 E:/EliteMark/base-api/app/Http/Middleware/ForceJsonResponse.php(18): Illuminate/Pipeline/Pipeline->Illuminate/Pipeline/{closure}(Object(Illuminate/Http/Request))
#29 E:/EliteMark/base-api/vendor/laravel/framework/src/Illuminate/Pipeline/Pipeline.php(209): App/Http/Middleware/ForceJsonResponse->handle(Object(Illuminate/Http/Request), Object(Closure))
#30 E:/EliteMark/base-api/vendor/laravel/framework/src/Illuminate/Pipeline/Pipeline.php(127): Illuminate/Pipeline/Pipeline->Illuminate/Pipeline/{closure}(Object(Illuminate/Http/Request))
#31 E:/EliteMark/base-api/vendor/laravel/framework/src/Illuminate/Routing/Router.php(807): Illuminate/Pipeline/Pipeline->then(Object(Closure))
#32 E:/EliteMark/base-api/vendor/laravel/framework/src/Illuminate/Routing/Router.php(786): Illuminate/Routing/Router->runRouteWithinStack(Object(Illuminate/Routing/Route), Object(Illuminate/Http/Request))
#33 E:/EliteMark/base-api/vendor/laravel/framework/src/Illuminate/Routing/Router.php(750): Illuminate/Routing/Router->runRoute(Object(Illuminate/Http/Request), Object(Illuminate/Routing/Route))
#34 E:/EliteMark/base-api/vendor/laravel/framework/src/Illuminate/Routing/Router.php(739): Illuminate/Routing/Router->dispatchToRoute(Object(Illuminate/Http/Request))
#35 E:/EliteMark/base-api/vendor/laravel/framework/src/Illuminate/Foundation/Http/Kernel.php(201): Illuminate/Routing/Router->dispatch(Object(Illuminate/Http/Request))
#36 E:/EliteMark/base-api/vendor/laravel/framework/src/Illuminate/Pipeline/Pipeline.php(170): Illuminate/Foundation/Http/Kernel->Illuminate/Foundation/Http/{closure}(Object(Illuminate/Http/Request))
#37 E:/EliteMark/base-api/vendor/laravel/framework/src/Illuminate/Foundation/Http/Middleware/TransformsRequest.php(21): Illuminate/Pipeline/Pipeline->Illuminate/Pipeline/{closure}(Object(Illuminate/Http/Request))
#38 E:/EliteMark/base-api/vendor/laravel/framework/src/Illuminate/Foundation/Http/Middleware/ConvertEmptyStringsToNull.php(31): Illuminate/Foundation/Http/Middleware/TransformsRequest->handle(Object(Illuminate/Http/Request), Object(Closure))
#39 E:/EliteMark/base-api/vendor/laravel/framework/src/Illuminate/Pipeline/Pipeline.php(209): Illuminate/Foundation/Http/Middleware/ConvertEmptyStringsToNull->handle(Object(Illuminate/Http/Request), Object(Closure))
#40 E:/EliteMark/base-api/vendor/laravel/framework/src/Illuminate/Foundation/Http/Middleware/TransformsRequest.php(21): Illuminate/Pipeline/Pipeline->Illuminate/Pipeline/{closure}(Object(Illuminate/Http/Request))
#41 E:/EliteMark/base-api/vendor/laravel/framework/src/Illuminate/Foundation/Http/Middleware/TrimStrings.php(51): Illuminate/Foundation/Http/Middleware/TransformsRequest->handle(Object(Illuminate/Http/Request), Object(Closure))
#42 E:/EliteMark/base-api/vendor/laravel/framework/src/Illuminate/Pipeline/Pipeline.php(209): Illuminate/Foundation/Http/Middleware/TrimStrings->handle(Object(Illuminate/Http/Request), Object(Closure))
#43 E:/EliteMark/base-api/vendor/laravel/framework/src/Illuminate/Http/Middleware/ValidatePostSize.php(27): Illuminate/Pipeline/Pipeline->Illuminate/Pipeline/{closure}(Object(Illuminate/Http/Request))
#44 E:/EliteMark/base-api/vendor/laravel/framework/src/Illuminate/Pipeline/Pipeline.php(209): Illuminate/Http/Middleware/ValidatePostSize->handle(Object(Illuminate/Http/Request), Object(Closure))
#45 E:/EliteMark/base-api/vendor/laravel/framework/src/Illuminate/Foundation/Http/Middleware/PreventRequestsDuringMaintenance.php(110): Illuminate/Pipeline/Pipeline->Illuminate/Pipeline/{closure}(Object(Illuminate/Http/Request))
#46 E:/EliteMark/base-api/vendor/laravel/framework/src/Illuminate/Pipeline/Pipeline.php(209): Illuminate/Foundation/Http/Middleware/PreventRequestsDuringMaintenance->handle(Object(Illuminate/Http/Request), Object(Closure))
#47 E:/EliteMark/base-api/vendor/laravel/framework/src/Illuminate/Http/Middleware/HandleCors.php(62): Illuminate/Pipeline/Pipeline->Illuminate/Pipeline/{closure}(Object(Illuminate/Http/Request))
#48 E:/EliteMark/base-api/vendor/laravel/framework/src/Illuminate/Pipeline/Pipeline.php(209): Illuminate/Http/Middleware/HandleCors->handle(Object(Illuminate/Http/Request), Object(Closure))
#49 E:/EliteMark/base-api/vendor/laravel/framework/src/Illuminate/Http/Middleware/TrustProxies.php(58): Illuminate/Pipeline/Pipeline->Illuminate/Pipeline/{closure}(Object(Illuminate/Http/Request))
#50 E:/EliteMark/base-api/vendor/laravel/framework/src/Illuminate/Pipeline/Pipeline.php(209): Illuminate/Http/Middleware/TrustProxies->handle(Object(Illuminate/Http/Request), Object(Closure))
#51 E:/EliteMark/base-api/vendor/laravel/framework/src/Illuminate/Foundation/Http/Middleware/InvokeDeferredCallbacks.php(22): Illuminate/Pipeline/Pipeline->Illuminate/Pipeline/{closure}(Object(Illuminate/Http/Request))
#52 E:/EliteMark/base-api/vendor/laravel/framework/src/Illuminate/Pipeline/Pipeline.php(209): Illuminate/Foundation/Http/Middleware/InvokeDeferredCallbacks->handle(Object(Illuminate/Http/Request), Object(Closure))
#53 E:/EliteMark/base-api/vendor/laravel/framework/src/Illuminate/Pipeline/Pipeline.php(127): Illuminate/Pipeline/Pipeline->Illuminate/Pipeline/{closure}(Object(Illuminate/Http/Request))
#54 E:/EliteMark/base-api/vendor/laravel/framework/src/Illuminate/Foundation/Http/Kernel.php(176): Illuminate/Pipeline/Pipeline->then(Object(Closure))
#55 E:/EliteMark/base-api/vendor/laravel/framework/src/Illuminate/Foundation/Http/Kernel.php(145): Illuminate/Foundation/Http/Kernel->sendRequestThroughRouter(Object(Illuminate/Http/Request))
#56 E:/EliteMark/base-api/vendor/laravel/framework/src/Illuminate/Foundation/Application.php(1220): Illuminate/Foundation/Http/Kernel->handle(Object(Illuminate/Http/Request))
#57 E:/EliteMark/base-api/public/index.php(16): Illuminate/Foundation/Application->handleRequest(Object(Illuminate/Http/Request))
#58 E:/EliteMark/base-api/vendor/laravel/framework/src/Illuminate/Foundation/resources/server.php(23): require_once('E://EliteMark//ba...')
#59 {main}
"} 
[2026-04-20 01:46:32] local.ERROR: Command "tinker" is not defined. {"exception":"[object] (Symfony\\Component\\Console\\Exception\\CommandNotFoundException(code: 0): Command \"tinker\" is not defined. at E:/EliteMark/base-api/vendor/symfony/console/Application.php:759)
[stacktrace]
#0 E:/EliteMark/base-api/vendor/symfony/console/Application.php(298): Symfony/Component/Console/Application->find('tinker')
#1 E:/EliteMark/base-api/vendor/symfony/console/Application.php(195): Symfony/Component/Console/Application->doRun(Object(Symfony/Component/Console/Input/ArgvInput), Object(Symfony/Component/Console/Output/ConsoleOutput))
#2 E:/EliteMark/base-api/vendor/laravel/framework/src/Illuminate/Foundation/Console/Kernel.php(198): Symfony/Component/Console/Application->run(Object(Symfony/Component/Console/Input/ArgvInput), Object(Symfony/Component/Console/Output/ConsoleOutput))
#3 E:/EliteMark/base-api/vendor/laravel/framework/src/Illuminate/Foundation/Application.php(1235): Illuminate/Foundation/Console/Kernel->handle(Object(Symfony/Component/Console/Input/ArgvInput), Object(Symfony/Component/Console/Output/ConsoleOutput))
#4 E:/EliteMark/base-api/artisan(16): Illuminate/Foundation/Application->handleCommand(Object(Symfony/Component/Console/Input/ArgvInput))
#5 {main}
"} 
[2026-04-20 01:48:14] local.ERROR: SQLSTATE[42S02]: Base table or view not found: 1146 Table 'laravel_api.personal_access_tokens' doesn't exist (Connection: mysql, SQL: insert into `personal_access_tokens` (`name`, `token`, `abilities`, `expires_at`, `tokenable_id`, `updated_at`, `created_at`) values (PostmanRuntime/7.37.3, ba2c9f79ba94945dc7ee9aa2b3b9ae06d114f119b561921076da76dfa8c82435, ["*"], 2026-04-27 01:48:14, 2, 2026-04-20 01:48:14, 2026-04-20 01:48:14)) {"exception":"[object] (Illuminate\\Database\\QueryException(code: 42S02): SQLSTATE[42S02]: Base table or view not found: 1146 Table 'laravel_api.personal_access_tokens' doesn't exist (Connection: mysql, SQL: insert into `personal_access_tokens` (`name`, `token`, `abilities`, `expires_at`, `tokenable_id`, `updated_at`, `created_at`) values (PostmanRuntime/7.37.3, ba2c9f79ba94945dc7ee9aa2b3b9ae06d114f119b561921076da76dfa8c82435, [\"*\"], 2026-04-27 01:48:14, 2, 2026-04-20 01:48:14, 2026-04-20 01:48:14)) at E:/EliteMark/base-api/vendor/laravel/framework/src/Illuminate/Database/Connection.php:825)
[stacktrace]
#0 E:/EliteMark/base-api/vendor/laravel/framework/src/Illuminate/Database/Connection.php(779): Illuminate/Database/Connection->runQueryCallback('insert into `pe...', Array, Object(Closure))
#1 E:/EliteMark/base-api/vendor/laravel/framework/src/Illuminate/Database/MySqlConnection.php(42): Illuminate/Database/Connection->run('insert into `pe...', Array, Object(Closure))
#2 E:/EliteMark/base-api/vendor/laravel/framework/src/Illuminate/Database/Query/Processors/MySqlProcessor.php(35): Illuminate/Database/MySqlConnection->insert('insert into `pe...', Array, 'id')
#3 E:/EliteMark/base-api/vendor/laravel/framework/src/Illuminate/Database/Query/Builder.php(3766): Illuminate/Database/Query/Processors/MySqlProcessor->processInsertGetId(Object(Illuminate/Database/Query/Builder), 'insert into `pe...', Array, 'id')
#4 E:/EliteMark/base-api/vendor/laravel/framework/src/Illuminate/Database/Eloquent/Builder.php(2120): Illuminate/Database/Query/Builder->insertGetId(Array, 'id')
#5 E:/EliteMark/base-api/vendor/laravel/framework/src/Illuminate/Database/Eloquent/Model.php(1359): Illuminate/Database/Eloquent/Builder->__call('insertGetId', Array)
#6 E:/EliteMark/base-api/vendor/laravel/framework/src/Illuminate/Database/Eloquent/Model.php(1324): Illuminate/Database/Eloquent/Model->insertAndSetId(Object(Illuminate/Database/Eloquent/Builder), Array)
#7 E:/EliteMark/base-api/vendor/laravel/framework/src/Illuminate/Database/Eloquent/Model.php(1163): Illuminate/Database/Eloquent/Model->performInsert(Object(Illuminate/Database/Eloquent/Builder))
#8 E:/EliteMark/base-api/vendor/laravel/framework/src/Illuminate/Database/Eloquent/Relations/HasOneOrMany.php(371): Illuminate/Database/Eloquent/Model->save()
#9 E:/EliteMark/base-api/vendor/laravel/framework/src/Illuminate/Support/helpers.php(399): Illuminate/Database/Eloquent/Relations/HasOneOrMany->Illuminate/Database/Eloquent/Relations/{closure}(Object(Laravel/Sanctum/PersonalAccessToken))
#10 E:/EliteMark/base-api/vendor/laravel/framework/src/Illuminate/Database/Eloquent/Relations/HasOneOrMany.php(368): tap(Object(Laravel/Sanctum/PersonalAccessToken), Object(Closure))
#11 E:/EliteMark/base-api/vendor/laravel/sanctum/src/HasApiTokens.php(64): Illuminate/Database/Eloquent/Relations/HasOneOrMany->create(Array)
#12 E:/EliteMark/base-api/app/Services/TokenService.php(16): App/Models/User->createToken('PostmanRuntime/...', Array, Object(Illuminate/Support/Carbon))
#13 E:/EliteMark/base-api/app/Services/AuthService.php(68): App/Services/TokenService->createToken(Object(App/Models/User), 'auth-token', 'PostmanRuntime/...')
#14 E:/EliteMark/base-api/app/Http/Controllers/Api/V1/Auth/AuthController.php(46): App/Services/AuthService->login(Array)
#15 E:/EliteMark/base-api/vendor/laravel/framework/src/Illuminate/Routing/ControllerDispatcher.php(47): App/Http/Controllers/Api/V1/Auth/AuthController->login(Object(App/Http/Requests/Auth/LoginRequest))
#16 E:/EliteMark/base-api/vendor/laravel/framework/src/Illuminate/Routing/Route.php(266): Illuminate/Routing/ControllerDispatcher->dispatch(Object(Illuminate/Routing/Route), Object(App/Http/Controllers/Api/V1/Auth/AuthController), 'login')
#17 E:/EliteMark/base-api/vendor/laravel/framework/src/Illuminate/Routing/Route.php(212): Illuminate/Routing/Route->runController()
#18 E:/EliteMark/base-api/vendor/laravel/framework/src/Illuminate/Routing/Router.php(808): Illuminate/Routing/Route->run()
#19 E:/EliteMark/base-api/vendor/laravel/framework/src/Illuminate/Pipeline/Pipeline.php(170): Illuminate/Routing/Router->Illuminate/Routing/{closure}(Object(Illuminate/Http/Request))
#20 E:/EliteMark/base-api/vendor/laravel/framework/src/Illuminate/Routing/Middleware/SubstituteBindings.php(51): Illuminate/Pipeline/Pipeline->Illuminate/Pipeline/{closure}(Object(Illuminate/Http/Request))
#21 E:/EliteMark/base-api/vendor/laravel/framework/src/Illuminate/Pipeline/Pipeline.php(209): Illuminate/Routing/Middleware/SubstituteBindings->handle(Object(Illuminate/Http/Request), Object(Closure))
#22 E:/EliteMark/base-api/vendor/laravel/framework/src/Illuminate/Routing/Middleware/ThrottleRequests.php(161): Illuminate/Pipeline/Pipeline->Illuminate/Pipeline/{closure}(Object(Illuminate/Http/Request))
#23 E:/EliteMark/base-api/vendor/laravel/framework/src/Illuminate/Routing/Middleware/ThrottleRequests.php(127): Illuminate/Routing/Middleware/ThrottleRequests->handleRequest(Object(Illuminate/Http/Request), Object(Closure), Array)
#24 E:/EliteMark/base-api/vendor/laravel/framework/src/Illuminate/Routing/Middleware/ThrottleRequests.php(89): Illuminate/Routing/Middleware/ThrottleRequests->handleRequestUsingNamedLimiter(Object(Illuminate/Http/Request), Object(Closure), 'login', Object(Closure))
#25 E:/EliteMark/base-api/vendor/laravel/framework/src/Illuminate/Pipeline/Pipeline.php(209): Illuminate/Routing/Middleware/ThrottleRequests->handle(Object(Illuminate/Http/Request), Object(Closure), 'login')
#26 E:/EliteMark/base-api/app/Http/Middleware/ForceJsonResponse.php(18): Illuminate/Pipeline/Pipeline->Illuminate/Pipeline/{closure}(Object(Illuminate/Http/Request))
#27 E:/EliteMark/base-api/vendor/laravel/framework/src/Illuminate/Pipeline/Pipeline.php(209): App/Http/Middleware/ForceJsonResponse->handle(Object(Illuminate/Http/Request), Object(Closure))
#28 E:/EliteMark/base-api/vendor/laravel/framework/src/Illuminate/Pipeline/Pipeline.php(127): Illuminate/Pipeline/Pipeline->Illuminate/Pipeline/{closure}(Object(Illuminate/Http/Request))
#29 E:/EliteMark/base-api/vendor/laravel/framework/src/Illuminate/Routing/Router.php(807): Illuminate/Pipeline/Pipeline->then(Object(Closure))
#30 E:/EliteMark/base-api/vendor/laravel/framework/src/Illuminate/Routing/Router.php(786): Illuminate/Routing/Router->runRouteWithinStack(Object(Illuminate/Routing/Route), Object(Illuminate/Http/Request))
#31 E:/EliteMark/base-api/vendor/laravel/framework/src/Illuminate/Routing/Router.php(750): Illuminate/Routing/Router->runRoute(Object(Illuminate/Http/Request), Object(Illuminate/Routing/Route))
#32 E:/EliteMark/base-api/vendor/laravel/framework/src/Illuminate/Routing/Router.php(739): Illuminate/Routing/Router->dispatchToRoute(Object(Illuminate/Http/Request))
#33 E:/EliteMark/base-api/vendor/laravel/framework/src/Illuminate/Foundation/Http/Kernel.php(201): Illuminate/Routing/Router->dispatch(Object(Illuminate/Http/Request))
#34 E:/EliteMark/base-api/vendor/laravel/framework/src/Illuminate/Pipeline/Pipeline.php(170): Illuminate/Foundation/Http/Kernel->Illuminate/Foundation/Http/{closure}(Object(Illuminate/Http/Request))
#35 E:/EliteMark/base-api/vendor/laravel/framework/src/Illuminate/Foundation/Http/Middleware/TransformsRequest.php(21): Illuminate/Pipeline/Pipeline->Illuminate/Pipeline/{closure}(Object(Illuminate/Http/Request))
#36 E:/EliteMark/base-api/vendor/laravel/framework/src/Illuminate/Foundation/Http/Middleware/ConvertEmptyStringsToNull.php(31): Illuminate/Foundation/Http/Middleware/TransformsRequest->handle(Object(Illuminate/Http/Request), Object(Closure))
#37 E:/EliteMark/base-api/vendor/laravel/framework/src/Illuminate/Pipeline/Pipeline.php(209): Illuminate/Foundation/Http/Middleware/ConvertEmptyStringsToNull->handle(Object(Illuminate/Http/Request), Object(Closure))
#38 E:/EliteMark/base-api/vendor/laravel/framework/src/Illuminate/Foundation/Http/Middleware/TransformsRequest.php(21): Illuminate/Pipeline/Pipeline->Illuminate/Pipeline/{closure}(Object(Illuminate/Http/Request))
#39 E:/EliteMark/base-api/vendor/laravel/framework/src/Illuminate/Foundation/Http/Middleware/TrimStrings.php(51): Illuminate/Foundation/Http/Middleware/TransformsRequest->handle(Object(Illuminate/Http/Request), Object(Closure))
#40 E:/EliteMark/base-api/vendor/laravel/framework/src/Illuminate/Pipeline/Pipeline.php(209): Illuminate/Foundation/Http/Middleware/TrimStrings->handle(Object(Illuminate/Http/Request), Object(Closure))
#41 E:/EliteMark/base-api/vendor/laravel/framework/src/Illuminate/Http/Middleware/ValidatePostSize.php(27): Illuminate/Pipeline/Pipeline->Illuminate/Pipeline/{closure}(Object(Illuminate/Http/Request))
#42 E:/EliteMark/base-api/vendor/laravel/framework/src/Illuminate/Pipeline/Pipeline.php(209): Illuminate/Http/Middleware/ValidatePostSize->handle(Object(Illuminate/Http/Request), Object(Closure))
#43 E:/EliteMark/base-api/vendor/laravel/framework/src/Illuminate/Foundation/Http/Middleware/PreventRequestsDuringMaintenance.php(110): Illuminate/Pipeline/Pipeline->Illuminate/Pipeline/{closure}(Object(Illuminate/Http/Request))
#44 E:/EliteMark/base-api/vendor/laravel/framework/src/Illuminate/Pipeline/Pipeline.php(209): Illuminate/Foundation/Http/Middleware/PreventRequestsDuringMaintenance->handle(Object(Illuminate/Http/Request), Object(Closure))
#45 E:/EliteMark/base-api/vendor/laravel/framework/src/Illuminate/Http/Middleware/HandleCors.php(62): Illuminate/Pipeline/Pipeline->Illuminate/Pipeline/{closure}(Object(Illuminate/Http/Request))
#46 E:/EliteMark/base-api/vendor/laravel/framework/src/Illuminate/Pipeline/Pipeline.php(209): Illuminate/Http/Middleware/HandleCors->handle(Object(Illuminate/Http/Request), Object(Closure))
#47 E:/EliteMark/base-api/vendor/laravel/framework/src/Illuminate/Http/Middleware/TrustProxies.php(58): Illuminate/Pipeline/Pipeline->Illuminate/Pipeline/{closure}(Object(Illuminate/Http/Request))
#48 E:/EliteMark/base-api/vendor/laravel/framework/src/Illuminate/Pipeline/Pipeline.php(209): Illuminate/Http/Middleware/TrustProxies->handle(Object(Illuminate/Http/Request), Object(Closure))
#49 E:/EliteMark/base-api/vendor/laravel/framework/src/Illuminate/Foundation/Http/Middleware/InvokeDeferredCallbacks.php(22): Illuminate/Pipeline/Pipeline->Illuminate/Pipeline/{closure}(Object(Illuminate/Http/Request))
#50 E:/EliteMark/base-api/vendor/laravel/framework/src/Illuminate/Pipeline/Pipeline.php(209): Illuminate/Foundation/Http/Middleware/InvokeDeferredCallbacks->handle(Object(Illuminate/Http/Request), Object(Closure))
#51 E:/EliteMark/base-api/vendor/laravel/framework/src/Illuminate/Pipeline/Pipeline.php(127): Illuminate/Pipeline/Pipeline->Illuminate/Pipeline/{closure}(Object(Illuminate/Http/Request))
#52 E:/EliteMark/base-api/vendor/laravel/framework/src/Illuminate/Foundation/Http/Kernel.php(176): Illuminate/Pipeline/Pipeline->then(Object(Closure))
#53 E:/EliteMark/base-api/vendor/laravel/framework/src/Illuminate/Foundation/Http/Kernel.php(145): Illuminate/Foundation/Http/Kernel->sendRequestThroughRouter(Object(Illuminate/Http/Request))
#54 E:/EliteMark/base-api/vendor/laravel/framework/src/Illuminate/Foundation/Application.php(1220): Illuminate/Foundation/Http/Kernel->handle(Object(Illuminate/Http/Request))
#55 E:/EliteMark/base-api/public/index.php(16): Illuminate/Foundation/Application->handleRequest(Object(Illuminate/Http/Request))
#56 E:/EliteMark/base-api/vendor/laravel/framework/src/Illuminate/Foundation/resources/server.php(23): require_once('E://EliteMark//ba...')
#57 {main}

[previous exception] [object] (PDOException(code: 42S02): SQLSTATE[42S02]: Base table or view not found: 1146 Table 'laravel_api.personal_access_tokens' doesn't exist at E:/EliteMark/base-api/vendor/laravel/framework/src/Illuminate/Database/MySqlConnection.php:47)
[stacktrace]
#0 E:/EliteMark/base-api/vendor/laravel/framework/src/Illuminate/Database/MySqlConnection.php(47): PDO->prepare('insert into `pe...')
#1 E:/EliteMark/base-api/vendor/laravel/framework/src/Illuminate/Database/Connection.php(812): Illuminate/Database/MySqlConnection->Illuminate/Database/{closure}('insert into `pe...', Array)
#2 E:/EliteMark/base-api/vendor/laravel/framework/src/Illuminate/Database/Connection.php(779): Illuminate/Database/Connection->runQueryCallback('insert into `pe...', Array, Object(Closure))
#3 E:/EliteMark/base-api/vendor/laravel/framework/src/Illuminate/Database/MySqlConnection.php(42): Illuminate/Database/Connection->run('insert into `pe...', Array, Object(Closure))
#4 E:/EliteMark/base-api/vendor/laravel/framework/src/Illuminate/Database/Query/Processors/MySqlProcessor.php(35): Illuminate/Database/MySqlConnection->insert('insert into `pe...', Array, 'id')
#5 E:/EliteMark/base-api/vendor/laravel/framework/src/Illuminate/Database/Query/Builder.php(3766): Illuminate/Database/Query/Processors/MySqlProcessor->processInsertGetId(Object(Illuminate/Database/Query/Builder), 'insert into `pe...', Array, 'id')
#6 E:/EliteMark/base-api/vendor/laravel/framework/src/Illuminate/Database/Eloquent/Builder.php(2120): Illuminate/Database/Query/Builder->insertGetId(Array, 'id')
#7 E:/EliteMark/base-api/vendor/laravel/framework/src/Illuminate/Database/Eloquent/Model.php(1359): Illuminate/Database/Eloquent/Builder->__call('insertGetId', Array)
#8 E:/EliteMark/base-api/vendor/laravel/framework/src/Illuminate/Database/Eloquent/Model.php(1324): Illuminate/Database/Eloquent/Model->insertAndSetId(Object(Illuminate/Database/Eloquent/Builder), Array)
#9 E:/EliteMark/base-api/vendor/laravel/framework/src/Illuminate/Database/Eloquent/Model.php(1163): Illuminate/Database/Eloquent/Model->performInsert(Object(Illuminate/Database/Eloquent/Builder))
#10 E:/EliteMark/base-api/vendor/laravel/framework/src/Illuminate/Database/Eloquent/Relations/HasOneOrMany.php(371): Illuminate/Database/Eloquent/Model->save()
#11 E:/EliteMark/base-api/vendor/laravel/framework/src/Illuminate/Support/helpers.php(399): Illuminate/Database/Eloquent/Relations/HasOneOrMany->Illuminate/Database/Eloquent/Relations/{closure}(Object(Laravel/Sanctum/PersonalAccessToken))
#12 E:/EliteMark/base-api/vendor/laravel/framework/src/Illuminate/Database/Eloquent/Relations/HasOneOrMany.php(368): tap(Object(Laravel/Sanctum/PersonalAccessToken), Object(Closure))
#13 E:/EliteMark/base-api/vendor/laravel/sanctum/src/HasApiTokens.php(64): Illuminate/Database/Eloquent/Relations/HasOneOrMany->create(Array)
#14 E:/EliteMark/base-api/app/Services/TokenService.php(16): App/Models/User->createToken('PostmanRuntime/...', Array, Object(Illuminate/Support/Carbon))
#15 E:/EliteMark/base-api/app/Services/AuthService.php(68): App/Services/TokenService->createToken(Object(App/Models/User), 'auth-token', 'PostmanRuntime/...')
#16 E:/EliteMark/base-api/app/Http/Controllers/Api/V1/Auth/AuthController.php(46): App/Services/AuthService->login(Array)
#17 E:/EliteMark/base-api/vendor/laravel/framework/src/Illuminate/Routing/ControllerDispatcher.php(47): App/Http/Controllers/Api/V1/Auth/AuthController->login(Object(App/Http/Requests/Auth/LoginRequest))
#18 E:/EliteMark/base-api/vendor/laravel/framework/src/Illuminate/Routing/Route.php(266): Illuminate/Routing/ControllerDispatcher->dispatch(Object(Illuminate/Routing/Route), Object(App/Http/Controllers/Api/V1/Auth/AuthController), 'login')
#19 E:/EliteMark/base-api/vendor/laravel/framework/src/Illuminate/Routing/Route.php(212): Illuminate/Routing/Route->runController()
#20 E:/EliteMark/base-api/vendor/laravel/framework/src/Illuminate/Routing/Router.php(808): Illuminate/Routing/Route->run()
#21 E:/EliteMark/base-api/vendor/laravel/framework/src/Illuminate/Pipeline/Pipeline.php(170): Illuminate/Routing/Router->Illuminate/Routing/{closure}(Object(Illuminate/Http/Request))
#22 E:/EliteMark/base-api/vendor/laravel/framework/src/Illuminate/Routing/Middleware/SubstituteBindings.php(51): Illuminate/Pipeline/Pipeline->Illuminate/Pipeline/{closure}(Object(Illuminate/Http/Request))
#23 E:/EliteMark/base-api/vendor/laravel/framework/src/Illuminate/Pipeline/Pipeline.php(209): Illuminate/Routing/Middleware/SubstituteBindings->handle(Object(Illuminate/Http/Request), Object(Closure))
#24 E:/EliteMark/base-api/vendor/laravel/framework/src/Illuminate/Routing/Middleware/ThrottleRequests.php(161): Illuminate/Pipeline/Pipeline->Illuminate/Pipeline/{closure}(Object(Illuminate/Http/Request))
#25 E:/EliteMark/base-api/vendor/laravel/framework/src/Illuminate/Routing/Middleware/ThrottleRequests.php(127): Illuminate/Routing/Middleware/ThrottleRequests->handleRequest(Object(Illuminate/Http/Request), Object(Closure), Array)
#26 E:/EliteMark/base-api/vendor/laravel/framework/src/Illuminate/Routing/Middleware/ThrottleRequests.php(89): Illuminate/Routing/Middleware/ThrottleRequests->handleRequestUsingNamedLimiter(Object(Illuminate/Http/Request), Object(Closure), 'login', Object(Closure))
#27 E:/EliteMark/base-api/vendor/laravel/framework/src/Illuminate/Pipeline/Pipeline.php(209): Illuminate/Routing/Middleware/ThrottleRequests->handle(Object(Illuminate/Http/Request), Object(Closure), 'login')
#28 E:/EliteMark/base-api/app/Http/Middleware/ForceJsonResponse.php(18): Illuminate/Pipeline/Pipeline->Illuminate/Pipeline/{closure}(Object(Illuminate/Http/Request))
#29 E:/EliteMark/base-api/vendor/laravel/framework/src/Illuminate/Pipeline/Pipeline.php(209): App/Http/Middleware/ForceJsonResponse->handle(Object(Illuminate/Http/Request), Object(Closure))
#30 E:/EliteMark/base-api/vendor/laravel/framework/src/Illuminate/Pipeline/Pipeline.php(127): Illuminate/Pipeline/Pipeline->Illuminate/Pipeline/{closure}(Object(Illuminate/Http/Request))
#31 E:/EliteMark/base-api/vendor/laravel/framework/src/Illuminate/Routing/Router.php(807): Illuminate/Pipeline/Pipeline->then(Object(Closure))
#32 E:/EliteMark/base-api/vendor/laravel/framework/src/Illuminate/Routing/Router.php(786): Illuminate/Routing/Router->runRouteWithinStack(Object(Illuminate/Routing/Route), Object(Illuminate/Http/Request))
#33 E:/EliteMark/base-api/vendor/laravel/framework/src/Illuminate/Routing/Router.php(750): Illuminate/Routing/Router->runRoute(Object(Illuminate/Http/Request), Object(Illuminate/Routing/Route))
#34 E:/EliteMark/base-api/vendor/laravel/framework/src/Illuminate/Routing/Router.php(739): Illuminate/Routing/Router->dispatchToRoute(Object(Illuminate/Http/Request))
#35 E:/EliteMark/base-api/vendor/laravel/framework/src/Illuminate/Foundation/Http/Kernel.php(201): Illuminate/Routing/Router->dispatch(Object(Illuminate/Http/Request))
#36 E:/EliteMark/base-api/vendor/laravel/framework/src/Illuminate/Pipeline/Pipeline.php(170): Illuminate/Foundation/Http/Kernel->Illuminate/Foundation/Http/{closure}(Object(Illuminate/Http/Request))
#37 E:/EliteMark/base-api/vendor/laravel/framework/src/Illuminate/Foundation/Http/Middleware/TransformsRequest.php(21): Illuminate/Pipeline/Pipeline->Illuminate/Pipeline/{closure}(Object(Illuminate/Http/Request))
#38 E:/EliteMark/base-api/vendor/laravel/framework/src/Illuminate/Foundation/Http/Middleware/ConvertEmptyStringsToNull.php(31): Illuminate/Foundation/Http/Middleware/TransformsRequest->handle(Object(Illuminate/Http/Request), Object(Closure))
#39 E:/EliteMark/base-api/vendor/laravel/framework/src/Illuminate/Pipeline/Pipeline.php(209): Illuminate/Foundation/Http/Middleware/ConvertEmptyStringsToNull->handle(Object(Illuminate/Http/Request), Object(Closure))
#40 E:/EliteMark/base-api/vendor/laravel/framework/src/Illuminate/Foundation/Http/Middleware/TransformsRequest.php(21): Illuminate/Pipeline/Pipeline->Illuminate/Pipeline/{closure}(Object(Illuminate/Http/Request))
#41 E:/EliteMark/base-api/vendor/laravel/framework/src/Illuminate/Foundation/Http/Middleware/TrimStrings.php(51): Illuminate/Foundation/Http/Middleware/TransformsRequest->handle(Object(Illuminate/Http/Request), Object(Closure))
#42 E:/EliteMark/base-api/vendor/laravel/framework/src/Illuminate/Pipeline/Pipeline.php(209): Illuminate/Foundation/Http/Middleware/TrimStrings->handle(Object(Illuminate/Http/Request), Object(Closure))
#43 E:/EliteMark/base-api/vendor/laravel/framework/src/Illuminate/Http/Middleware/ValidatePostSize.php(27): Illuminate/Pipeline/Pipeline->Illuminate/Pipeline/{closure}(Object(Illuminate/Http/Request))
#44 E:/EliteMark/base-api/vendor/laravel/framework/src/Illuminate/Pipeline/Pipeline.php(209): Illuminate/Http/Middleware/ValidatePostSize->handle(Object(Illuminate/Http/Request), Object(Closure))
#45 E:/EliteMark/base-api/vendor/laravel/framework/src/Illuminate/Foundation/Http/Middleware/PreventRequestsDuringMaintenance.php(110): Illuminate/Pipeline/Pipeline->Illuminate/Pipeline/{closure}(Object(Illuminate/Http/Request))
#46 E:/EliteMark/base-api/vendor/laravel/framework/src/Illuminate/Pipeline/Pipeline.php(209): Illuminate/Foundation/Http/Middleware/PreventRequestsDuringMaintenance->handle(Object(Illuminate/Http/Request), Object(Closure))
#47 E:/EliteMark/base-api/vendor/laravel/framework/src/Illuminate/Http/Middleware/HandleCors.php(62): Illuminate/Pipeline/Pipeline->Illuminate/Pipeline/{closure}(Object(Illuminate/Http/Request))
#48 E:/EliteMark/base-api/vendor/laravel/framework/src/Illuminate/Pipeline/Pipeline.php(209): Illuminate/Http/Middleware/HandleCors->handle(Object(Illuminate/Http/Request), Object(Closure))
#49 E:/EliteMark/base-api/vendor/laravel/framework/src/Illuminate/Http/Middleware/TrustProxies.php(58): Illuminate/Pipeline/Pipeline->Illuminate/Pipeline/{closure}(Object(Illuminate/Http/Request))
#50 E:/EliteMark/base-api/vendor/laravel/framework/src/Illuminate/Pipeline/Pipeline.php(209): Illuminate/Http/Middleware/TrustProxies->handle(Object(Illuminate/Http/Request), Object(Closure))
#51 E:/EliteMark/base-api/vendor/laravel/framework/src/Illuminate/Foundation/Http/Middleware/InvokeDeferredCallbacks.php(22): Illuminate/Pipeline/Pipeline->Illuminate/Pipeline/{closure}(Object(Illuminate/Http/Request))
#52 E:/EliteMark/base-api/vendor/laravel/framework/src/Illuminate/Pipeline/Pipeline.php(209): Illuminate/Foundation/Http/Middleware/InvokeDeferredCallbacks->handle(Object(Illuminate/Http/Request), Object(Closure))
#53 E:/EliteMark/base-api/vendor/laravel/framework/src/Illuminate/Pipeline/Pipeline.php(127): Illuminate/Pipeline/Pipeline->Illuminate/Pipeline/{closure}(Object(Illuminate/Http/Request))
#54 E:/EliteMark/base-api/vendor/laravel/framework/src/Illuminate/Foundation/Http/Kernel.php(176): Illuminate/Pipeline/Pipeline->then(Object(Closure))
#55 E:/EliteMark/base-api/vendor/laravel/framework/src/Illuminate/Foundation/Http/Kernel.php(145): Illuminate/Foundation/Http/Kernel->sendRequestThroughRouter(Object(Illuminate/Http/Request))
#56 E:/EliteMark/base-api/vendor/laravel/framework/src/Illuminate/Foundation/Application.php(1220): Illuminate/Foundation/Http/Kernel->handle(Object(Illuminate/Http/Request))
#57 E:/EliteMark/base-api/public/index.php(16): Illuminate/Foundation/Application->handleRequest(Object(Illuminate/Http/Request))
#58 E:/EliteMark/base-api/vendor/laravel/framework/src/Illuminate/Foundation/resources/server.php(23): require_once('E://EliteMark//ba...')
#59 {main}
"} 
[2026-04-20 01:48:33] local.ERROR: SQLSTATE[HY000]: General error: 1364 Field 'tokenable_type' doesn't have a default value (Connection: mysql, SQL: insert into `personal_access_tokens` (`name`, `token`, `abilities`, `expires_at`, `tokenable_id`, `updated_at`, `created_at`) values (PostmanRuntime/7.37.3, e0f41ad91acb4bd55501ab0defa69cd298951df34440251cc142a038ff638015, ["*"], 2026-04-27 01:48:33, 2, 2026-04-20 01:48:33, 2026-04-20 01:48:33)) {"exception":"[object] (Illuminate\\Database\\QueryException(code: HY000): SQLSTATE[HY000]: General error: 1364 Field 'tokenable_type' doesn't have a default value (Connection: mysql, SQL: insert into `personal_access_tokens` (`name`, `token`, `abilities`, `expires_at`, `tokenable_id`, `updated_at`, `created_at`) values (PostmanRuntime/7.37.3, e0f41ad91acb4bd55501ab0defa69cd298951df34440251cc142a038ff638015, [\"*\"], 2026-04-27 01:48:33, 2, 2026-04-20 01:48:33, 2026-04-20 01:48:33)) at E:/EliteMark/base-api/vendor/laravel/framework/src/Illuminate/Database/Connection.php:825)
[stacktrace]
#0 E:/EliteMark/base-api/vendor/laravel/framework/src/Illuminate/Database/Connection.php(779): Illuminate/Database/Connection->runQueryCallback('insert into `pe...', Array, Object(Closure))
#1 E:/EliteMark/base-api/vendor/laravel/framework/src/Illuminate/Database/MySqlConnection.php(42): Illuminate/Database/Connection->run('insert into `pe...', Array, Object(Closure))
#2 E:/EliteMark/base-api/vendor/laravel/framework/src/Illuminate/Database/Query/Processors/MySqlProcessor.php(35): Illuminate/Database/MySqlConnection->insert('insert into `pe...', Array, 'id')
#3 E:/EliteMark/base-api/vendor/laravel/framework/src/Illuminate/Database/Query/Builder.php(3766): Illuminate/Database/Query/Processors/MySqlProcessor->processInsertGetId(Object(Illuminate/Database/Query/Builder), 'insert into `pe...', Array, 'id')
#4 E:/EliteMark/base-api/vendor/laravel/framework/src/Illuminate/Database/Eloquent/Builder.php(2120): Illuminate/Database/Query/Builder->insertGetId(Array, 'id')
#5 E:/EliteMark/base-api/vendor/laravel/framework/src/Illuminate/Database/Eloquent/Model.php(1359): Illuminate/Database/Eloquent/Builder->__call('insertGetId', Array)
#6 E:/EliteMark/base-api/vendor/laravel/framework/src/Illuminate/Database/Eloquent/Model.php(1324): Illuminate/Database/Eloquent/Model->insertAndSetId(Object(Illuminate/Database/Eloquent/Builder), Array)
#7 E:/EliteMark/base-api/vendor/laravel/framework/src/Illuminate/Database/Eloquent/Model.php(1163): Illuminate/Database/Eloquent/Model->performInsert(Object(Illuminate/Database/Eloquent/Builder))
#8 E:/EliteMark/base-api/vendor/laravel/framework/src/Illuminate/Database/Eloquent/Relations/HasOneOrMany.php(371): Illuminate/Database/Eloquent/Model->save()
#9 E:/EliteMark/base-api/vendor/laravel/framework/src/Illuminate/Support/helpers.php(399): Illuminate/Database/Eloquent/Relations/HasOneOrMany->Illuminate/Database/Eloquent/Relations/{closure}(Object(Laravel/Sanctum/PersonalAccessToken))
#10 E:/EliteMark/base-api/vendor/laravel/framework/src/Illuminate/Database/Eloquent/Relations/HasOneOrMany.php(368): tap(Object(Laravel/Sanctum/PersonalAccessToken), Object(Closure))
#11 E:/EliteMark/base-api/vendor/laravel/sanctum/src/HasApiTokens.php(64): Illuminate/Database/Eloquent/Relations/HasOneOrMany->create(Array)
#12 E:/EliteMark/base-api/app/Services/TokenService.php(16): App/Models/User->createToken('PostmanRuntime/...', Array, Object(Illuminate/Support/Carbon))
#13 E:/EliteMark/base-api/app/Services/AuthService.php(68): App/Services/TokenService->createToken(Object(App/Models/User), 'auth-token', 'PostmanRuntime/...')
#14 E:/EliteMark/base-api/app/Http/Controllers/Api/V1/Auth/AuthController.php(46): App/Services/AuthService->login(Array)
#15 E:/EliteMark/base-api/vendor/laravel/framework/src/Illuminate/Routing/ControllerDispatcher.php(47): App/Http/Controllers/Api/V1/Auth/AuthController->login(Object(App/Http/Requests/Auth/LoginRequest))
#16 E:/EliteMark/base-api/vendor/laravel/framework/src/Illuminate/Routing/Route.php(266): Illuminate/Routing/ControllerDispatcher->dispatch(Object(Illuminate/Routing/Route), Object(App/Http/Controllers/Api/V1/Auth/AuthController), 'login')
#17 E:/EliteMark/base-api/vendor/laravel/framework/src/Illuminate/Routing/Route.php(212): Illuminate/Routing/Route->runController()
#18 E:/EliteMark/base-api/vendor/laravel/framework/src/Illuminate/Routing/Router.php(808): Illuminate/Routing/Route->run()
#19 E:/EliteMark/base-api/vendor/laravel/framework/src/Illuminate/Pipeline/Pipeline.php(170): Illuminate/Routing/Router->Illuminate/Routing/{closure}(Object(Illuminate/Http/Request))
#20 E:/EliteMark/base-api/vendor/laravel/framework/src/Illuminate/Routing/Middleware/SubstituteBindings.php(51): Illuminate/Pipeline/Pipeline->Illuminate/Pipeline/{closure}(Object(Illuminate/Http/Request))
#21 E:/EliteMark/base-api/vendor/laravel/framework/src/Illuminate/Pipeline/Pipeline.php(209): Illuminate/Routing/Middleware/SubstituteBindings->handle(Object(Illuminate/Http/Request), Object(Closure))
#22 E:/EliteMark/base-api/vendor/laravel/framework/src/Illuminate/Routing/Middleware/ThrottleRequests.php(161): Illuminate/Pipeline/Pipeline->Illuminate/Pipeline/{closure}(Object(Illuminate/Http/Request))
#23 E:/EliteMark/base-api/vendor/laravel/framework/src/Illuminate/Routing/Middleware/ThrottleRequests.php(127): Illuminate/Routing/Middleware/ThrottleRequests->handleRequest(Object(Illuminate/Http/Request), Object(Closure), Array)
#24 E:/EliteMark/base-api/vendor/laravel/framework/src/Illuminate/Routing/Middleware/ThrottleRequests.php(89): Illuminate/Routing/Middleware/ThrottleRequests->handleRequestUsingNamedLimiter(Object(Illuminate/Http/Request), Object(Closure), 'login', Object(Closure))
#25 E:/EliteMark/base-api/vendor/laravel/framework/src/Illuminate/Pipeline/Pipeline.php(209): Illuminate/Routing/Middleware/ThrottleRequests->handle(Object(Illuminate/Http/Request), Object(Closure), 'login')
#26 E:/EliteMark/base-api/app/Http/Middleware/ForceJsonResponse.php(18): Illuminate/Pipeline/Pipeline->Illuminate/Pipeline/{closure}(Object(Illuminate/Http/Request))
#27 E:/EliteMark/base-api/vendor/laravel/framework/src/Illuminate/Pipeline/Pipeline.php(209): App/Http/Middleware/ForceJsonResponse->handle(Object(Illuminate/Http/Request), Object(Closure))
#28 E:/EliteMark/base-api/vendor/laravel/framework/src/Illuminate/Pipeline/Pipeline.php(127): Illuminate/Pipeline/Pipeline->Illuminate/Pipeline/{closure}(Object(Illuminate/Http/Request))
#29 E:/EliteMark/base-api/vendor/laravel/framework/src/Illuminate/Routing/Router.php(807): Illuminate/Pipeline/Pipeline->then(Object(Closure))
#30 E:/EliteMark/base-api/vendor/laravel/framework/src/Illuminate/Routing/Router.php(786): Illuminate/Routing/Router->runRouteWithinStack(Object(Illuminate/Routing/Route), Object(Illuminate/Http/Request))
#31 E:/EliteMark/base-api/vendor/laravel/framework/src/Illuminate/Routing/Router.php(750): Illuminate/Routing/Router->runRoute(Object(Illuminate/Http/Request), Object(Illuminate/Routing/Route))
#32 E:/EliteMark/base-api/vendor/laravel/framework/src/Illuminate/Routing/Router.php(739): Illuminate/Routing/Router->dispatchToRoute(Object(Illuminate/Http/Request))
#33 E:/EliteMark/base-api/vendor/laravel/framework/src/Illuminate/Foundation/Http/Kernel.php(201): Illuminate/Routing/Router->dispatch(Object(Illuminate/Http/Request))
#34 E:/EliteMark/base-api/vendor/laravel/framework/src/Illuminate/Pipeline/Pipeline.php(170): Illuminate/Foundation/Http/Kernel->Illuminate/Foundation/Http/{closure}(Object(Illuminate/Http/Request))
#35 E:/EliteMark/base-api/vendor/laravel/framework/src/Illuminate/Foundation/Http/Middleware/TransformsRequest.php(21): Illuminate/Pipeline/Pipeline->Illuminate/Pipeline/{closure}(Object(Illuminate/Http/Request))
#36 E:/EliteMark/base-api/vendor/laravel/framework/src/Illuminate/Foundation/Http/Middleware/ConvertEmptyStringsToNull.php(31): Illuminate/Foundation/Http/Middleware/TransformsRequest->handle(Object(Illuminate/Http/Request), Object(Closure))
#37 E:/EliteMark/base-api/vendor/laravel/framework/src/Illuminate/Pipeline/Pipeline.php(209): Illuminate/Foundation/Http/Middleware/ConvertEmptyStringsToNull->handle(Object(Illuminate/Http/Request), Object(Closure))
#38 E:/EliteMark/base-api/vendor/laravel/framework/src/Illuminate/Foundation/Http/Middleware/TransformsRequest.php(21): Illuminate/Pipeline/Pipeline->Illuminate/Pipeline/{closure}(Object(Illuminate/Http/Request))
#39 E:/EliteMark/base-api/vendor/laravel/framework/src/Illuminate/Foundation/Http/Middleware/TrimStrings.php(51): Illuminate/Foundation/Http/Middleware/TransformsRequest->handle(Object(Illuminate/Http/Request), Object(Closure))
#40 E:/EliteMark/base-api/vendor/laravel/framework/src/Illuminate/Pipeline/Pipeline.php(209): Illuminate/Foundation/Http/Middleware/TrimStrings->handle(Object(Illuminate/Http/Request), Object(Closure))
#41 E:/EliteMark/base-api/vendor/laravel/framework/src/Illuminate/Http/Middleware/ValidatePostSize.php(27): Illuminate/Pipeline/Pipeline->Illuminate/Pipeline/{closure}(Object(Illuminate/Http/Request))
#42 E:/EliteMark/base-api/vendor/laravel/framework/src/Illuminate/Pipeline/Pipeline.php(209): Illuminate/Http/Middleware/ValidatePostSize->handle(Object(Illuminate/Http/Request), Object(Closure))
#43 E:/EliteMark/base-api/vendor/laravel/framework/src/Illuminate/Foundation/Http/Middleware/PreventRequestsDuringMaintenance.php(110): Illuminate/Pipeline/Pipeline->Illuminate/Pipeline/{closure}(Object(Illuminate/Http/Request))
#44 E:/EliteMark/base-api/vendor/laravel/framework/src/Illuminate/Pipeline/Pipeline.php(209): Illuminate/Foundation/Http/Middleware/PreventRequestsDuringMaintenance->handle(Object(Illuminate/Http/Request), Object(Closure))
#45 E:/EliteMark/base-api/vendor/laravel/framework/src/Illuminate/Http/Middleware/HandleCors.php(62): Illuminate/Pipeline/Pipeline->Illuminate/Pipeline/{closure}(Object(Illuminate/Http/Request))
#46 E:/EliteMark/base-api/vendor/laravel/framework/src/Illuminate/Pipeline/Pipeline.php(209): Illuminate/Http/Middleware/HandleCors->handle(Object(Illuminate/Http/Request), Object(Closure))
#47 E:/EliteMark/base-api/vendor/laravel/framework/src/Illuminate/Http/Middleware/TrustProxies.php(58): Illuminate/Pipeline/Pipeline->Illuminate/Pipeline/{closure}(Object(Illuminate/Http/Request))
#48 E:/EliteMark/base-api/vendor/laravel/framework/src/Illuminate/Pipeline/Pipeline.php(209): Illuminate/Http/Middleware/TrustProxies->handle(Object(Illuminate/Http/Request), Object(Closure))
#49 E:/EliteMark/base-api/vendor/laravel/framework/src/Illuminate/Foundation/Http/Middleware/InvokeDeferredCallbacks.php(22): Illuminate/Pipeline/Pipeline->Illuminate/Pipeline/{closure}(Object(Illuminate/Http/Request))
#50 E:/EliteMark/base-api/vendor/laravel/framework/src/Illuminate/Pipeline/Pipeline.php(209): Illuminate/Foundation/Http/Middleware/InvokeDeferredCallbacks->handle(Object(Illuminate/Http/Request), Object(Closure))
#51 E:/EliteMark/base-api/vendor/laravel/framework/src/Illuminate/Pipeline/Pipeline.php(127): Illuminate/Pipeline/Pipeline->Illuminate/Pipeline/{closure}(Object(Illuminate/Http/Request))
#52 E:/EliteMark/base-api/vendor/laravel/framework/src/Illuminate/Foundation/Http/Kernel.php(176): Illuminate/Pipeline/Pipeline->then(Object(Closure))
#53 E:/EliteMark/base-api/vendor/laravel/framework/src/Illuminate/Foundation/Http/Kernel.php(145): Illuminate/Foundation/Http/Kernel->sendRequestThroughRouter(Object(Illuminate/Http/Request))
#54 E:/EliteMark/base-api/vendor/laravel/framework/src/Illuminate/Foundation/Application.php(1220): Illuminate/Foundation/Http/Kernel->handle(Object(Illuminate/Http/Request))
#55 E:/EliteMark/base-api/public/index.php(16): Illuminate/Foundation/Application->handleRequest(Object(Illuminate/Http/Request))
#56 E:/EliteMark/base-api/vendor/laravel/framework/src/Illuminate/Foundation/resources/server.php(23): require_once('E://EliteMark//ba...')
#57 {main}

[previous exception] [object] (PDOException(code: HY000): SQLSTATE[HY000]: General error: 1364 Field 'tokenable_type' doesn't have a default value at E:/EliteMark/base-api/vendor/laravel/framework/src/Illuminate/Database/MySqlConnection.php:53)
[stacktrace]
#0 E:/EliteMark/base-api/vendor/laravel/framework/src/Illuminate/Database/MySqlConnection.php(53): PDOStatement->execute()
#1 E:/EliteMark/base-api/vendor/laravel/framework/src/Illuminate/Database/Connection.php(812): Illuminate/Database/MySqlConnection->Illuminate/Database/{closure}('insert into `pe...', Array)
#2 E:/EliteMark/base-api/vendor/laravel/framework/src/Illuminate/Database/Connection.php(779): Illuminate/Database/Connection->runQueryCallback('insert into `pe...', Array, Object(Closure))
#3 E:/EliteMark/base-api/vendor/laravel/framework/src/Illuminate/Database/MySqlConnection.php(42): Illuminate/Database/Connection->run('insert into `pe...', Array, Object(Closure))
#4 E:/EliteMark/base-api/vendor/laravel/framework/src/Illuminate/Database/Query/Processors/MySqlProcessor.php(35): Illuminate/Database/MySqlConnection->insert('insert into `pe...', Array, 'id')
#5 E:/EliteMark/base-api/vendor/laravel/framework/src/Illuminate/Database/Query/Builder.php(3766): Illuminate/Database/Query/Processors/MySqlProcessor->processInsertGetId(Object(Illuminate/Database/Query/Builder), 'insert into `pe...', Array, 'id')
#6 E:/EliteMark/base-api/vendor/laravel/framework/src/Illuminate/Database/Eloquent/Builder.php(2120): Illuminate/Database/Query/Builder->insertGetId(Array, 'id')
#7 E:/EliteMark/base-api/vendor/laravel/framework/src/Illuminate/Database/Eloquent/Model.php(1359): Illuminate/Database/Eloquent/Builder->__call('insertGetId', Array)
#8 E:/EliteMark/base-api/vendor/laravel/framework/src/Illuminate/Database/Eloquent/Model.php(1324): Illuminate/Database/Eloquent/Model->insertAndSetId(Object(Illuminate/Database/Eloquent/Builder), Array)
#9 E:/EliteMark/base-api/vendor/laravel/framework/src/Illuminate/Database/Eloquent/Model.php(1163): Illuminate/Database/Eloquent/Model->performInsert(Object(Illuminate/Database/Eloquent/Builder))
#10 E:/EliteMark/base-api/vendor/laravel/framework/src/Illuminate/Database/Eloquent/Relations/HasOneOrMany.php(371): Illuminate/Database/Eloquent/Model->save()
#11 E:/EliteMark/base-api/vendor/laravel/framework/src/Illuminate/Support/helpers.php(399): Illuminate/Database/Eloquent/Relations/HasOneOrMany->Illuminate/Database/Eloquent/Relations/{closure}(Object(Laravel/Sanctum/PersonalAccessToken))
#12 E:/EliteMark/base-api/vendor/laravel/framework/src/Illuminate/Database/Eloquent/Relations/HasOneOrMany.php(368): tap(Object(Laravel/Sanctum/PersonalAccessToken), Object(Closure))
#13 E:/EliteMark/base-api/vendor/laravel/sanctum/src/HasApiTokens.php(64): Illuminate/Database/Eloquent/Relations/HasOneOrMany->create(Array)
#14 E:/EliteMark/base-api/app/Services/TokenService.php(16): App/Models/User->createToken('PostmanRuntime/...', Array, Object(Illuminate/Support/Carbon))
#15 E:/EliteMark/base-api/app/Services/AuthService.php(68): App/Services/TokenService->createToken(Object(App/Models/User), 'auth-token', 'PostmanRuntime/...')
#16 E:/EliteMark/base-api/app/Http/Controllers/Api/V1/Auth/AuthController.php(46): App/Services/AuthService->login(Array)
#17 E:/EliteMark/base-api/vendor/laravel/framework/src/Illuminate/Routing/ControllerDispatcher.php(47): App/Http/Controllers/Api/V1/Auth/AuthController->login(Object(App/Http/Requests/Auth/LoginRequest))
#18 E:/EliteMark/base-api/vendor/laravel/framework/src/Illuminate/Routing/Route.php(266): Illuminate/Routing/ControllerDispatcher->dispatch(Object(Illuminate/Routing/Route), Object(App/Http/Controllers/Api/V1/Auth/AuthController), 'login')
#19 E:/EliteMark/base-api/vendor/laravel/framework/src/Illuminate/Routing/Route.php(212): Illuminate/Routing/Route->runController()
#20 E:/EliteMark/base-api/vendor/laravel/framework/src/Illuminate/Routing/Router.php(808): Illuminate/Routing/Route->run()
#21 E:/EliteMark/base-api/vendor/laravel/framework/src/Illuminate/Pipeline/Pipeline.php(170): Illuminate/Routing/Router->Illuminate/Routing/{closure}(Object(Illuminate/Http/Request))
#22 E:/EliteMark/base-api/vendor/laravel/framework/src/Illuminate/Routing/Middleware/SubstituteBindings.php(51): Illuminate/Pipeline/Pipeline->Illuminate/Pipeline/{closure}(Object(Illuminate/Http/Request))
#23 E:/EliteMark/base-api/vendor/laravel/framework/src/Illuminate/Pipeline/Pipeline.php(209): Illuminate/Routing/Middleware/SubstituteBindings->handle(Object(Illuminate/Http/Request), Object(Closure))
#24 E:/EliteMark/base-api/vendor/laravel/framework/src/Illuminate/Routing/Middleware/ThrottleRequests.php(161): Illuminate/Pipeline/Pipeline->Illuminate/Pipeline/{closure}(Object(Illuminate/Http/Request))
#25 E:/EliteMark/base-api/vendor/laravel/framework/src/Illuminate/Routing/Middleware/ThrottleRequests.php(127): Illuminate/Routing/Middleware/ThrottleRequests->handleRequest(Object(Illuminate/Http/Request), Object(Closure), Array)
#26 E:/EliteMark/base-api/vendor/laravel/framework/src/Illuminate/Routing/Middleware/ThrottleRequests.php(89): Illuminate/Routing/Middleware/ThrottleRequests->handleRequestUsingNamedLimiter(Object(Illuminate/Http/Request), Object(Closure), 'login', Object(Closure))
#27 E:/EliteMark/base-api/vendor/laravel/framework/src/Illuminate/Pipeline/Pipeline.php(209): Illuminate/Routing/Middleware/ThrottleRequests->handle(Object(Illuminate/Http/Request), Object(Closure), 'login')
#28 E:/EliteMark/base-api/app/Http/Middleware/ForceJsonResponse.php(18): Illuminate/Pipeline/Pipeline->Illuminate/Pipeline/{closure}(Object(Illuminate/Http/Request))
#29 E:/EliteMark/base-api/vendor/laravel/framework/src/Illuminate/Pipeline/Pipeline.php(209): App/Http/Middleware/ForceJsonResponse->handle(Object(Illuminate/Http/Request), Object(Closure))
#30 E:/EliteMark/base-api/vendor/laravel/framework/src/Illuminate/Pipeline/Pipeline.php(127): Illuminate/Pipeline/Pipeline->Illuminate/Pipeline/{closure}(Object(Illuminate/Http/Request))
#31 E:/EliteMark/base-api/vendor/laravel/framework/src/Illuminate/Routing/Router.php(807): Illuminate/Pipeline/Pipeline->then(Object(Closure))
#32 E:/EliteMark/base-api/vendor/laravel/framework/src/Illuminate/Routing/Router.php(786): Illuminate/Routing/Router->runRouteWithinStack(Object(Illuminate/Routing/Route), Object(Illuminate/Http/Request))
#33 E:/EliteMark/base-api/vendor/laravel/framework/src/Illuminate/Routing/Router.php(750): Illuminate/Routing/Router->runRoute(Object(Illuminate/Http/Request), Object(Illuminate/Routing/Route))
#34 E:/EliteMark/base-api/vendor/laravel/framework/src/Illuminate/Routing/Router.php(739): Illuminate/Routing/Router->dispatchToRoute(Object(Illuminate/Http/Request))
#35 E:/EliteMark/base-api/vendor/laravel/framework/src/Illuminate/Foundation/Http/Kernel.php(201): Illuminate/Routing/Router->dispatch(Object(Illuminate/Http/Request))
#36 E:/EliteMark/base-api/vendor/laravel/framework/src/Illuminate/Pipeline/Pipeline.php(170): Illuminate/Foundation/Http/Kernel->Illuminate/Foundation/Http/{closure}(Object(Illuminate/Http/Request))
#37 E:/EliteMark/base-api/vendor/laravel/framework/src/Illuminate/Foundation/Http/Middleware/TransformsRequest.php(21): Illuminate/Pipeline/Pipeline->Illuminate/Pipeline/{closure}(Object(Illuminate/Http/Request))
#38 E:/EliteMark/base-api/vendor/laravel/framework/src/Illuminate/Foundation/Http/Middleware/ConvertEmptyStringsToNull.php(31): Illuminate/Foundation/Http/Middleware/TransformsRequest->handle(Object(Illuminate/Http/Request), Object(Closure))
#39 E:/EliteMark/base-api/vendor/laravel/framework/src/Illuminate/Pipeline/Pipeline.php(209): Illuminate/Foundation/Http/Middleware/ConvertEmptyStringsToNull->handle(Object(Illuminate/Http/Request), Object(Closure))
#40 E:/EliteMark/base-api/vendor/laravel/framework/src/Illuminate/Foundation/Http/Middleware/TransformsRequest.php(21): Illuminate/Pipeline/Pipeline->Illuminate/Pipeline/{closure}(Object(Illuminate/Http/Request))
#41 E:/EliteMark/base-api/vendor/laravel/framework/src/Illuminate/Foundation/Http/Middleware/TrimStrings.php(51): Illuminate/Foundation/Http/Middleware/TransformsRequest->handle(Object(Illuminate/Http/Request), Object(Closure))
#42 E:/EliteMark/base-api/vendor/laravel/framework/src/Illuminate/Pipeline/Pipeline.php(209): Illuminate/Foundation/Http/Middleware/TrimStrings->handle(Object(Illuminate/Http/Request), Object(Closure))
#43 E:/EliteMark/base-api/vendor/laravel/framework/src/Illuminate/Http/Middleware/ValidatePostSize.php(27): Illuminate/Pipeline/Pipeline->Illuminate/Pipeline/{closure}(Object(Illuminate/Http/Request))
#44 E:/EliteMark/base-api/vendor/laravel/framework/src/Illuminate/Pipeline/Pipeline.php(209): Illuminate/Http/Middleware/ValidatePostSize->handle(Object(Illuminate/Http/Request), Object(Closure))
#45 E:/EliteMark/base-api/vendor/laravel/framework/src/Illuminate/Foundation/Http/Middleware/PreventRequestsDuringMaintenance.php(110): Illuminate/Pipeline/Pipeline->Illuminate/Pipeline/{closure}(Object(Illuminate/Http/Request))
#46 E:/EliteMark/base-api/vendor/laravel/framework/src/Illuminate/Pipeline/Pipeline.php(209): Illuminate/Foundation/Http/Middleware/PreventRequestsDuringMaintenance->handle(Object(Illuminate/Http/Request), Object(Closure))
#47 E:/EliteMark/base-api/vendor/laravel/framework/src/Illuminate/Http/Middleware/HandleCors.php(62): Illuminate/Pipeline/Pipeline->Illuminate/Pipeline/{closure}(Object(Illuminate/Http/Request))
#48 E:/EliteMark/base-api/vendor/laravel/framework/src/Illuminate/Pipeline/Pipeline.php(209): Illuminate/Http/Middleware/HandleCors->handle(Object(Illuminate/Http/Request), Object(Closure))
#49 E:/EliteMark/base-api/vendor/laravel/framework/src/Illuminate/Http/Middleware/TrustProxies.php(58): Illuminate/Pipeline/Pipeline->Illuminate/Pipeline/{closure}(Object(Illuminate/Http/Request))
#50 E:/EliteMark/base-api/vendor/laravel/framework/src/Illuminate/Pipeline/Pipeline.php(209): Illuminate/Http/Middleware/TrustProxies->handle(Object(Illuminate/Http/Request), Object(Closure))
#51 E:/EliteMark/base-api/vendor/laravel/framework/src/Illuminate/Foundation/Http/Middleware/InvokeDeferredCallbacks.php(22): Illuminate/Pipeline/Pipeline->Illuminate/Pipeline/{closure}(Object(Illuminate/Http/Request))
#52 E:/EliteMark/base-api/vendor/laravel/framework/src/Illuminate/Pipeline/Pipeline.php(209): Illuminate/Foundation/Http/Middleware/InvokeDeferredCallbacks->handle(Object(Illuminate/Http/Request), Object(Closure))
#53 E:/EliteMark/base-api/vendor/laravel/framework/src/Illuminate/Pipeline/Pipeline.php(127): Illuminate/Pipeline/Pipeline->Illuminate/Pipeline/{closure}(Object(Illuminate/Http/Request))
#54 E:/EliteMark/base-api/vendor/laravel/framework/src/Illuminate/Foundation/Http/Kernel.php(176): Illuminate/Pipeline/Pipeline->then(Object(Closure))
#55 E:/EliteMark/base-api/vendor/laravel/framework/src/Illuminate/Foundation/Http/Kernel.php(145): Illuminate/Foundation/Http/Kernel->sendRequestThroughRouter(Object(Illuminate/Http/Request))
#56 E:/EliteMark/base-api/vendor/laravel/framework/src/Illuminate/Foundation/Application.php(1220): Illuminate/Foundation/Http/Kernel->handle(Object(Illuminate/Http/Request))
#57 E:/EliteMark/base-api/public/index.php(16): Illuminate/Foundation/Application->handleRequest(Object(Illuminate/Http/Request))
#58 E:/EliteMark/base-api/vendor/laravel/framework/src/Illuminate/Foundation/resources/server.php(23): require_once('E://EliteMark//ba...')
#59 {main}
"} 
[2026-04-20 01:50:40] local.ERROR: SQLSTATE[HY000]: General error: 1364 Field 'tokenable_type' doesn't have a default value (Connection: mysql, SQL: insert into `personal_access_tokens` (`name`, `token`, `abilities`, `expires_at`, `tokenable_id`, `updated_at`, `created_at`) values (PostmanRuntime/7.37.3, ee957173e049f678bce2e046e30875a2baf7825db159a6058f9a8eb718d699fc, ["*"], 2026-04-27 01:50:40, 2, 2026-04-20 01:50:40, 2026-04-20 01:50:40)) {"exception":"[object] (Illuminate\\Database\\QueryException(code: HY000): SQLSTATE[HY000]: General error: 1364 Field 'tokenable_type' doesn't have a default value (Connection: mysql, SQL: insert into `personal_access_tokens` (`name`, `token`, `abilities`, `expires_at`, `tokenable_id`, `updated_at`, `created_at`) values (PostmanRuntime/7.37.3, ee957173e049f678bce2e046e30875a2baf7825db159a6058f9a8eb718d699fc, [\"*\"], 2026-04-27 01:50:40, 2, 2026-04-20 01:50:40, 2026-04-20 01:50:40)) at E:/EliteMark/base-api/vendor/laravel/framework/src/Illuminate/Database/Connection.php:825)
[stacktrace]
#0 E:/EliteMark/base-api/vendor/laravel/framework/src/Illuminate/Database/Connection.php(779): Illuminate/Database/Connection->runQueryCallback('insert into `pe...', Array, Object(Closure))
#1 E:/EliteMark/base-api/vendor/laravel/framework/src/Illuminate/Database/MySqlConnection.php(42): Illuminate/Database/Connection->run('insert into `pe...', Array, Object(Closure))
#2 E:/EliteMark/base-api/vendor/laravel/framework/src/Illuminate/Database/Query/Processors/MySqlProcessor.php(35): Illuminate/Database/MySqlConnection->insert('insert into `pe...', Array, 'id')
#3 E:/EliteMark/base-api/vendor/laravel/framework/src/Illuminate/Database/Query/Builder.php(3766): Illuminate/Database/Query/Processors/MySqlProcessor->processInsertGetId(Object(Illuminate/Database/Query/Builder), 'insert into `pe...', Array, 'id')
#4 E:/EliteMark/base-api/vendor/laravel/framework/src/Illuminate/Database/Eloquent/Builder.php(2120): Illuminate/Database/Query/Builder->insertGetId(Array, 'id')
#5 E:/EliteMark/base-api/vendor/laravel/framework/src/Illuminate/Database/Eloquent/Model.php(1359): Illuminate/Database/Eloquent/Builder->__call('insertGetId', Array)
#6 E:/EliteMark/base-api/vendor/laravel/framework/src/Illuminate/Database/Eloquent/Model.php(1324): Illuminate/Database/Eloquent/Model->insertAndSetId(Object(Illuminate/Database/Eloquent/Builder), Array)
#7 E:/EliteMark/base-api/vendor/laravel/framework/src/Illuminate/Database/Eloquent/Model.php(1163): Illuminate/Database/Eloquent/Model->performInsert(Object(Illuminate/Database/Eloquent/Builder))
#8 E:/EliteMark/base-api/vendor/laravel/framework/src/Illuminate/Database/Eloquent/Relations/HasOneOrMany.php(371): Illuminate/Database/Eloquent/Model->save()
#9 E:/EliteMark/base-api/vendor/laravel/framework/src/Illuminate/Support/helpers.php(399): Illuminate/Database/Eloquent/Relations/HasOneOrMany->Illuminate/Database/Eloquent/Relations/{closure}(Object(Laravel/Sanctum/PersonalAccessToken))
#10 E:/EliteMark/base-api/vendor/laravel/framework/src/Illuminate/Database/Eloquent/Relations/HasOneOrMany.php(368): tap(Object(Laravel/Sanctum/PersonalAccessToken), Object(Closure))
#11 E:/EliteMark/base-api/vendor/laravel/sanctum/src/HasApiTokens.php(64): Illuminate/Database/Eloquent/Relations/HasOneOrMany->create(Array)
#12 E:/EliteMark/base-api/app/Services/TokenService.php(16): App/Models/User->createToken('PostmanRuntime/...', Array, Object(Illuminate/Support/Carbon))
#13 E:/EliteMark/base-api/app/Services/AuthService.php(68): App/Services/TokenService->createToken(Object(App/Models/User), 'auth-token', 'PostmanRuntime/...')
#14 E:/EliteMark/base-api/app/Http/Controllers/Api/V1/Auth/AuthController.php(46): App/Services/AuthService->login(Array)
#15 E:/EliteMark/base-api/vendor/laravel/framework/src/Illuminate/Routing/ControllerDispatcher.php(47): App/Http/Controllers/Api/V1/Auth/AuthController->login(Object(App/Http/Requests/Auth/LoginRequest))
#16 E:/EliteMark/base-api/vendor/laravel/framework/src/Illuminate/Routing/Route.php(266): Illuminate/Routing/ControllerDispatcher->dispatch(Object(Illuminate/Routing/Route), Object(App/Http/Controllers/Api/V1/Auth/AuthController), 'login')
#17 E:/EliteMark/base-api/vendor/laravel/framework/src/Illuminate/Routing/Route.php(212): Illuminate/Routing/Route->runController()
#18 E:/EliteMark/base-api/vendor/laravel/framework/src/Illuminate/Routing/Router.php(808): Illuminate/Routing/Route->run()
#19 E:/EliteMark/base-api/vendor/laravel/framework/src/Illuminate/Pipeline/Pipeline.php(170): Illuminate/Routing/Router->Illuminate/Routing/{closure}(Object(Illuminate/Http/Request))
#20 E:/EliteMark/base-api/vendor/laravel/framework/src/Illuminate/Routing/Middleware/SubstituteBindings.php(51): Illuminate/Pipeline/Pipeline->Illuminate/Pipeline/{closure}(Object(Illuminate/Http/Request))
#21 E:/EliteMark/base-api/vendor/laravel/framework/src/Illuminate/Pipeline/Pipeline.php(209): Illuminate/Routing/Middleware/SubstituteBindings->handle(Object(Illuminate/Http/Request), Object(Closure))
#22 E:/EliteMark/base-api/vendor/laravel/framework/src/Illuminate/Routing/Middleware/ThrottleRequests.php(161): Illuminate/Pipeline/Pipeline->Illuminate/Pipeline/{closure}(Object(Illuminate/Http/Request))
#23 E:/EliteMark/base-api/vendor/laravel/framework/src/Illuminate/Routing/Middleware/ThrottleRequests.php(127): Illuminate/Routing/Middleware/ThrottleRequests->handleRequest(Object(Illuminate/Http/Request), Object(Closure), Array)
#24 E:/EliteMark/base-api/vendor/laravel/framework/src/Illuminate/Routing/Middleware/ThrottleRequests.php(89): Illuminate/Routing/Middleware/ThrottleRequests->handleRequestUsingNamedLimiter(Object(Illuminate/Http/Request), Object(Closure), 'login', Object(Closure))
#25 E:/EliteMark/base-api/vendor/laravel/framework/src/Illuminate/Pipeline/Pipeline.php(209): Illuminate/Routing/Middleware/ThrottleRequests->handle(Object(Illuminate/Http/Request), Object(Closure), 'login')
#26 E:/EliteMark/base-api/app/Http/Middleware/ForceJsonResponse.php(18): Illuminate/Pipeline/Pipeline->Illuminate/Pipeline/{closure}(Object(Illuminate/Http/Request))
#27 E:/EliteMark/base-api/vendor/laravel/framework/src/Illuminate/Pipeline/Pipeline.php(209): App/Http/Middleware/ForceJsonResponse->handle(Object(Illuminate/Http/Request), Object(Closure))
#28 E:/EliteMark/base-api/vendor/laravel/framework/src/Illuminate/Pipeline/Pipeline.php(127): Illuminate/Pipeline/Pipeline->Illuminate/Pipeline/{closure}(Object(Illuminate/Http/Request))
#29 E:/EliteMark/base-api/vendor/laravel/framework/src/Illuminate/Routing/Router.php(807): Illuminate/Pipeline/Pipeline->then(Object(Closure))
#30 E:/EliteMark/base-api/vendor/laravel/framework/src/Illuminate/Routing/Router.php(786): Illuminate/Routing/Router->runRouteWithinStack(Object(Illuminate/Routing/Route), Object(Illuminate/Http/Request))
#31 E:/EliteMark/base-api/vendor/laravel/framework/src/Illuminate/Routing/Router.php(750): Illuminate/Routing/Router->runRoute(Object(Illuminate/Http/Request), Object(Illuminate/Routing/Route))
#32 E:/EliteMark/base-api/vendor/laravel/framework/src/Illuminate/Routing/Router.php(739): Illuminate/Routing/Router->dispatchToRoute(Object(Illuminate/Http/Request))
#33 E:/EliteMark/base-api/vendor/laravel/framework/src/Illuminate/Foundation/Http/Kernel.php(201): Illuminate/Routing/Router->dispatch(Object(Illuminate/Http/Request))
#34 E:/EliteMark/base-api/vendor/laravel/framework/src/Illuminate/Pipeline/Pipeline.php(170): Illuminate/Foundation/Http/Kernel->Illuminate/Foundation/Http/{closure}(Object(Illuminate/Http/Request))
#35 E:/EliteMark/base-api/vendor/laravel/framework/src/Illuminate/Foundation/Http/Middleware/TransformsRequest.php(21): Illuminate/Pipeline/Pipeline->Illuminate/Pipeline/{closure}(Object(Illuminate/Http/Request))
#36 E:/EliteMark/base-api/vendor/laravel/framework/src/Illuminate/Foundation/Http/Middleware/ConvertEmptyStringsToNull.php(31): Illuminate/Foundation/Http/Middleware/TransformsRequest->handle(Object(Illuminate/Http/Request), Object(Closure))
#37 E:/EliteMark/base-api/vendor/laravel/framework/src/Illuminate/Pipeline/Pipeline.php(209): Illuminate/Foundation/Http/Middleware/ConvertEmptyStringsToNull->handle(Object(Illuminate/Http/Request), Object(Closure))
#38 E:/EliteMark/base-api/vendor/laravel/framework/src/Illuminate/Foundation/Http/Middleware/TransformsRequest.php(21): Illuminate/Pipeline/Pipeline->Illuminate/Pipeline/{closure}(Object(Illuminate/Http/Request))
#39 E:/EliteMark/base-api/vendor/laravel/framework/src/Illuminate/Foundation/Http/Middleware/TrimStrings.php(51): Illuminate/Foundation/Http/Middleware/TransformsRequest->handle(Object(Illuminate/Http/Request), Object(Closure))
#40 E:/EliteMark/base-api/vendor/laravel/framework/src/Illuminate/Pipeline/Pipeline.php(209): Illuminate/Foundation/Http/Middleware/TrimStrings->handle(Object(Illuminate/Http/Request), Object(Closure))
#41 E:/EliteMark/base-api/vendor/laravel/framework/src/Illuminate/Http/Middleware/ValidatePostSize.php(27): Illuminate/Pipeline/Pipeline->Illuminate/Pipeline/{closure}(Object(Illuminate/Http/Request))
#42 E:/EliteMark/base-api/vendor/laravel/framework/src/Illuminate/Pipeline/Pipeline.php(209): Illuminate/Http/Middleware/ValidatePostSize->handle(Object(Illuminate/Http/Request), Object(Closure))
#43 E:/EliteMark/base-api/vendor/laravel/framework/src/Illuminate/Foundation/Http/Middleware/PreventRequestsDuringMaintenance.php(110): Illuminate/Pipeline/Pipeline->Illuminate/Pipeline/{closure}(Object(Illuminate/Http/Request))
#44 E:/EliteMark/base-api/vendor/laravel/framework/src/Illuminate/Pipeline/Pipeline.php(209): Illuminate/Foundation/Http/Middleware/PreventRequestsDuringMaintenance->handle(Object(Illuminate/Http/Request), Object(Closure))
#45 E:/EliteMark/base-api/vendor/laravel/framework/src/Illuminate/Http/Middleware/HandleCors.php(62): Illuminate/Pipeline/Pipeline->Illuminate/Pipeline/{closure}(Object(Illuminate/Http/Request))
#46 E:/EliteMark/base-api/vendor/laravel/framework/src/Illuminate/Pipeline/Pipeline.php(209): Illuminate/Http/Middleware/HandleCors->handle(Object(Illuminate/Http/Request), Object(Closure))
#47 E:/EliteMark/base-api/vendor/laravel/framework/src/Illuminate/Http/Middleware/TrustProxies.php(58): Illuminate/Pipeline/Pipeline->Illuminate/Pipeline/{closure}(Object(Illuminate/Http/Request))
#48 E:/EliteMark/base-api/vendor/laravel/framework/src/Illuminate/Pipeline/Pipeline.php(209): Illuminate/Http/Middleware/TrustProxies->handle(Object(Illuminate/Http/Request), Object(Closure))
#49 E:/EliteMark/base-api/vendor/laravel/framework/src/Illuminate/Foundation/Http/Middleware/InvokeDeferredCallbacks.php(22): Illuminate/Pipeline/Pipeline->Illuminate/Pipeline/{closure}(Object(Illuminate/Http/Request))
#50 E:/EliteMark/base-api/vendor/laravel/framework/src/Illuminate/Pipeline/Pipeline.php(209): Illuminate/Foundation/Http/Middleware/InvokeDeferredCallbacks->handle(Object(Illuminate/Http/Request), Object(Closure))
#51 E:/EliteMark/base-api/vendor/laravel/framework/src/Illuminate/Pipeline/Pipeline.php(127): Illuminate/Pipeline/Pipeline->Illuminate/Pipeline/{closure}(Object(Illuminate/Http/Request))
#52 E:/EliteMark/base-api/vendor/laravel/framework/src/Illuminate/Foundation/Http/Kernel.php(176): Illuminate/Pipeline/Pipeline->then(Object(Closure))
#53 E:/EliteMark/base-api/vendor/laravel/framework/src/Illuminate/Foundation/Http/Kernel.php(145): Illuminate/Foundation/Http/Kernel->sendRequestThroughRouter(Object(Illuminate/Http/Request))
#54 E:/EliteMark/base-api/vendor/laravel/framework/src/Illuminate/Foundation/Application.php(1220): Illuminate/Foundation/Http/Kernel->handle(Object(Illuminate/Http/Request))
#55 E:/EliteMark/base-api/public/index.php(16): Illuminate/Foundation/Application->handleRequest(Object(Illuminate/Http/Request))
#56 E:/EliteMark/base-api/vendor/laravel/framework/src/Illuminate/Foundation/resources/server.php(23): require_once('E://EliteMark//ba...')
#57 {main}

[previous exception] [object] (PDOException(code: HY000): SQLSTATE[HY000]: General error: 1364 Field 'tokenable_type' doesn't have a default value at E:/EliteMark/base-api/vendor/laravel/framework/src/Illuminate/Database/MySqlConnection.php:53)
[stacktrace]
#0 E:/EliteMark/base-api/vendor/laravel/framework/src/Illuminate/Database/MySqlConnection.php(53): PDOStatement->execute()
#1 E:/EliteMark/base-api/vendor/laravel/framework/src/Illuminate/Database/Connection.php(812): Illuminate/Database/MySqlConnection->Illuminate/Database/{closure}('insert into `pe...', Array)
#2 E:/EliteMark/base-api/vendor/laravel/framework/src/Illuminate/Database/Connection.php(779): Illuminate/Database/Connection->runQueryCallback('insert into `pe...', Array, Object(Closure))
#3 E:/EliteMark/base-api/vendor/laravel/framework/src/Illuminate/Database/MySqlConnection.php(42): Illuminate/Database/Connection->run('insert into `pe...', Array, Object(Closure))
#4 E:/EliteMark/base-api/vendor/laravel/framework/src/Illuminate/Database/Query/Processors/MySqlProcessor.php(35): Illuminate/Database/MySqlConnection->insert('insert into `pe...', Array, 'id')
#5 E:/EliteMark/base-api/vendor/laravel/framework/src/Illuminate/Database/Query/Builder.php(3766): Illuminate/Database/Query/Processors/MySqlProcessor->processInsertGetId(Object(Illuminate/Database/Query/Builder), 'insert into `pe...', Array, 'id')
#6 E:/EliteMark/base-api/vendor/laravel/framework/src/Illuminate/Database/Eloquent/Builder.php(2120): Illuminate/Database/Query/Builder->insertGetId(Array, 'id')
#7 E:/EliteMark/base-api/vendor/laravel/framework/src/Illuminate/Database/Eloquent/Model.php(1359): Illuminate/Database/Eloquent/Builder->__call('insertGetId', Array)
#8 E:/EliteMark/base-api/vendor/laravel/framework/src/Illuminate/Database/Eloquent/Model.php(1324): Illuminate/Database/Eloquent/Model->insertAndSetId(Object(Illuminate/Database/Eloquent/Builder), Array)
#9 E:/EliteMark/base-api/vendor/laravel/framework/src/Illuminate/Database/Eloquent/Model.php(1163): Illuminate/Database/Eloquent/Model->performInsert(Object(Illuminate/Database/Eloquent/Builder))
#10 E:/EliteMark/base-api/vendor/laravel/framework/src/Illuminate/Database/Eloquent/Relations/HasOneOrMany.php(371): Illuminate/Database/Eloquent/Model->save()
#11 E:/EliteMark/base-api/vendor/laravel/framework/src/Illuminate/Support/helpers.php(399): Illuminate/Database/Eloquent/Relations/HasOneOrMany->Illuminate/Database/Eloquent/Relations/{closure}(Object(Laravel/Sanctum/PersonalAccessToken))
#12 E:/EliteMark/base-api/vendor/laravel/framework/src/Illuminate/Database/Eloquent/Relations/HasOneOrMany.php(368): tap(Object(Laravel/Sanctum/PersonalAccessToken), Object(Closure))
#13 E:/EliteMark/base-api/vendor/laravel/sanctum/src/HasApiTokens.php(64): Illuminate/Database/Eloquent/Relations/HasOneOrMany->create(Array)
#14 E:/EliteMark/base-api/app/Services/TokenService.php(16): App/Models/User->createToken('PostmanRuntime/...', Array, Object(Illuminate/Support/Carbon))
#15 E:/EliteMark/base-api/app/Services/AuthService.php(68): App/Services/TokenService->createToken(Object(App/Models/User), 'auth-token', 'PostmanRuntime/...')
#16 E:/EliteMark/base-api/app/Http/Controllers/Api/V1/Auth/AuthController.php(46): App/Services/AuthService->login(Array)
#17 E:/EliteMark/base-api/vendor/laravel/framework/src/Illuminate/Routing/ControllerDispatcher.php(47): App/Http/Controllers/Api/V1/Auth/AuthController->login(Object(App/Http/Requests/Auth/LoginRequest))
#18 E:/EliteMark/base-api/vendor/laravel/framework/src/Illuminate/Routing/Route.php(266): Illuminate/Routing/ControllerDispatcher->dispatch(Object(Illuminate/Routing/Route), Object(App/Http/Controllers/Api/V1/Auth/AuthController), 'login')
#19 E:/EliteMark/base-api/vendor/laravel/framework/src/Illuminate/Routing/Route.php(212): Illuminate/Routing/Route->runController()
#20 E:/EliteMark/base-api/vendor/laravel/framework/src/Illuminate/Routing/Router.php(808): Illuminate/Routing/Route->run()
#21 E:/EliteMark/base-api/vendor/laravel/framework/src/Illuminate/Pipeline/Pipeline.php(170): Illuminate/Routing/Router->Illuminate/Routing/{closure}(Object(Illuminate/Http/Request))
#22 E:/EliteMark/base-api/vendor/laravel/framework/src/Illuminate/Routing/Middleware/SubstituteBindings.php(51): Illuminate/Pipeline/Pipeline->Illuminate/Pipeline/{closure}(Object(Illuminate/Http/Request))
#23 E:/EliteMark/base-api/vendor/laravel/framework/src/Illuminate/Pipeline/Pipeline.php(209): Illuminate/Routing/Middleware/SubstituteBindings->handle(Object(Illuminate/Http/Request), Object(Closure))
#24 E:/EliteMark/base-api/vendor/laravel/framework/src/Illuminate/Routing/Middleware/ThrottleRequests.php(161): Illuminate/Pipeline/Pipeline->Illuminate/Pipeline/{closure}(Object(Illuminate/Http/Request))
#25 E:/EliteMark/base-api/vendor/laravel/framework/src/Illuminate/Routing/Middleware/ThrottleRequests.php(127): Illuminate/Routing/Middleware/ThrottleRequests->handleRequest(Object(Illuminate/Http/Request), Object(Closure), Array)
#26 E:/EliteMark/base-api/vendor/laravel/framework/src/Illuminate/Routing/Middleware/ThrottleRequests.php(89): Illuminate/Routing/Middleware/ThrottleRequests->handleRequestUsingNamedLimiter(Object(Illuminate/Http/Request), Object(Closure), 'login', Object(Closure))
#27 E:/EliteMark/base-api/vendor/laravel/framework/src/Illuminate/Pipeline/Pipeline.php(209): Illuminate/Routing/Middleware/ThrottleRequests->handle(Object(Illuminate/Http/Request), Object(Closure), 'login')
#28 E:/EliteMark/base-api/app/Http/Middleware/ForceJsonResponse.php(18): Illuminate/Pipeline/Pipeline->Illuminate/Pipeline/{closure}(Object(Illuminate/Http/Request))
#29 E:/EliteMark/base-api/vendor/laravel/framework/src/Illuminate/Pipeline/Pipeline.php(209): App/Http/Middleware/ForceJsonResponse->handle(Object(Illuminate/Http/Request), Object(Closure))
#30 E:/EliteMark/base-api/vendor/laravel/framework/src/Illuminate/Pipeline/Pipeline.php(127): Illuminate/Pipeline/Pipeline->Illuminate/Pipeline/{closure}(Object(Illuminate/Http/Request))
#31 E:/EliteMark/base-api/vendor/laravel/framework/src/Illuminate/Routing/Router.php(807): Illuminate/Pipeline/Pipeline->then(Object(Closure))
#32 E:/EliteMark/base-api/vendor/laravel/framework/src/Illuminate/Routing/Router.php(786): Illuminate/Routing/Router->runRouteWithinStack(Object(Illuminate/Routing/Route), Object(Illuminate/Http/Request))
#33 E:/EliteMark/base-api/vendor/laravel/framework/src/Illuminate/Routing/Router.php(750): Illuminate/Routing/Router->runRoute(Object(Illuminate/Http/Request), Object(Illuminate/Routing/Route))
#34 E:/EliteMark/base-api/vendor/laravel/framework/src/Illuminate/Routing/Router.php(739): Illuminate/Routing/Router->dispatchToRoute(Object(Illuminate/Http/Request))
#35 E:/EliteMark/base-api/vendor/laravel/framework/src/Illuminate/Foundation/Http/Kernel.php(201): Illuminate/Routing/Router->dispatch(Object(Illuminate/Http/Request))
#36 E:/EliteMark/base-api/vendor/laravel/framework/src/Illuminate/Pipeline/Pipeline.php(170): Illuminate/Foundation/Http/Kernel->Illuminate/Foundation/Http/{closure}(Object(Illuminate/Http/Request))
#37 E:/EliteMark/base-api/vendor/laravel/framework/src/Illuminate/Foundation/Http/Middleware/TransformsRequest.php(21): Illuminate/Pipeline/Pipeline->Illuminate/Pipeline/{closure}(Object(Illuminate/Http/Request))
#38 E:/EliteMark/base-api/vendor/laravel/framework/src/Illuminate/Foundation/Http/Middleware/ConvertEmptyStringsToNull.php(31): Illuminate/Foundation/Http/Middleware/TransformsRequest->handle(Object(Illuminate/Http/Request), Object(Closure))
#39 E:/EliteMark/base-api/vendor/laravel/framework/src/Illuminate/Pipeline/Pipeline.php(209): Illuminate/Foundation/Http/Middleware/ConvertEmptyStringsToNull->handle(Object(Illuminate/Http/Request), Object(Closure))
#40 E:/EliteMark/base-api/vendor/laravel/framework/src/Illuminate/Foundation/Http/Middleware/TransformsRequest.php(21): Illuminate/Pipeline/Pipeline->Illuminate/Pipeline/{closure}(Object(Illuminate/Http/Request))
#41 E:/EliteMark/base-api/vendor/laravel/framework/src/Illuminate/Foundation/Http/Middleware/TrimStrings.php(51): Illuminate/Foundation/Http/Middleware/TransformsRequest->handle(Object(Illuminate/Http/Request), Object(Closure))
#42 E:/EliteMark/base-api/vendor/laravel/framework/src/Illuminate/Pipeline/Pipeline.php(209): Illuminate/Foundation/Http/Middleware/TrimStrings->handle(Object(Illuminate/Http/Request), Object(Closure))
#43 E:/EliteMark/base-api/vendor/laravel/framework/src/Illuminate/Http/Middleware/ValidatePostSize.php(27): Illuminate/Pipeline/Pipeline->Illuminate/Pipeline/{closure}(Object(Illuminate/Http/Request))
#44 E:/EliteMark/base-api/vendor/laravel/framework/src/Illuminate/Pipeline/Pipeline.php(209): Illuminate/Http/Middleware/ValidatePostSize->handle(Object(Illuminate/Http/Request), Object(Closure))
#45 E:/EliteMark/base-api/vendor/laravel/framework/src/Illuminate/Foundation/Http/Middleware/PreventRequestsDuringMaintenance.php(110): Illuminate/Pipeline/Pipeline->Illuminate/Pipeline/{closure}(Object(Illuminate/Http/Request))
#46 E:/EliteMark/base-api/vendor/laravel/framework/src/Illuminate/Pipeline/Pipeline.php(209): Illuminate/Foundation/Http/Middleware/PreventRequestsDuringMaintenance->handle(Object(Illuminate/Http/Request), Object(Closure))
#47 E:/EliteMark/base-api/vendor/laravel/framework/src/Illuminate/Http/Middleware/HandleCors.php(62): Illuminate/Pipeline/Pipeline->Illuminate/Pipeline/{closure}(Object(Illuminate/Http/Request))
#48 E:/EliteMark/base-api/vendor/laravel/framework/src/Illuminate/Pipeline/Pipeline.php(209): Illuminate/Http/Middleware/HandleCors->handle(Object(Illuminate/Http/Request), Object(Closure))
#49 E:/EliteMark/base-api/vendor/laravel/framework/src/Illuminate/Http/Middleware/TrustProxies.php(58): Illuminate/Pipeline/Pipeline->Illuminate/Pipeline/{closure}(Object(Illuminate/Http/Request))
#50 E:/EliteMark/base-api/vendor/laravel/framework/src/Illuminate/Pipeline/Pipeline.php(209): Illuminate/Http/Middleware/TrustProxies->handle(Object(Illuminate/Http/Request), Object(Closure))
#51 E:/EliteMark/base-api/vendor/laravel/framework/src/Illuminate/Foundation/Http/Middleware/InvokeDeferredCallbacks.php(22): Illuminate/Pipeline/Pipeline->Illuminate/Pipeline/{closure}(Object(Illuminate/Http/Request))
#52 E:/EliteMark/base-api/vendor/laravel/framework/src/Illuminate/Pipeline/Pipeline.php(209): Illuminate/Foundation/Http/Middleware/InvokeDeferredCallbacks->handle(Object(Illuminate/Http/Request), Object(Closure))
#53 E:/EliteMark/base-api/vendor/laravel/framework/src/Illuminate/Pipeline/Pipeline.php(127): Illuminate/Pipeline/Pipeline->Illuminate/Pipeline/{closure}(Object(Illuminate/Http/Request))
#54 E:/EliteMark/base-api/vendor/laravel/framework/src/Illuminate/Foundation/Http/Kernel.php(176): Illuminate/Pipeline/Pipeline->then(Object(Closure))
#55 E:/EliteMark/base-api/vendor/laravel/framework/src/Illuminate/Foundation/Http/Kernel.php(145): Illuminate/Foundation/Http/Kernel->sendRequestThroughRouter(Object(Illuminate/Http/Request))
#56 E:/EliteMark/base-api/vendor/laravel/framework/src/Illuminate/Foundation/Application.php(1220): Illuminate/Foundation/Http/Kernel->handle(Object(Illuminate/Http/Request))
#57 E:/EliteMark/base-api/public/index.php(16): Illuminate/Foundation/Application->handleRequest(Object(Illuminate/Http/Request))
#58 E:/EliteMark/base-api/vendor/laravel/framework/src/Illuminate/Foundation/resources/server.php(23): require_once('E://EliteMark//ba...')
#59 {main}
"} 
